Crop,Soil_Type,Nitrogen,Phosphorus,Potassium,Fertilizer,NPK_Ratio,Reason,Application
Wheat,Sandy,71,71,38,Ammonium Sulphate,21-0-0,Nitrogen is moderately low. Ammonium Sulphate provides N + sulphur — ideal for alkaline/sulphur-deficient soils.,Apply 100–150 kg/ha in two splits: at planting and 30–40 DAS.
Wheat,Sandy,99,21,14,NPK 10-26-26,10-26-26,Phosphorus and potassium are deficient; nitrogen is adequate. NPK 10-26-26 corrects P & K without excess N.,Apply 120–150 kg/ha as basal dose before planting. Ideal for fruiting crops.
Wheat,Sandy,31,66,33,Urea,46-0-0,Nitrogen is severely deficient. Urea (46% N) rapidly restores soil nitrogen for vegetative growth.,Apply 100–120 kg/ha split: 50% at sowing + 50% at 30 DAS. Incorporate into moist soil.
Wheat,Sandy,113,13,48,SSP (Single Super Phosphate),0-16-0,Severe phosphorus deficiency. SSP provides P with calcium and sulphur — ideal for legumes and oilseeds.,Apply 200–250 kg/ha as basal dose incorporated into soil before sowing.
Wheat,Sandy,128,25,15,NPK 10-26-26,10-26-26,Phosphorus and potassium are deficient; nitrogen is adequate. NPK 10-26-26 corrects P & K without excess N.,Apply 120–150 kg/ha as basal dose before planting. Ideal for fruiting crops.
Wheat,Sandy,47,31,30,NPK 20-20-0,20-20-0,Nitrogen and phosphorus are deficient; potassium is adequate. NPK 20-20-0 targets N & P without excess K.,Apply 120–150 kg/ha at sowing. Supplement with 30 kg/ha urea at tillering stage.
Wheat,Sandy,78,30,33,DAP,18-46-0,Phosphorus is severely deficient. DAP delivers high P (46%) essential for root development and energy transfer.,"Apply 80–100 kg/ha as basal dose, 5–10 cm below seed level before planting."
Wheat,Sandy,41,30,23,NPK 17-17-17,17-17-17,"All three nutrients (N, P, K) are below optimal. Balanced 17-17-17 corrects deficiencies uniformly.",Apply 150–200 kg/ha basal + 50–75 kg/ha top-dress at 30 & 60 DAS.
Wheat,Sandy,81,61,16,MOP (Muriate of Potash),0-0-60,"Potassium is severely deficient. MOP (60% K) improves drought tolerance, disease resistance, and grain quality.",Apply 60–80 kg/ha: 50% basal at sowing + 50% at flowering. Avoid during dry spells.
Wheat,Sandy,88,49,9,MOP (Muriate of Potash),0-0-60,"Potassium is severely deficient. MOP (60% K) improves drought tolerance, disease resistance, and grain quality.",Apply 60–80 kg/ha: 50% basal at sowing + 50% at flowering. Avoid during dry spells.
Wheat,Sandy,100,22,10,NPK 10-26-26,10-26-26,Phosphorus and potassium are deficient; nitrogen is adequate. NPK 10-26-26 corrects P & K without excess N.,Apply 120–150 kg/ha as basal dose before planting. Ideal for fruiting crops.
Wheat,Sandy,143,72,41,NPK 17-17-17,17-17-17,"All three nutrients (N, P, K) are below optimal. Balanced 17-17-17 corrects deficiencies uniformly.",Apply 150–200 kg/ha basal + 50–75 kg/ha top-dress at 30 & 60 DAS.
Wheat,Sandy,62,18,36,NPK 20-20-0,20-20-0,Nitrogen and phosphorus are deficient; potassium is adequate. NPK 20-20-0 targets N & P without excess K.,Apply 120–150 kg/ha at sowing. Supplement with 30 kg/ha urea at tillering stage.
Wheat,Sandy,79,19,28,SSP (Single Super Phosphate),0-16-0,Severe phosphorus deficiency. SSP provides P with calcium and sulphur — ideal for legumes and oilseeds.,Apply 200–250 kg/ha as basal dose incorporated into soil before sowing.
Wheat,Sandy,28,69,18,NPK 13-0-45,13-0-45,High potassium demand with adequate phosphorus. NPK 13-0-45 provides premium K and supplementary N for quality crops.,Apply 100–120 kg/ha: 40% basal + 60% at flowering/fruiting via fertigation.
Wheat,Sandy,107,31,29,DAP,18-46-0,Phosphorus is severely deficient. DAP delivers high P (46%) essential for root development and energy transfer.,"Apply 80–100 kg/ha as basal dose, 5–10 cm below seed level before planting."
Wheat,Sandy,92,23,48,SSP (Single Super Phosphate),0-16-0,Severe phosphorus deficiency. SSP provides P with calcium and sulphur — ideal for legumes and oilseeds.,Apply 200–250 kg/ha as basal dose incorporated into soil before sowing.
Wheat,Sandy,121,71,45,NPK 17-17-17,17-17-17,"All three nutrients (N, P, K) are below optimal. Balanced 17-17-17 corrects deficiencies uniformly.",Apply 150–200 kg/ha basal + 50–75 kg/ha top-dress at 30 & 60 DAS.
Wheat,Sandy,99,70,11,MOP (Muriate of Potash),0-0-60,"Potassium is severely deficient. MOP (60% K) improves drought tolerance, disease resistance, and grain quality.",Apply 60–80 kg/ha: 50% basal at sowing + 50% at flowering. Avoid during dry spells.
Wheat,Sandy,48,14,21,NPK 17-17-17,17-17-17,"All three nutrients (N, P, K) are below optimal. Balanced 17-17-17 corrects deficiencies uniformly.",Apply 150–200 kg/ha basal + 50–75 kg/ha top-dress at 30 & 60 DAS.
Wheat,Sandy,72,29,42,NPK 20-20-0,20-20-0,Nitrogen and phosphorus are deficient; potassium is adequate. NPK 20-20-0 targets N & P without excess K.,Apply 120–150 kg/ha at sowing. Supplement with 30 kg/ha urea at tillering stage.
Wheat,Sandy,68,29,30,NPK 20-20-0,20-20-0,Nitrogen and phosphorus are deficient; potassium is adequate. NPK 20-20-0 targets N & P without excess K.,Apply 120–150 kg/ha at sowing. Supplement with 30 kg/ha urea at tillering stage.
Wheat,Sandy,41,62,11,NPK 13-0-45,13-0-45,High potassium demand with adequate phosphorus. NPK 13-0-45 provides premium K and supplementary N for quality crops.,Apply 100–120 kg/ha: 40% basal + 60% at flowering/fruiting via fertigation.
Wheat,Sandy,148,60,16,MOP (Muriate of Potash),0-0-60,"Potassium is severely deficient. MOP (60% K) improves drought tolerance, disease resistance, and grain quality.",Apply 60–80 kg/ha: 50% basal at sowing + 50% at flowering. Avoid during dry spells.
Wheat,Sandy,24,63,37,Urea,46-0-0,Nitrogen is severely deficient. Urea (46% N) rapidly restores soil nitrogen for vegetative growth.,Apply 100–120 kg/ha split: 50% at sowing + 50% at 30 DAS. Incorporate into moist soil.
Wheat,Loamy,115,60,11,MOP (Muriate of Potash),0-0-60,"Potassium is severely deficient. MOP (60% K) improves drought tolerance, disease resistance, and grain quality.",Apply 60–80 kg/ha: 50% basal at sowing + 50% at flowering. Avoid during dry spells.
Wheat,Loamy,69,19,44,NPK 20-20-0,20-20-0,Nitrogen and phosphorus are deficient; potassium is adequate. NPK 20-20-0 targets N & P without excess K.,Apply 120–150 kg/ha at sowing. Supplement with 30 kg/ha urea at tillering stage.
Wheat,Loamy,102,32,10,NPK 10-26-26,10-26-26,Phosphorus and potassium are deficient; nitrogen is adequate. NPK 10-26-26 corrects P & K without excess N.,Apply 120–150 kg/ha as basal dose before planting. Ideal for fruiting crops.
Wheat,Loamy,63,32,38,NPK 20-20-0,20-20-0,Nitrogen and phosphorus are deficient; potassium is adequate. NPK 20-20-0 targets N & P without excess K.,Apply 120–150 kg/ha at sowing. Supplement with 30 kg/ha urea at tillering stage.
Wheat,Loamy,104,67,27,NPK 17-17-17,17-17-17,"All three nutrients (N, P, K) are below optimal. Balanced 17-17-17 corrects deficiencies uniformly.",Apply 150–200 kg/ha basal + 50–75 kg/ha top-dress at 30 & 60 DAS.
Wheat,Loamy,39,56,39,Urea,46-0-0,Nitrogen is severely deficient. Urea (46% N) rapidly restores soil nitrogen for vegetative growth.,Apply 100–120 kg/ha split: 50% at sowing + 50% at 30 DAS. Incorporate into moist soil.
Wheat,Loamy,94,60,28,NPK 13-0-45,13-0-45,High potassium demand with adequate phosphorus. NPK 13-0-45 provides premium K and supplementary N for quality crops.,Apply 100–120 kg/ha: 40% basal + 60% at flowering/fruiting via fertigation.
Wheat,Loamy,89,38,9,NPK 10-26-26,10-26-26,Phosphorus and potassium are deficient; nitrogen is adequate. NPK 10-26-26 corrects P & K without excess N.,Apply 120–150 kg/ha as basal dose before planting. Ideal for fruiting crops.
Wheat,Loamy,37,13,34,NPK 20-20-0,20-20-0,Nitrogen and phosphorus are deficient; potassium is adequate. NPK 20-20-0 targets N & P without excess K.,Apply 120–150 kg/ha at sowing. Supplement with 30 kg/ha urea at tillering stage.
Wheat,Loamy,63,44,46,Ammonium Sulphate,21-0-0,Nitrogen is moderately low. Ammonium Sulphate provides N + sulphur — ideal for alkaline/sulphur-deficient soils.,Apply 100–150 kg/ha in two splits: at planting and 30–40 DAS.
Wheat,Loamy,55,37,39,NPK 20-20-0,20-20-0,Nitrogen and phosphorus are deficient; potassium is adequate. NPK 20-20-0 targets N & P without excess K.,Apply 120–150 kg/ha at sowing. Supplement with 30 kg/ha urea at tillering stage.
Wheat,Loamy,52,16,20,NPK 17-17-17,17-17-17,"All three nutrients (N, P, K) are below optimal. Balanced 17-17-17 corrects deficiencies uniformly.",Apply 150–200 kg/ha basal + 50–75 kg/ha top-dress at 30 & 60 DAS.
Wheat,Loamy,44,70,41,Urea,46-0-0,Nitrogen is severely deficient. Urea (46% N) rapidly restores soil nitrogen for vegetative growth.,Apply 100–120 kg/ha split: 50% at sowing + 50% at 30 DAS. Incorporate into moist soil.
Wheat,Loamy,103,66,41,NPK 17-17-17,17-17-17,"All three nutrients (N, P, K) are below optimal. Balanced 17-17-17 corrects deficiencies uniformly.",Apply 150–200 kg/ha basal + 50–75 kg/ha top-dress at 30 & 60 DAS.
Wheat,Loamy,47,68,30,Urea,46-0-0,Nitrogen is severely deficient. Urea (46% N) rapidly restores soil nitrogen for vegetative growth.,Apply 100–120 kg/ha split: 50% at sowing + 50% at 30 DAS. Incorporate into moist soil.
Wheat,Loamy,125,68,21,NPK 13-0-45,13-0-45,High potassium demand with adequate phosphorus. NPK 13-0-45 provides premium K and supplementary N for quality crops.,Apply 100–120 kg/ha: 40% basal + 60% at flowering/fruiting via fertigation.
Wheat,Loamy,37,26,25,NPK 17-17-17,17-17-17,"All three nutrients (N, P, K) are below optimal. Balanced 17-17-17 corrects deficiencies uniformly.",Apply 150–200 kg/ha basal + 50–75 kg/ha top-dress at 30 & 60 DAS.
Wheat,Loamy,127,66,8,MOP (Muriate of Potash),0-0-60,"Potassium is severely deficient. MOP (60% K) improves drought tolerance, disease resistance, and grain quality.",Apply 60–80 kg/ha: 50% basal at sowing + 50% at flowering. Avoid during dry spells.
Wheat,Loamy,88,38,17,NPK 10-26-26,10-26-26,Phosphorus and potassium are deficient; nitrogen is adequate. NPK 10-26-26 corrects P & K without excess N.,Apply 120–150 kg/ha as basal dose before planting. Ideal for fruiting crops.
Wheat,Loamy,39,33,47,NPK 20-20-0,20-20-0,Nitrogen and phosphorus are deficient; potassium is adequate. NPK 20-20-0 targets N & P without excess K.,Apply 120–150 kg/ha at sowing. Supplement with 30 kg/ha urea at tillering stage.
Wheat,Loamy,64,44,37,Ammonium Sulphate,21-0-0,Nitrogen is moderately low. Ammonium Sulphate provides N + sulphur — ideal for alkaline/sulphur-deficient soils.,Apply 100–150 kg/ha in two splits: at planting and 30–40 DAS.
Wheat,Loamy,69,73,48,Ammonium Sulphate,21-0-0,Nitrogen is moderately low. Ammonium Sulphate provides N + sulphur — ideal for alkaline/sulphur-deficient soils.,Apply 100–150 kg/ha in two splits: at planting and 30–40 DAS.
Wheat,Loamy,55,43,20,NPK 13-0-45,13-0-45,High potassium demand with adequate phosphorus. NPK 13-0-45 provides premium K and supplementary N for quality crops.,Apply 100–120 kg/ha: 40% basal + 60% at flowering/fruiting via fertigation.
Wheat,Loamy,59,14,33,NPK 20-20-0,20-20-0,Nitrogen and phosphorus are deficient; potassium is adequate. NPK 20-20-0 targets N & P without excess K.,Apply 120–150 kg/ha at sowing. Supplement with 30 kg/ha urea at tillering stage.
Wheat,Loamy,87,15,19,NPK 10-26-26,10-26-26,Phosphorus and potassium are deficient; nitrogen is adequate. NPK 10-26-26 corrects P & K without excess N.,Apply 120–150 kg/ha as basal dose before planting. Ideal for fruiting crops.
Wheat,Clay,138,27,14,NPK 10-26-26,10-26-26,Phosphorus and potassium are deficient; nitrogen is adequate. NPK 10-26-26 corrects P & K without excess N.,Apply 120–150 kg/ha as basal dose before planting. Ideal for fruiting crops.
Wheat,Clay,85,74,18,NPK 13-0-45,13-0-45,High potassium demand with adequate phosphorus. NPK 13-0-45 provides premium K and supplementary N for quality crops.,Apply 100–120 kg/ha: 40% basal + 60% at flowering/fruiting via fertigation.
Wheat,Clay,108,59,17,MOP (Muriate of Potash),0-0-60,"Potassium is severely deficient. MOP (60% K) improves drought tolerance, disease resistance, and grain quality.",Apply 60–80 kg/ha: 50% basal at sowing + 50% at flowering. Avoid during dry spells.
Wheat,Clay,115,35,34,DAP,18-46-0,Phosphorus is severely deficient. DAP delivers high P (46%) essential for root development and energy transfer.,"Apply 80–100 kg/ha as basal dose, 5–10 cm below seed level before planting."
Wheat,Clay,103,45,11,MOP (Muriate of Potash),0-0-60,"Potassium is severely deficient. MOP (60% K) improves drought tolerance, disease resistance, and grain quality.",Apply 60–80 kg/ha: 50% basal at sowing + 50% at flowering. Avoid during dry spells.
Wheat,Clay,129,32,15,NPK 10-26-26,10-26-26,Phosphorus and potassium are deficient; nitrogen is adequate. NPK 10-26-26 corrects P & K without excess N.,Apply 120–150 kg/ha as basal dose before planting. Ideal for fruiting crops.
Wheat,Clay,29,49,36,Urea,46-0-0,Nitrogen is severely deficient. Urea (46% N) rapidly restores soil nitrogen for vegetative growth.,Apply 100–120 kg/ha split: 50% at sowing + 50% at 30 DAS. Incorporate into moist soil.
Wheat,Clay,26,44,17,NPK 13-0-45,13-0-45,High potassium demand with adequate phosphorus. NPK 13-0-45 provides premium K and supplementary N for quality crops.,Apply 100–120 kg/ha: 40% basal + 60% at flowering/fruiting via fertigation.
Wheat,Clay,105,22,37,SSP (Single Super Phosphate),0-16-0,Severe phosphorus deficiency. SSP provides P with calcium and sulphur — ideal for legumes and oilseeds.,Apply 200–250 kg/ha as basal dose incorporated into soil before sowing.
Wheat,Clay,72,71,13,NPK 13-0-45,13-0-45,High potassium demand with adequate phosphorus. NPK 13-0-45 provides premium K and supplementary N for quality crops.,Apply 100–120 kg/ha: 40% basal + 60% at flowering/fruiting via fertigation.
Wheat,Clay,66,19,46,NPK 20-20-0,20-20-0,Nitrogen and phosphorus are deficient; potassium is adequate. NPK 20-20-0 targets N & P without excess K.,Apply 120–150 kg/ha at sowing. Supplement with 30 kg/ha urea at tillering stage.
Wheat,Clay,134,28,35,DAP,18-46-0,Phosphorus is severely deficient. DAP delivers high P (46%) essential for root development and energy transfer.,"Apply 80–100 kg/ha as basal dose, 5–10 cm below seed level before planting."
Wheat,Clay,126,46,30,NPK 12-32-16,12-32-16,High phosphorus demand with moderate N and K deficiency. NPK 12-32-16 emphasises P with balanced N & K.,Apply 100–125 kg/ha as basal. Supplement with 30 kg/ha urea at 30 DAS.
Wheat,Clay,54,17,45,NPK 20-20-0,20-20-0,Nitrogen and phosphorus are deficient; potassium is adequate. NPK 20-20-0 targets N & P without excess K.,Apply 120–150 kg/ha at sowing. Supplement with 30 kg/ha urea at tillering stage.
Wheat,Clay,137,51,22,NPK 13-0-45,13-0-45,High potassium demand with adequate phosphorus. NPK 13-0-45 provides premium K and supplementary N for quality crops.,Apply 100–120 kg/ha: 40% basal + 60% at flowering/fruiting via fertigation.
Wheat,Clay,68,57,45,Ammonium Sulphate,21-0-0,Nitrogen is moderately low. Ammonium Sulphate provides N + sulphur — ideal for alkaline/sulphur-deficient soils.,Apply 100–150 kg/ha in two splits: at planting and 30–40 DAS.
Wheat,Clay,135,61,34,NPK 17-17-17,17-17-17,"All three nutrients (N, P, K) are below optimal. Balanced 17-17-17 corrects deficiencies uniformly.",Apply 150–200 kg/ha basal + 50–75 kg/ha top-dress at 30 & 60 DAS.
Wheat,Clay,34,22,45,NPK 20-20-0,20-20-0,Nitrogen and phosphorus are deficient; potassium is adequate. NPK 20-20-0 targets N & P without excess K.,Apply 120–150 kg/ha at sowing. Supplement with 30 kg/ha urea at tillering stage.
Wheat,Clay,100,12,12,NPK 10-26-26,10-26-26,Phosphorus and potassium are deficient; nitrogen is adequate. NPK 10-26-26 corrects P & K without excess N.,Apply 120–150 kg/ha as basal dose before planting. Ideal for fruiting crops.
Wheat,Clay,107,12,14,NPK 10-26-26,10-26-26,Phosphorus and potassium are deficient; nitrogen is adequate. NPK 10-26-26 corrects P & K without excess N.,Apply 120–150 kg/ha as basal dose before planting. Ideal for fruiting crops.
Wheat,Clay,93,55,35,Ammonium Sulphate,21-0-0,Nitrogen is moderately low. Ammonium Sulphate provides N + sulphur — ideal for alkaline/sulphur-deficient soils.,Apply 100–150 kg/ha in two splits: at planting and 30–40 DAS.
Wheat,Clay,52,56,17,NPK 13-0-45,13-0-45,High potassium demand with adequate phosphorus. NPK 13-0-45 provides premium K and supplementary N for quality crops.,Apply 100–120 kg/ha: 40% basal + 60% at flowering/fruiting via fertigation.
Wheat,Clay,65,59,35,Ammonium Sulphate,21-0-0,Nitrogen is moderately low. Ammonium Sulphate provides N + sulphur — ideal for alkaline/sulphur-deficient soils.,Apply 100–150 kg/ha in two splits: at planting and 30–40 DAS.
Wheat,Clay,131,53,31,NPK 17-17-17,17-17-17,"All three nutrients (N, P, K) are below optimal. Balanced 17-17-17 corrects deficiencies uniformly.",Apply 150–200 kg/ha basal + 50–75 kg/ha top-dress at 30 & 60 DAS.
Wheat,Clay,35,35,19,NPK 17-17-17,17-17-17,"All three nutrients (N, P, K) are below optimal. Balanced 17-17-17 corrects deficiencies uniformly.",Apply 150–200 kg/ha basal + 50–75 kg/ha top-dress at 30 & 60 DAS.
Wheat,Silt,54,73,24,NPK 13-0-45,13-0-45,High potassium demand with adequate phosphorus. NPK 13-0-45 provides premium K and supplementary N for quality crops.,Apply 100–120 kg/ha: 40% basal + 60% at flowering/fruiting via fertigation.
Wheat,Silt,136,51,41,NPK 17-17-17,17-17-17,"All three nutrients (N, P, K) are below optimal. Balanced 17-17-17 corrects deficiencies uniformly.",Apply 150–200 kg/ha basal + 50–75 kg/ha top-dress at 30 & 60 DAS.
Wheat,Silt,87,48,28,NPK 13-0-45,13-0-45,High potassium demand with adequate phosphorus. NPK 13-0-45 provides premium K and supplementary N for quality crops.,Apply 100–120 kg/ha: 40% basal + 60% at flowering/fruiting via fertigation.
Wheat,Silt,48,57,19,NPK 13-0-45,13-0-45,High potassium demand with adequate phosphorus. NPK 13-0-45 provides premium K and supplementary N for quality crops.,Apply 100–120 kg/ha: 40% basal + 60% at flowering/fruiting via fertigation.
Wheat,Silt,27,52,15,NPK 13-0-45,13-0-45,High potassium demand with adequate phosphorus. NPK 13-0-45 provides premium K and supplementary N for quality crops.,Apply 100–120 kg/ha: 40% basal + 60% at flowering/fruiting via fertigation.
Wheat,Silt,142,72,46,NPK 17-17-17,17-17-17,"All three nutrients (N, P, K) are below optimal. Balanced 17-17-17 corrects deficiencies uniformly.",Apply 150–200 kg/ha basal + 50–75 kg/ha top-dress at 30 & 60 DAS.
Wheat,Silt,70,12,46,NPK 20-20-0,20-20-0,Nitrogen and phosphorus are deficient; potassium is adequate. NPK 20-20-0 targets N & P without excess K.,Apply 120–150 kg/ha at sowing. Supplement with 30 kg/ha urea at tillering stage.
Wheat,Silt,77,72,48,Ammonium Sulphate,21-0-0,Nitrogen is moderately low. Ammonium Sulphate provides N + sulphur — ideal for alkaline/sulphur-deficient soils.,Apply 100–150 kg/ha in two splits: at planting and 30–40 DAS.
Wheat,Silt,131,30,24,NPK 10-26-26,10-26-26,Phosphorus and potassium are deficient; nitrogen is adequate. NPK 10-26-26 corrects P & K without excess N.,Apply 120–150 kg/ha as basal dose before planting. Ideal for fruiting crops.
Wheat,Silt,131,31,15,NPK 10-26-26,10-26-26,Phosphorus and potassium are deficient; nitrogen is adequate. NPK 10-26-26 corrects P & K without excess N.,Apply 120–150 kg/ha as basal dose before planting. Ideal for fruiting crops.
Wheat,Silt,94,70,37,Ammonium Sulphate,21-0-0,Nitrogen is moderately low. Ammonium Sulphate provides N + sulphur — ideal for alkaline/sulphur-deficient soils.,Apply 100–150 kg/ha in two splits: at planting and 30–40 DAS.
Wheat,Silt,95,18,33,SSP (Single Super Phosphate),0-16-0,Severe phosphorus deficiency. SSP provides P with calcium and sulphur — ideal for legumes and oilseeds.,Apply 200–250 kg/ha as basal dose incorporated into soil before sowing.
Wheat,Silt,148,20,29,SSP (Single Super Phosphate),0-16-0,Severe phosphorus deficiency. SSP provides P with calcium and sulphur — ideal for legumes and oilseeds.,Apply 200–250 kg/ha as basal dose incorporated into soil before sowing.
Wheat,Silt,134,58,37,NPK 17-17-17,17-17-17,"All three nutrients (N, P, K) are below optimal. Balanced 17-17-17 corrects deficiencies uniformly.",Apply 150–200 kg/ha basal + 50–75 kg/ha top-dress at 30 & 60 DAS.
Wheat,Silt,112,34,20,NPK 10-26-26,10-26-26,Phosphorus and potassium are deficient; nitrogen is adequate. NPK 10-26-26 corrects P & K without excess N.,Apply 120–150 kg/ha as basal dose before planting. Ideal for fruiting crops.
Wheat,Silt,125,63,44,NPK 17-17-17,17-17-17,"All three nutrients (N, P, K) are below optimal. Balanced 17-17-17 corrects deficiencies uniformly.",Apply 150–200 kg/ha basal + 50–75 kg/ha top-dress at 30 & 60 DAS.
Wheat,Silt,139,44,29,NPK 12-32-16,12-32-16,High phosphorus demand with moderate N and K deficiency. NPK 12-32-16 emphasises P with balanced N & K.,Apply 100–125 kg/ha as basal. Supplement with 30 kg/ha urea at 30 DAS.
Wheat,Silt,124,52,37,NPK 17-17-17,17-17-17,"All three nutrients (N, P, K) are below optimal. Balanced 17-17-17 corrects deficiencies uniformly.",Apply 150–200 kg/ha basal + 50–75 kg/ha top-dress at 30 & 60 DAS.
Wheat,Silt,124,68,22,NPK 13-0-45,13-0-45,High potassium demand with adequate phosphorus. NPK 13-0-45 provides premium K and supplementary N for quality crops.,Apply 100–120 kg/ha: 40% basal + 60% at flowering/fruiting via fertigation.
Wheat,Silt,71,17,32,NPK 20-20-0,20-20-0,Nitrogen and phosphorus are deficient; potassium is adequate. NPK 20-20-0 targets N & P without excess K.,Apply 120–150 kg/ha at sowing. Supplement with 30 kg/ha urea at tillering stage.
Wheat,Silt,28,41,30,Urea,46-0-0,Nitrogen is severely deficient. Urea (46% N) rapidly restores soil nitrogen for vegetative growth.,Apply 100–120 kg/ha split: 50% at sowing + 50% at 30 DAS. Incorporate into moist soil.
Wheat,Silt,60,49,9,NPK 13-0-45,13-0-45,High potassium demand with adequate phosphorus. NPK 13-0-45 provides premium K and supplementary N for quality crops.,Apply 100–120 kg/ha: 40% basal + 60% at flowering/fruiting via fertigation.
Wheat,Silt,28,63,23,NPK 13-0-45,13-0-45,High potassium demand with adequate phosphorus. NPK 13-0-45 provides premium K and supplementary N for quality crops.,Apply 100–120 kg/ha: 40% basal + 60% at flowering/fruiting via fertigation.
Wheat,Silt,40,44,40,Urea,46-0-0,Nitrogen is severely deficient. Urea (46% N) rapidly restores soil nitrogen for vegetative growth.,Apply 100–120 kg/ha split: 50% at sowing + 50% at 30 DAS. Incorporate into moist soil.
Wheat,Silt,51,51,11,NPK 13-0-45,13-0-45,High potassium demand with adequate phosphorus. NPK 13-0-45 provides premium K and supplementary N for quality crops.,Apply 100–120 kg/ha: 40% basal + 60% at flowering/fruiting via fertigation.
Wheat,Black,30,45,30,Urea,46-0-0,Nitrogen is severely deficient. Urea (46% N) rapidly restores soil nitrogen for vegetative growth.,Apply 100–120 kg/ha split: 50% at sowing + 50% at 30 DAS. Incorporate into moist soil.
Wheat,Black,104,57,48,NPK 17-17-17,17-17-17,"All three nutrients (N, P, K) are below optimal. Balanced 17-17-17 corrects deficiencies uniformly.",Apply 150–200 kg/ha basal + 50–75 kg/ha top-dress at 30 & 60 DAS.
Wheat,Black,89,32,41,DAP,18-46-0,Phosphorus is severely deficient. DAP delivers high P (46%) essential for root development and energy transfer.,"Apply 80–100 kg/ha as basal dose, 5–10 cm below seed level before planting."
Wheat,Black,58,39,11,NPK 13-0-45,13-0-45,High potassium demand with adequate phosphorus. NPK 13-0-45 provides premium K and supplementary N for quality crops.,Apply 100–120 kg/ha: 40% basal + 60% at flowering/fruiting via fertigation.
Wheat,Black,27,72,43,Urea,46-0-0,Nitrogen is severely deficient. Urea (46% N) rapidly restores soil nitrogen for vegetative growth.,Apply 100–120 kg/ha split: 50% at sowing + 50% at 30 DAS. Incorporate into moist soil.
Wheat,Black,111,37,15,NPK 10-26-26,10-26-26,Phosphorus and potassium are deficient; nitrogen is adequate. NPK 10-26-26 corrects P & K without excess N.,Apply 120–150 kg/ha as basal dose before planting. Ideal for fruiting crops.
Wheat,Black,43,27,31,NPK 20-20-0,20-20-0,Nitrogen and phosphorus are deficient; potassium is adequate. NPK 20-20-0 targets N & P without excess K.,Apply 120–150 kg/ha at sowing. Supplement with 30 kg/ha urea at tillering stage.
Wheat,Black,114,53,19,NPK 13-0-45,13-0-45,High potassium demand with adequate phosphorus. NPK 13-0-45 provides premium K and supplementary N for quality crops.,Apply 100–120 kg/ha: 40% basal + 60% at flowering/fruiting via fertigation.
Wheat,Black,144,58,31,NPK 17-17-17,17-17-17,"All three nutrients (N, P, K) are below optimal. Balanced 17-17-17 corrects deficiencies uniformly.",Apply 150–200 kg/ha basal + 50–75 kg/ha top-dress at 30 & 60 DAS.
Wheat,Black,101,38,18,NPK 10-26-26,10-26-26,Phosphorus and potassium are deficient; nitrogen is adequate. NPK 10-26-26 corrects P & K without excess N.,Apply 120–150 kg/ha as basal dose before planting. Ideal for fruiting crops.
Wheat,Black,68,59,8,NPK 13-0-45,13-0-45,High potassium demand with adequate phosphorus. NPK 13-0-45 provides premium K and supplementary N for quality crops.,Apply 100–120 kg/ha: 40% basal + 60% at flowering/fruiting via fertigation.
Wheat,Black,38,14,9,NPK 17-17-17,17-17-17,"All three nutrients (N, P, K) are below optimal. Balanced 17-17-17 corrects deficiencies uniformly.",Apply 150–200 kg/ha basal + 50–75 kg/ha top-dress at 30 & 60 DAS.
Wheat,Black,131,56,27,NPK 17-17-17,17-17-17,"All three nutrients (N, P, K) are below optimal. Balanced 17-17-17 corrects deficiencies uniformly.",Apply 150–200 kg/ha basal + 50–75 kg/ha top-dress at 30 & 60 DAS.
Wheat,Black,36,42,27,Urea,46-0-0,Nitrogen is severely deficient. Urea (46% N) rapidly restores soil nitrogen for vegetative growth.,Apply 100–120 kg/ha split: 50% at sowing + 50% at 30 DAS. Incorporate into moist soil.
Wheat,Black,45,39,24,NPK 13-0-45,13-0-45,High potassium demand with adequate phosphorus. NPK 13-0-45 provides premium K and supplementary N for quality crops.,Apply 100–120 kg/ha: 40% basal + 60% at flowering/fruiting via fertigation.
Wheat,Black,101,52,9,MOP (Muriate of Potash),0-0-60,"Potassium is severely deficient. MOP (60% K) improves drought tolerance, disease resistance, and grain quality.",Apply 60–80 kg/ha: 50% basal at sowing + 50% at flowering. Avoid during dry spells.
Wheat,Black,71,51,29,Ammonium Sulphate,21-0-0,Nitrogen is moderately low. Ammonium Sulphate provides N + sulphur — ideal for alkaline/sulphur-deficient soils.,Apply 100–150 kg/ha in two splits: at planting and 30–40 DAS.
Wheat,Black,131,53,14,MOP (Muriate of Potash),0-0-60,"Potassium is severely deficient. MOP (60% K) improves drought tolerance, disease resistance, and grain quality.",Apply 60–80 kg/ha: 50% basal at sowing + 50% at flowering. Avoid during dry spells.
Wheat,Black,32,52,9,NPK 13-0-45,13-0-45,High potassium demand with adequate phosphorus. NPK 13-0-45 provides premium K and supplementary N for quality crops.,Apply 100–120 kg/ha: 40% basal + 60% at flowering/fruiting via fertigation.
Wheat,Black,97,71,32,NPK 17-17-17,17-17-17,"All three nutrients (N, P, K) are below optimal. Balanced 17-17-17 corrects deficiencies uniformly.",Apply 150–200 kg/ha basal + 50–75 kg/ha top-dress at 30 & 60 DAS.
Wheat,Black,72,52,27,Ammonium Sulphate,21-0-0,Nitrogen is moderately low. Ammonium Sulphate provides N + sulphur — ideal for alkaline/sulphur-deficient soils.,Apply 100–150 kg/ha in two splits: at planting and 30–40 DAS.
Wheat,Black,92,71,24,NPK 13-0-45,13-0-45,High potassium demand with adequate phosphorus. NPK 13-0-45 provides premium K and supplementary N for quality crops.,Apply 100–120 kg/ha: 40% basal + 60% at flowering/fruiting via fertigation.
Wheat,Black,145,69,16,MOP (Muriate of Potash),0-0-60,"Potassium is severely deficient. MOP (60% K) improves drought tolerance, disease resistance, and grain quality.",Apply 60–80 kg/ha: 50% basal at sowing + 50% at flowering. Avoid during dry spells.
Wheat,Black,32,18,8,NPK 17-17-17,17-17-17,"All three nutrients (N, P, K) are below optimal. Balanced 17-17-17 corrects deficiencies uniformly.",Apply 150–200 kg/ha basal + 50–75 kg/ha top-dress at 30 & 60 DAS.
Wheat,Black,35,55,10,NPK 13-0-45,13-0-45,High potassium demand with adequate phosphorus. NPK 13-0-45 provides premium K and supplementary N for quality crops.,Apply 100–120 kg/ha: 40% basal + 60% at flowering/fruiting via fertigation.
Wheat,Red,64,65,8,NPK 13-0-45,13-0-45,High potassium demand with adequate phosphorus. NPK 13-0-45 provides premium K and supplementary N for quality crops.,Apply 100–120 kg/ha: 40% basal + 60% at flowering/fruiting via fertigation.
Wheat,Red,126,29,12,NPK 10-26-26,10-26-26,Phosphorus and potassium are deficient; nitrogen is adequate. NPK 10-26-26 corrects P & K without excess N.,Apply 120–150 kg/ha as basal dose before planting. Ideal for fruiting crops.
Wheat,Red,111,51,44,NPK 17-17-17,17-17-17,"All three nutrients (N, P, K) are below optimal. Balanced 17-17-17 corrects deficiencies uniformly.",Apply 150–200 kg/ha basal + 50–75 kg/ha top-dress at 30 & 60 DAS.
Wheat,Red,116,62,19,NPK 13-0-45,13-0-45,High potassium demand with adequate phosphorus. NPK 13-0-45 provides premium K and supplementary N for quality crops.,Apply 100–120 kg/ha: 40% basal + 60% at flowering/fruiting via fertigation.
Wheat,Red,46,59,41,Urea,46-0-0,Nitrogen is severely deficient. Urea (46% N) rapidly restores soil nitrogen for vegetative growth.,Apply 100–120 kg/ha split: 50% at sowing + 50% at 30 DAS. Incorporate into moist soil.
Wheat,Red,148,37,23,NPK 10-26-26,10-26-26,Phosphorus and potassium are deficient; nitrogen is adequate. NPK 10-26-26 corrects P & K without excess N.,Apply 120–150 kg/ha as basal dose before planting. Ideal for fruiting crops.
Wheat,Red,121,33,47,DAP,18-46-0,Phosphorus is severely deficient. DAP delivers high P (46%) essential for root development and energy transfer.,"Apply 80–100 kg/ha as basal dose, 5–10 cm below seed level before planting."
Wheat,Red,132,39,39,NPK 17-17-17,17-17-17,"All three nutrients (N, P, K) are below optimal. Balanced 17-17-17 corrects deficiencies uniformly.",Apply 150–200 kg/ha basal + 50–75 kg/ha top-dress at 30 & 60 DAS.
Wheat,Red,119,18,45,SSP (Single Super Phosphate),0-16-0,Severe phosphorus deficiency. SSP provides P with calcium and sulphur — ideal for legumes and oilseeds.,Apply 200–250 kg/ha as basal dose incorporated into soil before sowing.
Wheat,Red,87,64,21,NPK 13-0-45,13-0-45,High potassium demand with adequate phosphorus. NPK 13-0-45 provides premium K and supplementary N for quality crops.,Apply 100–120 kg/ha: 40% basal + 60% at flowering/fruiting via fertigation.
Wheat,Red,136,36,8,NPK 10-26-26,10-26-26,Phosphorus and potassium are deficient; nitrogen is adequate. NPK 10-26-26 corrects P & K without excess N.,Apply 120–150 kg/ha as basal dose before planting. Ideal for fruiting crops.
Wheat,Red,138,17,21,NPK 10-26-26,10-26-26,Phosphorus and potassium are deficient; nitrogen is adequate. NPK 10-26-26 corrects P & K without excess N.,Apply 120–150 kg/ha as basal dose before planting. Ideal for fruiting crops.
Wheat,Red,143,71,32,NPK 17-17-17,17-17-17,"All three nutrients (N, P, K) are below optimal. Balanced 17-17-17 corrects deficiencies uniformly.",Apply 150–200 kg/ha basal + 50–75 kg/ha top-dress at 30 & 60 DAS.
Wheat,Red,103,40,20,NPK 13-0-45,13-0-45,High potassium demand with adequate phosphorus. NPK 13-0-45 provides premium K and supplementary N for quality crops.,Apply 100–120 kg/ha: 40% basal + 60% at flowering/fruiting via fertigation.
Wheat,Red,65,54,39,Ammonium Sulphate,21-0-0,Nitrogen is moderately low. Ammonium Sulphate provides N + sulphur — ideal for alkaline/sulphur-deficient soils.,Apply 100–150 kg/ha in two splits: at planting and 30–40 DAS.
Wheat,Red,123,61,11,MOP (Muriate of Potash),0-0-60,"Potassium is severely deficient. MOP (60% K) improves drought tolerance, disease resistance, and grain quality.",Apply 60–80 kg/ha: 50% basal at sowing + 50% at flowering. Avoid during dry spells.
Wheat,Red,86,15,31,SSP (Single Super Phosphate),0-16-0,Severe phosphorus deficiency. SSP provides P with calcium and sulphur — ideal for legumes and oilseeds.,Apply 200–250 kg/ha as basal dose incorporated into soil before sowing.
Wheat,Red,79,67,22,NPK 13-0-45,13-0-45,High potassium demand with adequate phosphorus. NPK 13-0-45 provides premium K and supplementary N for quality crops.,Apply 100–120 kg/ha: 40% basal + 60% at flowering/fruiting via fertigation.
Wheat,Red,38,21,39,NPK 20-20-0,20-20-0,Nitrogen and phosphorus are deficient; potassium is adequate. NPK 20-20-0 targets N & P without excess K.,Apply 120–150 kg/ha at sowing. Supplement with 30 kg/ha urea at tillering stage.
Wheat,Red,101,18,11,NPK 10-26-26,10-26-26,Phosphorus and potassium are deficient; nitrogen is adequate. NPK 10-26-26 corrects P & K without excess N.,Apply 120–150 kg/ha as basal dose before planting. Ideal for fruiting crops.
Wheat,Red,112,16,42,SSP (Single Super Phosphate),0-16-0,Severe phosphorus deficiency. SSP provides P with calcium and sulphur — ideal for legumes and oilseeds.,Apply 200–250 kg/ha as basal dose incorporated into soil before sowing.
Wheat,Red,112,17,11,NPK 10-26-26,10-26-26,Phosphorus and potassium are deficient; nitrogen is adequate. NPK 10-26-26 corrects P & K without excess N.,Apply 120–150 kg/ha as basal dose before planting. Ideal for fruiting crops.
Wheat,Red,148,35,23,NPK 10-26-26,10-26-26,Phosphorus and potassium are deficient; nitrogen is adequate. NPK 10-26-26 corrects P & K without excess N.,Apply 120–150 kg/ha as basal dose before planting. Ideal for fruiting crops.
Wheat,Red,126,71,49,NPK 17-17-17,17-17-17,"All three nutrients (N, P, K) are below optimal. Balanced 17-17-17 corrects deficiencies uniformly.",Apply 150–200 kg/ha basal + 50–75 kg/ha top-dress at 30 & 60 DAS.
Wheat,Red,118,35,11,NPK 10-26-26,10-26-26,Phosphorus and potassium are deficient; nitrogen is adequate. NPK 10-26-26 corrects P & K without excess N.,Apply 120–150 kg/ha as basal dose before planting. Ideal for fruiting crops.
Rice,Sandy,101,39,32,NPK 13-0-45,13-0-45,High potassium demand with adequate phosphorus. NPK 13-0-45 provides premium K and supplementary N for quality crops.,Apply 100–120 kg/ha: 40% basal + 60% at flowering/fruiting via fertigation.
Rice,Sandy,115,15,35,SSP (Single Super Phosphate),0-16-0,Severe phosphorus deficiency. SSP provides P with calcium and sulphur — ideal for legumes and oilseeds.,Apply 200–250 kg/ha as basal dose incorporated into soil before sowing.
Rice,Sandy,21,34,12,NPK 13-0-45,13-0-45,High potassium demand with adequate phosphorus. NPK 13-0-45 provides premium K and supplementary N for quality crops.,Apply 100–120 kg/ha: 40% basal + 60% at flowering/fruiting via fertigation.
Rice,Sandy,32,16,44,NPK 20-20-0,20-20-0,Nitrogen and phosphorus are deficient; potassium is adequate. NPK 20-20-0 targets N & P without excess K.,Apply 120–150 kg/ha at sowing. Supplement with 30 kg/ha urea at tillering stage.
Rice,Sandy,98,40,60,NPK 17-17-17,17-17-17,"All three nutrients (N, P, K) are below optimal. Balanced 17-17-17 corrects deficiencies uniformly.",Apply 150–200 kg/ha basal + 50–75 kg/ha top-dress at 30 & 60 DAS.
Rice,Sandy,59,24,55,NPK 20-20-0,20-20-0,Nitrogen and phosphorus are deficient; potassium is adequate. NPK 20-20-0 targets N & P without excess K.,Apply 120–150 kg/ha at sowing. Supplement with 30 kg/ha urea at tillering stage.
Rice,Sandy,43,60,10,NPK 13-0-45,13-0-45,High potassium demand with adequate phosphorus. NPK 13-0-45 provides premium K and supplementary N for quality crops.,Apply 100–120 kg/ha: 40% basal + 60% at flowering/fruiting via fertigation.
Rice,Sandy,121,12,56,SSP (Single Super Phosphate),0-16-0,Severe phosphorus deficiency. SSP provides P with calcium and sulphur — ideal for legumes and oilseeds.,Apply 200–250 kg/ha as basal dose incorporated into soil before sowing.
Rice,Sandy,75,62,13,MOP (Muriate of Potash),0-0-60,"Potassium is severely deficient. MOP (60% K) improves drought tolerance, disease resistance, and grain quality.",Apply 60–80 kg/ha: 50% basal at sowing + 50% at flowering. Avoid during dry spells.
Rice,Sandy,78,60,37,NPK 13-0-45,13-0-45,High potassium demand with adequate phosphorus. NPK 13-0-45 provides premium K and supplementary N for quality crops.,Apply 100–120 kg/ha: 40% basal + 60% at flowering/fruiting via fertigation.
Rice,Sandy,86,46,33,NPK 17-17-17,17-17-17,"All three nutrients (N, P, K) are below optimal. Balanced 17-17-17 corrects deficiencies uniformly.",Apply 150–200 kg/ha basal + 50–75 kg/ha top-dress at 30 & 60 DAS.
Rice,Sandy,85,40,57,NPK 17-17-17,17-17-17,"All three nutrients (N, P, K) are below optimal. Balanced 17-17-17 corrects deficiencies uniformly.",Apply 150–200 kg/ha basal + 50–75 kg/ha top-dress at 30 & 60 DAS.
Rice,Sandy,24,24,59,NPK 20-20-0,20-20-0,Nitrogen and phosphorus are deficient; potassium is adequate. NPK 20-20-0 targets N & P without excess K.,Apply 120–150 kg/ha at sowing. Supplement with 30 kg/ha urea at tillering stage.
Rice,Sandy,113,33,42,NPK 17-17-17,17-17-17,"All three nutrients (N, P, K) are below optimal. Balanced 17-17-17 corrects deficiencies uniformly.",Apply 150–200 kg/ha basal + 50–75 kg/ha top-dress at 30 & 60 DAS.
Rice,Sandy,49,19,34,NPK 20-20-0,20-20-0,Nitrogen and phosphorus are deficient; potassium is adequate. NPK 20-20-0 targets N & P without excess K.,Apply 120–150 kg/ha at sowing. Supplement with 30 kg/ha urea at tillering stage.
Rice,Sandy,57,40,14,NPK 13-0-45,13-0-45,High potassium demand with adequate phosphorus. NPK 13-0-45 provides premium K and supplementary N for quality crops.,Apply 100–120 kg/ha: 40% basal + 60% at flowering/fruiting via fertigation.
Rice,Sandy,122,61,46,NPK 17-17-17,17-17-17,"All three nutrients (N, P, K) are below optimal. Balanced 17-17-17 corrects deficiencies uniformly.",Apply 150–200 kg/ha basal + 50–75 kg/ha top-dress at 30 & 60 DAS.
Rice,Sandy,76,26,52,DAP,18-46-0,Phosphorus is severely deficient. DAP delivers high P (46%) essential for root development and energy transfer.,"Apply 80–100 kg/ha as basal dose, 5–10 cm below seed level before planting."
Rice,Sandy,91,18,57,SSP (Single Super Phosphate),0-16-0,Severe phosphorus deficiency. SSP provides P with calcium and sulphur — ideal for legumes and oilseeds.,Apply 200–250 kg/ha as basal dose incorporated into soil before sowing.
Rice,Sandy,106,59,48,NPK 17-17-17,17-17-17,"All three nutrients (N, P, K) are below optimal. Balanced 17-17-17 corrects deficiencies uniformly.",Apply 150–200 kg/ha basal + 50–75 kg/ha top-dress at 30 & 60 DAS.
Rice,Sandy,84,31,58,DAP,18-46-0,Phosphorus is severely deficient. DAP delivers high P (46%) essential for root development and energy transfer.,"Apply 80–100 kg/ha as basal dose, 5–10 cm below seed level before planting."
Rice,Sandy,110,12,11,NPK 10-26-26,10-26-26,Phosphorus and potassium are deficient; nitrogen is adequate. NPK 10-26-26 corrects P & K without excess N.,Apply 120–150 kg/ha as basal dose before planting. Ideal for fruiting crops.
Rice,Sandy,59,52,61,Ammonium Sulphate,21-0-0,Nitrogen is moderately low. Ammonium Sulphate provides N + sulphur — ideal for alkaline/sulphur-deficient soils.,Apply 100–150 kg/ha in two splits: at planting and 30–40 DAS.
Rice,Sandy,35,41,29,NPK 13-0-45,13-0-45,High potassium demand with adequate phosphorus. NPK 13-0-45 provides premium K and supplementary N for quality crops.,Apply 100–120 kg/ha: 40% basal + 60% at flowering/fruiting via fertigation.
Rice,Sandy,121,54,54,NPK 17-17-17,17-17-17,"All three nutrients (N, P, K) are below optimal. Balanced 17-17-17 corrects deficiencies uniformly.",Apply 150–200 kg/ha basal + 50–75 kg/ha top-dress at 30 & 60 DAS.
Rice,Loamy,69,31,24,NPK 10-26-26,10-26-26,Phosphorus and potassium are deficient; nitrogen is adequate. NPK 10-26-26 corrects P & K without excess N.,Apply 120–150 kg/ha as basal dose before planting. Ideal for fruiting crops.
Rice,Loamy,25,55,52,Urea,46-0-0,Nitrogen is severely deficient. Urea (46% N) rapidly restores soil nitrogen for vegetative growth.,Apply 100–120 kg/ha split: 50% at sowing + 50% at 30 DAS. Incorporate into moist soil.
Rice,Loamy,124,62,39,NPK 17-17-17,17-17-17,"All three nutrients (N, P, K) are below optimal. Balanced 17-17-17 corrects deficiencies uniformly.",Apply 150–200 kg/ha basal + 50–75 kg/ha top-dress at 30 & 60 DAS.
Rice,Loamy,100,59,54,NPK 17-17-17,17-17-17,"All three nutrients (N, P, K) are below optimal. Balanced 17-17-17 corrects deficiencies uniformly.",Apply 150–200 kg/ha basal + 50–75 kg/ha top-dress at 30 & 60 DAS.
Rice,Loamy,45,33,16,NPK 13-0-45,13-0-45,High potassium demand with adequate phosphorus. NPK 13-0-45 provides premium K and supplementary N for quality crops.,Apply 100–120 kg/ha: 40% basal + 60% at flowering/fruiting via fertigation.
Rice,Loamy,120,41,22,MOP (Muriate of Potash),0-0-60,"Potassium is severely deficient. MOP (60% K) improves drought tolerance, disease resistance, and grain quality.",Apply 60–80 kg/ha: 50% basal at sowing + 50% at flowering. Avoid during dry spells.
Rice,Loamy,90,42,28,NPK 13-0-45,13-0-45,High potassium demand with adequate phosphorus. NPK 13-0-45 provides premium K and supplementary N for quality crops.,Apply 100–120 kg/ha: 40% basal + 60% at flowering/fruiting via fertigation.
Rice,Loamy,31,45,37,Urea,46-0-0,Nitrogen is severely deficient. Urea (46% N) rapidly restores soil nitrogen for vegetative growth.,Apply 100–120 kg/ha split: 50% at sowing + 50% at 30 DAS. Incorporate into moist soil.
Rice,Loamy,101,37,54,NPK 17-17-17,17-17-17,"All three nutrients (N, P, K) are below optimal. Balanced 17-17-17 corrects deficiencies uniformly.",Apply 150–200 kg/ha basal + 50–75 kg/ha top-dress at 30 & 60 DAS.
Rice,Loamy,77,39,56,NPK 17-17-17,17-17-17,"All three nutrients (N, P, K) are below optimal. Balanced 17-17-17 corrects deficiencies uniformly.",Apply 150–200 kg/ha basal + 50–75 kg/ha top-dress at 30 & 60 DAS.
Rice,Loamy,62,17,11,NPK 17-17-17,17-17-17,"All three nutrients (N, P, K) are below optimal. Balanced 17-17-17 corrects deficiencies uniformly.",Apply 150–200 kg/ha basal + 50–75 kg/ha top-dress at 30 & 60 DAS.
Rice,Loamy,99,42,46,NPK 17-17-17,17-17-17,"All three nutrients (N, P, K) are below optimal. Balanced 17-17-17 corrects deficiencies uniformly.",Apply 150–200 kg/ha basal + 50–75 kg/ha top-dress at 30 & 60 DAS.
Rice,Loamy,42,17,10,NPK 17-17-17,17-17-17,"All three nutrients (N, P, K) are below optimal. Balanced 17-17-17 corrects deficiencies uniformly.",Apply 150–200 kg/ha basal + 50–75 kg/ha top-dress at 30 & 60 DAS.
Rice,Loamy,56,40,30,NPK 13-0-45,13-0-45,High potassium demand with adequate phosphorus. NPK 13-0-45 provides premium K and supplementary N for quality crops.,Apply 100–120 kg/ha: 40% basal + 60% at flowering/fruiting via fertigation.
Rice,Loamy,65,57,28,NPK 13-0-45,13-0-45,High potassium demand with adequate phosphorus. NPK 13-0-45 provides premium K and supplementary N for quality crops.,Apply 100–120 kg/ha: 40% basal + 60% at flowering/fruiting via fertigation.
Rice,Loamy,73,51,30,NPK 13-0-45,13-0-45,High potassium demand with adequate phosphorus. NPK 13-0-45 provides premium K and supplementary N for quality crops.,Apply 100–120 kg/ha: 40% basal + 60% at flowering/fruiting via fertigation.
Rice,Loamy,85,55,59,NPK 17-17-17,17-17-17,"All three nutrients (N, P, K) are below optimal. Balanced 17-17-17 corrects deficiencies uniformly.",Apply 150–200 kg/ha basal + 50–75 kg/ha top-dress at 30 & 60 DAS.
Rice,Loamy,35,58,35,Urea,46-0-0,Nitrogen is severely deficient. Urea (46% N) rapidly restores soil nitrogen for vegetative growth.,Apply 100–120 kg/ha split: 50% at sowing + 50% at 30 DAS. Incorporate into moist soil.
Rice,Loamy,47,34,61,Urea,46-0-0,Nitrogen is severely deficient. Urea (46% N) rapidly restores soil nitrogen for vegetative growth.,Apply 100–120 kg/ha split: 50% at sowing + 50% at 30 DAS. Incorporate into moist soil.
Rice,Loamy,71,27,43,DAP,18-46-0,Phosphorus is severely deficient. DAP delivers high P (46%) essential for root development and energy transfer.,"Apply 80–100 kg/ha as basal dose, 5–10 cm below seed level before planting."
Rice,Loamy,45,13,16,NPK 17-17-17,17-17-17,"All three nutrients (N, P, K) are below optimal. Balanced 17-17-17 corrects deficiencies uniformly.",Apply 150–200 kg/ha basal + 50–75 kg/ha top-dress at 30 & 60 DAS.
Rice,Loamy,33,17,17,NPK 17-17-17,17-17-17,"All three nutrients (N, P, K) are below optimal. Balanced 17-17-17 corrects deficiencies uniformly.",Apply 150–200 kg/ha basal + 50–75 kg/ha top-dress at 30 & 60 DAS.
Rice,Loamy,87,19,28,NPK 10-26-26,10-26-26,Phosphorus and potassium are deficient; nitrogen is adequate. NPK 10-26-26 corrects P & K without excess N.,Apply 120–150 kg/ha as basal dose before planting. Ideal for fruiting crops.
Rice,Loamy,114,34,45,NPK 17-17-17,17-17-17,"All three nutrients (N, P, K) are below optimal. Balanced 17-17-17 corrects deficiencies uniformly.",Apply 150–200 kg/ha basal + 50–75 kg/ha top-dress at 30 & 60 DAS.
Rice,Loamy,38,20,12,NPK 17-17-17,17-17-17,"All three nutrients (N, P, K) are below optimal. Balanced 17-17-17 corrects deficiencies uniformly.",Apply 150–200 kg/ha basal + 50–75 kg/ha top-dress at 30 & 60 DAS.
Rice,Clay,37,24,19,NPK 17-17-17,17-17-17,"All three nutrients (N, P, K) are below optimal. Balanced 17-17-17 corrects deficiencies uniformly.",Apply 150–200 kg/ha basal + 50–75 kg/ha top-dress at 30 & 60 DAS.
Rice,Clay,29,16,34,NPK 20-20-0,20-20-0,Nitrogen and phosphorus are deficient; potassium is adequate. NPK 20-20-0 targets N & P without excess K.,Apply 120–150 kg/ha at sowing. Supplement with 30 kg/ha urea at tillering stage.
Rice,Clay,41,29,36,NPK 20-20-0,20-20-0,Nitrogen and phosphorus are deficient; potassium is adequate. NPK 20-20-0 targets N & P without excess K.,Apply 120–150 kg/ha at sowing. Supplement with 30 kg/ha urea at tillering stage.
Rice,Clay,92,12,51,SSP (Single Super Phosphate),0-16-0,Severe phosphorus deficiency. SSP provides P with calcium and sulphur — ideal for legumes and oilseeds.,Apply 200–250 kg/ha as basal dose incorporated into soil before sowing.
Rice,Clay,85,14,55,SSP (Single Super Phosphate),0-16-0,Severe phosphorus deficiency. SSP provides P with calcium and sulphur — ideal for legumes and oilseeds.,Apply 200–250 kg/ha as basal dose incorporated into soil before sowing.
Rice,Clay,116,13,24,NPK 10-26-26,10-26-26,Phosphorus and potassium are deficient; nitrogen is adequate. NPK 10-26-26 corrects P & K without excess N.,Apply 120–150 kg/ha as basal dose before planting. Ideal for fruiting crops.
Rice,Clay,104,49,19,MOP (Muriate of Potash),0-0-60,"Potassium is severely deficient. MOP (60% K) improves drought tolerance, disease resistance, and grain quality.",Apply 60–80 kg/ha: 50% basal at sowing + 50% at flowering. Avoid during dry spells.
Rice,Clay,41,29,35,NPK 20-20-0,20-20-0,Nitrogen and phosphorus are deficient; potassium is adequate. NPK 20-20-0 targets N & P without excess K.,Apply 120–150 kg/ha at sowing. Supplement with 30 kg/ha urea at tillering stage.
Rice,Clay,84,29,34,DAP,18-46-0,Phosphorus is severely deficient. DAP delivers high P (46%) essential for root development and energy transfer.,"Apply 80–100 kg/ha as basal dose, 5–10 cm below seed level before planting."
Rice,Clay,98,11,23,NPK 10-26-26,10-26-26,Phosphorus and potassium are deficient; nitrogen is adequate. NPK 10-26-26 corrects P & K without excess N.,Apply 120–150 kg/ha as basal dose before planting. Ideal for fruiting crops.
Rice,Clay,94,56,36,NPK 17-17-17,17-17-17,"All three nutrients (N, P, K) are below optimal. Balanced 17-17-17 corrects deficiencies uniformly.",Apply 150–200 kg/ha basal + 50–75 kg/ha top-dress at 30 & 60 DAS.
Rice,Clay,75,15,33,SSP (Single Super Phosphate),0-16-0,Severe phosphorus deficiency. SSP provides P with calcium and sulphur — ideal for legumes and oilseeds.,Apply 200–250 kg/ha as basal dose incorporated into soil before sowing.
Rice,Clay,75,22,24,NPK 10-26-26,10-26-26,Phosphorus and potassium are deficient; nitrogen is adequate. NPK 10-26-26 corrects P & K without excess N.,Apply 120–150 kg/ha as basal dose before planting. Ideal for fruiting crops.
Rice,Clay,59,11,26,NPK 17-17-17,17-17-17,"All three nutrients (N, P, K) are below optimal. Balanced 17-17-17 corrects deficiencies uniformly.",Apply 150–200 kg/ha basal + 50–75 kg/ha top-dress at 30 & 60 DAS.
Rice,Clay,42,27,16,NPK 17-17-17,17-17-17,"All three nutrients (N, P, K) are below optimal. Balanced 17-17-17 corrects deficiencies uniformly.",Apply 150–200 kg/ha basal + 50–75 kg/ha top-dress at 30 & 60 DAS.
Rice,Clay,113,41,45,NPK 17-17-17,17-17-17,"All three nutrients (N, P, K) are below optimal. Balanced 17-17-17 corrects deficiencies uniformly.",Apply 150–200 kg/ha basal + 50–75 kg/ha top-dress at 30 & 60 DAS.
Rice,Clay,102,36,14,MOP (Muriate of Potash),0-0-60,"Potassium is severely deficient. MOP (60% K) improves drought tolerance, disease resistance, and grain quality.",Apply 60–80 kg/ha: 50% basal at sowing + 50% at flowering. Avoid during dry spells.
Rice,Clay,76,40,49,Ammonium Sulphate,21-0-0,Nitrogen is moderately low. Ammonium Sulphate provides N + sulphur — ideal for alkaline/sulphur-deficient soils.,Apply 100–150 kg/ha in two splits: at planting and 30–40 DAS.
Rice,Clay,65,16,24,NPK 10-26-26,10-26-26,Phosphorus and potassium are deficient; nitrogen is adequate. NPK 10-26-26 corrects P & K without excess N.,Apply 120–150 kg/ha as basal dose before planting. Ideal for fruiting crops.
Rice,Clay,58,43,39,Ammonium Sulphate,21-0-0,Nitrogen is moderately low. Ammonium Sulphate provides N + sulphur — ideal for alkaline/sulphur-deficient soils.,Apply 100–150 kg/ha in two splits: at planting and 30–40 DAS.
Rice,Clay,57,61,41,Ammonium Sulphate,21-0-0,Nitrogen is moderately low. Ammonium Sulphate provides N + sulphur — ideal for alkaline/sulphur-deficient soils.,Apply 100–150 kg/ha in two splits: at planting and 30–40 DAS.
Rice,Clay,44,15,18,NPK 17-17-17,17-17-17,"All three nutrients (N, P, K) are below optimal. Balanced 17-17-17 corrects deficiencies uniformly.",Apply 150–200 kg/ha basal + 50–75 kg/ha top-dress at 30 & 60 DAS.
Rice,Clay,45,18,19,NPK 17-17-17,17-17-17,"All three nutrients (N, P, K) are below optimal. Balanced 17-17-17 corrects deficiencies uniformly.",Apply 150–200 kg/ha basal + 50–75 kg/ha top-dress at 30 & 60 DAS.
Rice,Clay,49,19,57,NPK 20-20-0,20-20-0,Nitrogen and phosphorus are deficient; potassium is adequate. NPK 20-20-0 targets N & P without excess K.,Apply 120–150 kg/ha at sowing. Supplement with 30 kg/ha urea at tillering stage.
Rice,Clay,28,37,31,NPK 13-0-45,13-0-45,High potassium demand with adequate phosphorus. NPK 13-0-45 provides premium K and supplementary N for quality crops.,Apply 100–120 kg/ha: 40% basal + 60% at flowering/fruiting via fertigation.
Rice,Silt,123,15,30,NPK 10-26-26,10-26-26,Phosphorus and potassium are deficient; nitrogen is adequate. NPK 10-26-26 corrects P & K without excess N.,Apply 120–150 kg/ha as basal dose before planting. Ideal for fruiting crops.
Rice,Silt,121,55,52,NPK 17-17-17,17-17-17,"All three nutrients (N, P, K) are below optimal. Balanced 17-17-17 corrects deficiencies uniformly.",Apply 150–200 kg/ha basal + 50–75 kg/ha top-dress at 30 & 60 DAS.
Rice,Silt,47,18,45,NPK 20-20-0,20-20-0,Nitrogen and phosphorus are deficient; potassium is adequate. NPK 20-20-0 targets N & P without excess K.,Apply 120–150 kg/ha at sowing. Supplement with 30 kg/ha urea at tillering stage.
Rice,Silt,117,39,40,NPK 17-17-17,17-17-17,"All three nutrients (N, P, K) are below optimal. Balanced 17-17-17 corrects deficiencies uniformly.",Apply 150–200 kg/ha basal + 50–75 kg/ha top-dress at 30 & 60 DAS.
Rice,Silt,49,50,19,NPK 13-0-45,13-0-45,High potassium demand with adequate phosphorus. NPK 13-0-45 provides premium K and supplementary N for quality crops.,Apply 100–120 kg/ha: 40% basal + 60% at flowering/fruiting via fertigation.
Rice,Silt,53,32,36,NPK 20-20-0,20-20-0,Nitrogen and phosphorus are deficient; potassium is adequate. NPK 20-20-0 targets N & P without excess K.,Apply 120–150 kg/ha at sowing. Supplement with 30 kg/ha urea at tillering stage.
Rice,Silt,45,16,42,NPK 20-20-0,20-20-0,Nitrogen and phosphorus are deficient; potassium is adequate. NPK 20-20-0 targets N & P without excess K.,Apply 120–150 kg/ha at sowing. Supplement with 30 kg/ha urea at tillering stage.
Rice,Silt,50,40,18,NPK 13-0-45,13-0-45,High potassium demand with adequate phosphorus. NPK 13-0-45 provides premium K and supplementary N for quality crops.,Apply 100–120 kg/ha: 40% basal + 60% at flowering/fruiting via fertigation.
Rice,Silt,70,37,12,MOP (Muriate of Potash),0-0-60,"Potassium is severely deficient. MOP (60% K) improves drought tolerance, disease resistance, and grain quality.",Apply 60–80 kg/ha: 50% basal at sowing + 50% at flowering. Avoid during dry spells.
Rice,Silt,55,17,13,NPK 17-17-17,17-17-17,"All three nutrients (N, P, K) are below optimal. Balanced 17-17-17 corrects deficiencies uniformly.",Apply 150–200 kg/ha basal + 50–75 kg/ha top-dress at 30 & 60 DAS.
Rice,Silt,123,26,52,DAP,18-46-0,Phosphorus is severely deficient. DAP delivers high P (46%) essential for root development and energy transfer.,"Apply 80–100 kg/ha as basal dose, 5–10 cm below seed level before planting."
Rice,Silt,46,45,49,Urea,46-0-0,Nitrogen is severely deficient. Urea (46% N) rapidly restores soil nitrogen for vegetative growth.,Apply 100–120 kg/ha split: 50% at sowing + 50% at 30 DAS. Incorporate into moist soil.
Rice,Silt,82,34,31,NPK 13-0-45,13-0-45,High potassium demand with adequate phosphorus. NPK 13-0-45 provides premium K and supplementary N for quality crops.,Apply 100–120 kg/ha: 40% basal + 60% at flowering/fruiting via fertigation.
Rice,Silt,56,58,53,Ammonium Sulphate,21-0-0,Nitrogen is moderately low. Ammonium Sulphate provides N + sulphur — ideal for alkaline/sulphur-deficient soils.,Apply 100–150 kg/ha in two splits: at planting and 30–40 DAS.
Rice,Silt,121,16,48,SSP (Single Super Phosphate),0-16-0,Severe phosphorus deficiency. SSP provides P with calcium and sulphur — ideal for legumes and oilseeds.,Apply 200–250 kg/ha as basal dose incorporated into soil before sowing.
Rice,Silt,118,19,13,NPK 10-26-26,10-26-26,Phosphorus and potassium are deficient; nitrogen is adequate. NPK 10-26-26 corrects P & K without excess N.,Apply 120–150 kg/ha as basal dose before planting. Ideal for fruiting crops.
Rice,Silt,97,40,54,NPK 17-17-17,17-17-17,"All three nutrients (N, P, K) are below optimal. Balanced 17-17-17 corrects deficiencies uniformly.",Apply 150–200 kg/ha basal + 50–75 kg/ha top-dress at 30 & 60 DAS.
Rice,Silt,34,51,20,NPK 13-0-45,13-0-45,High potassium demand with adequate phosphorus. NPK 13-0-45 provides premium K and supplementary N for quality crops.,Apply 100–120 kg/ha: 40% basal + 60% at flowering/fruiting via fertigation.
Rice,Silt,37,18,52,NPK 20-20-0,20-20-0,Nitrogen and phosphorus are deficient; potassium is adequate. NPK 20-20-0 targets N & P without excess K.,Apply 120–150 kg/ha at sowing. Supplement with 30 kg/ha urea at tillering stage.
Rice,Silt,89,37,28,NPK 13-0-45,13-0-45,High potassium demand with adequate phosphorus. NPK 13-0-45 provides premium K and supplementary N for quality crops.,Apply 100–120 kg/ha: 40% basal + 60% at flowering/fruiting via fertigation.
Rice,Silt,112,30,52,DAP,18-46-0,Phosphorus is severely deficient. DAP delivers high P (46%) essential for root development and energy transfer.,"Apply 80–100 kg/ha as basal dose, 5–10 cm below seed level before planting."
Rice,Silt,66,29,34,DAP,18-46-0,Phosphorus is severely deficient. DAP delivers high P (46%) essential for root development and energy transfer.,"Apply 80–100 kg/ha as basal dose, 5–10 cm below seed level before planting."
Rice,Silt,51,49,36,Ammonium Sulphate,21-0-0,Nitrogen is moderately low. Ammonium Sulphate provides N + sulphur — ideal for alkaline/sulphur-deficient soils.,Apply 100–150 kg/ha in two splits: at planting and 30–40 DAS.
Rice,Silt,44,57,30,NPK 13-0-45,13-0-45,High potassium demand with adequate phosphorus. NPK 13-0-45 provides premium K and supplementary N for quality crops.,Apply 100–120 kg/ha: 40% basal + 60% at flowering/fruiting via fertigation.
Rice,Silt,77,57,42,Ammonium Sulphate,21-0-0,Nitrogen is moderately low. Ammonium Sulphate provides N + sulphur — ideal for alkaline/sulphur-deficient soils.,Apply 100–150 kg/ha in two splits: at planting and 30–40 DAS.
Rice,Black,32,59,42,Urea,46-0-0,Nitrogen is severely deficient. Urea (46% N) rapidly restores soil nitrogen for vegetative growth.,Apply 100–120 kg/ha split: 50% at sowing + 50% at 30 DAS. Incorporate into moist soil.
Rice,Black,55,17,51,NPK 20-20-0,20-20-0,Nitrogen and phosphorus are deficient; potassium is adequate. NPK 20-20-0 targets N & P without excess K.,Apply 120–150 kg/ha at sowing. Supplement with 30 kg/ha urea at tillering stage.
Rice,Black,85,38,56,NPK 17-17-17,17-17-17,"All three nutrients (N, P, K) are below optimal. Balanced 17-17-17 corrects deficiencies uniformly.",Apply 150–200 kg/ha basal + 50–75 kg/ha top-dress at 30 & 60 DAS.
Rice,Black,102,17,26,NPK 10-26-26,10-26-26,Phosphorus and potassium are deficient; nitrogen is adequate. NPK 10-26-26 corrects P & K without excess N.,Apply 120–150 kg/ha as basal dose before planting. Ideal for fruiting crops.
Rice,Black,46,49,11,NPK 13-0-45,13-0-45,High potassium demand with adequate phosphorus. NPK 13-0-45 provides premium K and supplementary N for quality crops.,Apply 100–120 kg/ha: 40% basal + 60% at flowering/fruiting via fertigation.
Rice,Black,79,50,56,Ammonium Sulphate,21-0-0,Nitrogen is moderately low. Ammonium Sulphate provides N + sulphur — ideal for alkaline/sulphur-deficient soils.,Apply 100–150 kg/ha in two splits: at planting and 30–40 DAS.
Rice,Black,55,53,15,NPK 13-0-45,13-0-45,High potassium demand with adequate phosphorus. NPK 13-0-45 provides premium K and supplementary N for quality crops.,Apply 100–120 kg/ha: 40% basal + 60% at flowering/fruiting via fertigation.
Rice,Black,108,16,30,NPK 10-26-26,10-26-26,Phosphorus and potassium are deficient; nitrogen is adequate. NPK 10-26-26 corrects P & K without excess N.,Apply 120–150 kg/ha as basal dose before planting. Ideal for fruiting crops.
Rice,Black,103,17,22,NPK 10-26-26,10-26-26,Phosphorus and potassium are deficient; nitrogen is adequate. NPK 10-26-26 corrects P & K without excess N.,Apply 120–150 kg/ha as basal dose before planting. Ideal for fruiting crops.
Rice,Black,95,47,43,NPK 17-17-17,17-17-17,"All three nutrients (N, P, K) are below optimal. Balanced 17-17-17 corrects deficiencies uniformly.",Apply 150–200 kg/ha basal + 50–75 kg/ha top-dress at 30 & 60 DAS.
Rice,Black,92,38,23,NPK 13-0-45,13-0-45,High potassium demand with adequate phosphorus. NPK 13-0-45 provides premium K and supplementary N for quality crops.,Apply 100–120 kg/ha: 40% basal + 60% at flowering/fruiting via fertigation.
Rice,Black,56,19,57,NPK 20-20-0,20-20-0,Nitrogen and phosphorus are deficient; potassium is adequate. NPK 20-20-0 targets N & P without excess K.,Apply 120–150 kg/ha at sowing. Supplement with 30 kg/ha urea at tillering stage.
Rice,Black,81,31,34,DAP,18-46-0,Phosphorus is severely deficient. DAP delivers high P (46%) essential for root development and energy transfer.,"Apply 80–100 kg/ha as basal dose, 5–10 cm below seed level before planting."
Rice,Black,119,18,40,SSP (Single Super Phosphate),0-16-0,Severe phosphorus deficiency. SSP provides P with calcium and sulphur — ideal for legumes and oilseeds.,Apply 200–250 kg/ha as basal dose incorporated into soil before sowing.
Rice,Black,73,42,10,MOP (Muriate of Potash),0-0-60,"Potassium is severely deficient. MOP (60% K) improves drought tolerance, disease resistance, and grain quality.",Apply 60–80 kg/ha: 50% basal at sowing + 50% at flowering. Avoid during dry spells.
Rice,Black,111,58,39,NPK 17-17-17,17-17-17,"All three nutrients (N, P, K) are below optimal. Balanced 17-17-17 corrects deficiencies uniformly.",Apply 150–200 kg/ha basal + 50–75 kg/ha top-dress at 30 & 60 DAS.
Rice,Black,93,58,47,NPK 17-17-17,17-17-17,"All three nutrients (N, P, K) are below optimal. Balanced 17-17-17 corrects deficiencies uniformly.",Apply 150–200 kg/ha basal + 50–75 kg/ha top-dress at 30 & 60 DAS.
Rice,Black,36,40,41,Urea,46-0-0,Nitrogen is severely deficient. Urea (46% N) rapidly restores soil nitrogen for vegetative growth.,Apply 100–120 kg/ha split: 50% at sowing + 50% at 30 DAS. Incorporate into moist soil.
Rice,Black,64,48,59,Ammonium Sulphate,21-0-0,Nitrogen is moderately low. Ammonium Sulphate provides N + sulphur — ideal for alkaline/sulphur-deficient soils.,Apply 100–150 kg/ha in two splits: at planting and 30–40 DAS.
Rice,Black,117,33,15,MOP (Muriate of Potash),0-0-60,"Potassium is severely deficient. MOP (60% K) improves drought tolerance, disease resistance, and grain quality.",Apply 60–80 kg/ha: 50% basal at sowing + 50% at flowering. Avoid during dry spells.
Rice,Black,123,54,16,MOP (Muriate of Potash),0-0-60,"Potassium is severely deficient. MOP (60% K) improves drought tolerance, disease resistance, and grain quality.",Apply 60–80 kg/ha: 50% basal at sowing + 50% at flowering. Avoid during dry spells.
Rice,Black,116,55,37,NPK 17-17-17,17-17-17,"All three nutrients (N, P, K) are below optimal. Balanced 17-17-17 corrects deficiencies uniformly.",Apply 150–200 kg/ha basal + 50–75 kg/ha top-dress at 30 & 60 DAS.
Rice,Black,82,30,12,NPK 10-26-26,10-26-26,Phosphorus and potassium are deficient; nitrogen is adequate. NPK 10-26-26 corrects P & K without excess N.,Apply 120–150 kg/ha as basal dose before planting. Ideal for fruiting crops.
Rice,Black,55,52,10,NPK 13-0-45,13-0-45,High potassium demand with adequate phosphorus. NPK 13-0-45 provides premium K and supplementary N for quality crops.,Apply 100–120 kg/ha: 40% basal + 60% at flowering/fruiting via fertigation.
Rice,Black,55,30,38,NPK 20-20-0,20-20-0,Nitrogen and phosphorus are deficient; potassium is adequate. NPK 20-20-0 targets N & P without excess K.,Apply 120–150 kg/ha at sowing. Supplement with 30 kg/ha urea at tillering stage.
Rice,Red,116,28,28,NPK 10-26-26,10-26-26,Phosphorus and potassium are deficient; nitrogen is adequate. NPK 10-26-26 corrects P & K without excess N.,Apply 120–150 kg/ha as basal dose before planting. Ideal for fruiting crops.
Rice,Red,97,33,21,MOP (Muriate of Potash),0-0-60,"Potassium is severely deficient. MOP (60% K) improves drought tolerance, disease resistance, and grain quality.",Apply 60–80 kg/ha: 50% basal at sowing + 50% at flowering. Avoid during dry spells.
Rice,Red,67,17,19,NPK 10-26-26,10-26-26,Phosphorus and potassium are deficient; nitrogen is adequate. NPK 10-26-26 corrects P & K without excess N.,Apply 120–150 kg/ha as basal dose before planting. Ideal for fruiting crops.
Rice,Red,72,31,58,DAP,18-46-0,Phosphorus is severely deficient. DAP delivers high P (46%) essential for root development and energy transfer.,"Apply 80–100 kg/ha as basal dose, 5–10 cm below seed level before planting."
Rice,Red,58,40,43,Ammonium Sulphate,21-0-0,Nitrogen is moderately low. Ammonium Sulphate provides N + sulphur — ideal for alkaline/sulphur-deficient soils.,Apply 100–150 kg/ha in two splits: at planting and 30–40 DAS.
Rice,Red,21,44,19,NPK 13-0-45,13-0-45,High potassium demand with adequate phosphorus. NPK 13-0-45 provides premium K and supplementary N for quality crops.,Apply 100–120 kg/ha: 40% basal + 60% at flowering/fruiting via fertigation.
Rice,Red,120,17,31,NPK 10-26-26,10-26-26,Phosphorus and potassium are deficient; nitrogen is adequate. NPK 10-26-26 corrects P & K without excess N.,Apply 120–150 kg/ha as basal dose before planting. Ideal for fruiting crops.
Rice,Red,28,62,36,Urea,46-0-0,Nitrogen is severely deficient. Urea (46% N) rapidly restores soil nitrogen for vegetative growth.,Apply 100–120 kg/ha split: 50% at sowing + 50% at 30 DAS. Incorporate into moist soil.
Rice,Red,82,13,49,SSP (Single Super Phosphate),0-16-0,Severe phosphorus deficiency. SSP provides P with calcium and sulphur — ideal for legumes and oilseeds.,Apply 200–250 kg/ha as basal dose incorporated into soil before sowing.
Rice,Red,42,57,20,NPK 13-0-45,13-0-45,High potassium demand with adequate phosphorus. NPK 13-0-45 provides premium K and supplementary N for quality crops.,Apply 100–120 kg/ha: 40% basal + 60% at flowering/fruiting via fertigation.
Rice,Red,40,11,34,NPK 20-20-0,20-20-0,Nitrogen and phosphorus are deficient; potassium is adequate. NPK 20-20-0 targets N & P without excess K.,Apply 120–150 kg/ha at sowing. Supplement with 30 kg/ha urea at tillering stage.
Rice,Red,79,13,50,SSP (Single Super Phosphate),0-16-0,Severe phosphorus deficiency. SSP provides P with calcium and sulphur — ideal for legumes and oilseeds.,Apply 200–250 kg/ha as basal dose incorporated into soil before sowing.
Rice,Red,67,37,33,NPK 13-0-45,13-0-45,High potassium demand with adequate phosphorus. NPK 13-0-45 provides premium K and supplementary N for quality crops.,Apply 100–120 kg/ha: 40% basal + 60% at flowering/fruiting via fertigation.
Rice,Red,62,39,18,NPK 13-0-45,13-0-45,High potassium demand with adequate phosphorus. NPK 13-0-45 provides premium K and supplementary N for quality crops.,Apply 100–120 kg/ha: 40% basal + 60% at flowering/fruiting via fertigation.
Rice,Red,39,55,59,Urea,46-0-0,Nitrogen is severely deficient. Urea (46% N) rapidly restores soil nitrogen for vegetative growth.,Apply 100–120 kg/ha split: 50% at sowing + 50% at 30 DAS. Incorporate into moist soil.
Rice,Red,59,24,43,NPK 20-20-0,20-20-0,Nitrogen and phosphorus are deficient; potassium is adequate. NPK 20-20-0 targets N & P without excess K.,Apply 120–150 kg/ha at sowing. Supplement with 30 kg/ha urea at tillering stage.
Rice,Red,62,11,18,NPK 17-17-17,17-17-17,"All three nutrients (N, P, K) are below optimal. Balanced 17-17-17 corrects deficiencies uniformly.",Apply 150–200 kg/ha basal + 50–75 kg/ha top-dress at 30 & 60 DAS.
Rice,Red,95,44,11,MOP (Muriate of Potash),0-0-60,"Potassium is severely deficient. MOP (60% K) improves drought tolerance, disease resistance, and grain quality.",Apply 60–80 kg/ha: 50% basal at sowing + 50% at flowering. Avoid during dry spells.
Rice,Red,43,22,45,NPK 20-20-0,20-20-0,Nitrogen and phosphorus are deficient; potassium is adequate. NPK 20-20-0 targets N & P without excess K.,Apply 120–150 kg/ha at sowing. Supplement with 30 kg/ha urea at tillering stage.
Rice,Red,22,15,51,NPK 20-20-0,20-20-0,Nitrogen and phosphorus are deficient; potassium is adequate. NPK 20-20-0 targets N & P without excess K.,Apply 120–150 kg/ha at sowing. Supplement with 30 kg/ha urea at tillering stage.
Rice,Red,38,44,22,NPK 13-0-45,13-0-45,High potassium demand with adequate phosphorus. NPK 13-0-45 provides premium K and supplementary N for quality crops.,Apply 100–120 kg/ha: 40% basal + 60% at flowering/fruiting via fertigation.
Rice,Red,30,22,47,NPK 20-20-0,20-20-0,Nitrogen and phosphorus are deficient; potassium is adequate. NPK 20-20-0 targets N & P without excess K.,Apply 120–150 kg/ha at sowing. Supplement with 30 kg/ha urea at tillering stage.
Rice,Red,109,53,30,NPK 13-0-45,13-0-45,High potassium demand with adequate phosphorus. NPK 13-0-45 provides premium K and supplementary N for quality crops.,Apply 100–120 kg/ha: 40% basal + 60% at flowering/fruiting via fertigation.
Rice,Red,90,20,25,NPK 10-26-26,10-26-26,Phosphorus and potassium are deficient; nitrogen is adequate. NPK 10-26-26 corrects P & K without excess N.,Apply 120–150 kg/ha as basal dose before planting. Ideal for fruiting crops.
Rice,Red,114,10,14,NPK 10-26-26,10-26-26,Phosphorus and potassium are deficient; nitrogen is adequate. NPK 10-26-26 corrects P & K without excess N.,Apply 120–150 kg/ha as basal dose before planting. Ideal for fruiting crops.
Maize,Sandy,50,13,15,NPK 17-17-17,17-17-17,"All three nutrients (N, P, K) are below optimal. Balanced 17-17-17 corrects deficiencies uniformly.",Apply 150–200 kg/ha basal + 50–75 kg/ha top-dress at 30 & 60 DAS.
Maize,Sandy,97,38,45,DAP,18-46-0,Phosphorus is severely deficient. DAP delivers high P (46%) essential for root development and energy transfer.,"Apply 80–100 kg/ha as basal dose, 5–10 cm below seed level before planting."
Maize,Sandy,126,33,18,NPK 10-26-26,10-26-26,Phosphorus and potassium are deficient; nitrogen is adequate. NPK 10-26-26 corrects P & K without excess N.,Apply 120–150 kg/ha as basal dose before planting. Ideal for fruiting crops.
Maize,Sandy,71,49,19,NPK 13-0-45,13-0-45,High potassium demand with adequate phosphorus. NPK 13-0-45 provides premium K and supplementary N for quality crops.,Apply 100–120 kg/ha: 40% basal + 60% at flowering/fruiting via fertigation.
Maize,Sandy,102,37,31,DAP,18-46-0,Phosphorus is severely deficient. DAP delivers high P (46%) essential for root development and energy transfer.,"Apply 80–100 kg/ha as basal dose, 5–10 cm below seed level before planting."
Maize,Sandy,78,30,47,DAP,18-46-0,Phosphorus is severely deficient. DAP delivers high P (46%) essential for root development and energy transfer.,"Apply 80–100 kg/ha as basal dose, 5–10 cm below seed level before planting."
Maize,Sandy,120,20,44,SSP (Single Super Phosphate),0-16-0,Severe phosphorus deficiency. SSP provides P with calcium and sulphur — ideal for legumes and oilseeds.,Apply 200–250 kg/ha as basal dose incorporated into soil before sowing.
Maize,Sandy,85,68,41,Ammonium Sulphate,21-0-0,Nitrogen is moderately low. Ammonium Sulphate provides N + sulphur — ideal for alkaline/sulphur-deficient soils.,Apply 100–150 kg/ha in two splits: at planting and 30–40 DAS.
Maize,Sandy,77,13,19,NPK 17-17-17,17-17-17,"All three nutrients (N, P, K) are below optimal. Balanced 17-17-17 corrects deficiencies uniformly.",Apply 150–200 kg/ha basal + 50–75 kg/ha top-dress at 30 & 60 DAS.
Maize,Sandy,92,51,18,NPK 13-0-45,13-0-45,High potassium demand with adequate phosphorus. NPK 13-0-45 provides premium K and supplementary N for quality crops.,Apply 100–120 kg/ha: 40% basal + 60% at flowering/fruiting via fertigation.
Maize,Sandy,41,64,49,Urea,46-0-0,Nitrogen is severely deficient. Urea (46% N) rapidly restores soil nitrogen for vegetative growth.,Apply 100–120 kg/ha split: 50% at sowing + 50% at 30 DAS. Incorporate into moist soil.
Maize,Sandy,90,22,19,NPK 10-26-26,10-26-26,Phosphorus and potassium are deficient; nitrogen is adequate. NPK 10-26-26 corrects P & K without excess N.,Apply 120–150 kg/ha as basal dose before planting. Ideal for fruiting crops.
Maize,Sandy,26,69,12,NPK 13-0-45,13-0-45,High potassium demand with adequate phosphorus. NPK 13-0-45 provides premium K and supplementary N for quality crops.,Apply 100–120 kg/ha: 40% basal + 60% at flowering/fruiting via fertigation.
Maize,Sandy,96,29,31,DAP,18-46-0,Phosphorus is severely deficient. DAP delivers high P (46%) essential for root development and energy transfer.,"Apply 80–100 kg/ha as basal dose, 5–10 cm below seed level before planting."
Maize,Sandy,106,64,16,MOP (Muriate of Potash),0-0-60,"Potassium is severely deficient. MOP (60% K) improves drought tolerance, disease resistance, and grain quality.",Apply 60–80 kg/ha: 50% basal at sowing + 50% at flowering. Avoid during dry spells.
Maize,Sandy,25,20,45,NPK 20-20-0,20-20-0,Nitrogen and phosphorus are deficient; potassium is adequate. NPK 20-20-0 targets N & P without excess K.,Apply 120–150 kg/ha at sowing. Supplement with 30 kg/ha urea at tillering stage.
Maize,Sandy,134,49,33,NPK 17-17-17,17-17-17,"All three nutrients (N, P, K) are below optimal. Balanced 17-17-17 corrects deficiencies uniformly.",Apply 150–200 kg/ha basal + 50–75 kg/ha top-dress at 30 & 60 DAS.
Maize,Sandy,107,23,46,SSP (Single Super Phosphate),0-16-0,Severe phosphorus deficiency. SSP provides P with calcium and sulphur — ideal for legumes and oilseeds.,Apply 200–250 kg/ha as basal dose incorporated into soil before sowing.
Maize,Sandy,76,36,29,NPK 20-20-0,20-20-0,Nitrogen and phosphorus are deficient; potassium is adequate. NPK 20-20-0 targets N & P without excess K.,Apply 120–150 kg/ha at sowing. Supplement with 30 kg/ha urea at tillering stage.
Maize,Sandy,29,22,38,NPK 20-20-0,20-20-0,Nitrogen and phosphorus are deficient; potassium is adequate. NPK 20-20-0 targets N & P without excess K.,Apply 120–150 kg/ha at sowing. Supplement with 30 kg/ha urea at tillering stage.
Maize,Sandy,34,49,18,NPK 13-0-45,13-0-45,High potassium demand with adequate phosphorus. NPK 13-0-45 provides premium K and supplementary N for quality crops.,Apply 100–120 kg/ha: 40% basal + 60% at flowering/fruiting via fertigation.
Maize,Sandy,73,30,22,NPK 17-17-17,17-17-17,"All three nutrients (N, P, K) are below optimal. Balanced 17-17-17 corrects deficiencies uniformly.",Apply 150–200 kg/ha basal + 50–75 kg/ha top-dress at 30 & 60 DAS.
Maize,Sandy,114,30,31,DAP,18-46-0,Phosphorus is severely deficient. DAP delivers high P (46%) essential for root development and energy transfer.,"Apply 80–100 kg/ha as basal dose, 5–10 cm below seed level before planting."
Maize,Sandy,83,53,47,Ammonium Sulphate,21-0-0,Nitrogen is moderately low. Ammonium Sulphate provides N + sulphur — ideal for alkaline/sulphur-deficient soils.,Apply 100–150 kg/ha in two splits: at planting and 30–40 DAS.
Maize,Sandy,116,25,9,NPK 10-26-26,10-26-26,Phosphorus and potassium are deficient; nitrogen is adequate. NPK 10-26-26 corrects P & K without excess N.,Apply 120–150 kg/ha as basal dose before planting. Ideal for fruiting crops.
Maize,Loamy,57,49,10,NPK 13-0-45,13-0-45,High potassium demand with adequate phosphorus. NPK 13-0-45 provides premium K and supplementary N for quality crops.,Apply 100–120 kg/ha: 40% basal + 60% at flowering/fruiting via fertigation.
Maize,Loamy,86,49,22,NPK 13-0-45,13-0-45,High potassium demand with adequate phosphorus. NPK 13-0-45 provides premium K and supplementary N for quality crops.,Apply 100–120 kg/ha: 40% basal + 60% at flowering/fruiting via fertigation.
Maize,Loamy,121,18,11,NPK 10-26-26,10-26-26,Phosphorus and potassium are deficient; nitrogen is adequate. NPK 10-26-26 corrects P & K without excess N.,Apply 120–150 kg/ha as basal dose before planting. Ideal for fruiting crops.
Maize,Loamy,115,43,36,NPK 17-17-17,17-17-17,"All three nutrients (N, P, K) are below optimal. Balanced 17-17-17 corrects deficiencies uniformly.",Apply 150–200 kg/ha basal + 50–75 kg/ha top-dress at 30 & 60 DAS.
Maize,Loamy,78,27,42,DAP,18-46-0,Phosphorus is severely deficient. DAP delivers high P (46%) essential for root development and energy transfer.,"Apply 80–100 kg/ha as basal dose, 5–10 cm below seed level before planting."
Maize,Loamy,124,55,19,NPK 13-0-45,13-0-45,High potassium demand with adequate phosphorus. NPK 13-0-45 provides premium K and supplementary N for quality crops.,Apply 100–120 kg/ha: 40% basal + 60% at flowering/fruiting via fertigation.
Maize,Loamy,98,34,11,NPK 10-26-26,10-26-26,Phosphorus and potassium are deficient; nitrogen is adequate. NPK 10-26-26 corrects P & K without excess N.,Apply 120–150 kg/ha as basal dose before planting. Ideal for fruiting crops.
Maize,Loamy,139,20,47,SSP (Single Super Phosphate),0-16-0,Severe phosphorus deficiency. SSP provides P with calcium and sulphur — ideal for legumes and oilseeds.,Apply 200–250 kg/ha as basal dose incorporated into soil before sowing.
Maize,Loamy,80,23,30,SSP (Single Super Phosphate),0-16-0,Severe phosphorus deficiency. SSP provides P with calcium and sulphur — ideal for legumes and oilseeds.,Apply 200–250 kg/ha as basal dose incorporated into soil before sowing.
Maize,Loamy,133,58,41,NPK 17-17-17,17-17-17,"All three nutrients (N, P, K) are below optimal. Balanced 17-17-17 corrects deficiencies uniformly.",Apply 150–200 kg/ha basal + 50–75 kg/ha top-dress at 30 & 60 DAS.
Maize,Loamy,107,55,43,NPK 17-17-17,17-17-17,"All three nutrients (N, P, K) are below optimal. Balanced 17-17-17 corrects deficiencies uniformly.",Apply 150–200 kg/ha basal + 50–75 kg/ha top-dress at 30 & 60 DAS.
Maize,Loamy,55,42,17,NPK 13-0-45,13-0-45,High potassium demand with adequate phosphorus. NPK 13-0-45 provides premium K and supplementary N for quality crops.,Apply 100–120 kg/ha: 40% basal + 60% at flowering/fruiting via fertigation.
Maize,Loamy,148,71,9,MOP (Muriate of Potash),0-0-60,"Potassium is severely deficient. MOP (60% K) improves drought tolerance, disease resistance, and grain quality.",Apply 60–80 kg/ha: 50% basal at sowing + 50% at flowering. Avoid during dry spells.
Maize,Loamy,112,70,15,MOP (Muriate of Potash),0-0-60,"Potassium is severely deficient. MOP (60% K) improves drought tolerance, disease resistance, and grain quality.",Apply 60–80 kg/ha: 50% basal at sowing + 50% at flowering. Avoid during dry spells.
Maize,Loamy,95,69,9,MOP (Muriate of Potash),0-0-60,"Potassium is severely deficient. MOP (60% K) improves drought tolerance, disease resistance, and grain quality.",Apply 60–80 kg/ha: 50% basal at sowing + 50% at flowering. Avoid during dry spells.
Maize,Loamy,111,30,46,DAP,18-46-0,Phosphorus is severely deficient. DAP delivers high P (46%) essential for root development and energy transfer.,"Apply 80–100 kg/ha as basal dose, 5–10 cm below seed level before planting."
Maize,Loamy,146,71,27,NPK 17-17-17,17-17-17,"All three nutrients (N, P, K) are below optimal. Balanced 17-17-17 corrects deficiencies uniformly.",Apply 150–200 kg/ha basal + 50–75 kg/ha top-dress at 30 & 60 DAS.
Maize,Loamy,132,65,21,NPK 13-0-45,13-0-45,High potassium demand with adequate phosphorus. NPK 13-0-45 provides premium K and supplementary N for quality crops.,Apply 100–120 kg/ha: 40% basal + 60% at flowering/fruiting via fertigation.
Maize,Loamy,128,14,33,SSP (Single Super Phosphate),0-16-0,Severe phosphorus deficiency. SSP provides P with calcium and sulphur — ideal for legumes and oilseeds.,Apply 200–250 kg/ha as basal dose incorporated into soil before sowing.
Maize,Loamy,52,19,11,NPK 17-17-17,17-17-17,"All three nutrients (N, P, K) are below optimal. Balanced 17-17-17 corrects deficiencies uniformly.",Apply 150–200 kg/ha basal + 50–75 kg/ha top-dress at 30 & 60 DAS.
Maize,Loamy,111,33,38,DAP,18-46-0,Phosphorus is severely deficient. DAP delivers high P (46%) essential for root development and energy transfer.,"Apply 80–100 kg/ha as basal dose, 5–10 cm below seed level before planting."
Maize,Loamy,32,31,30,NPK 20-20-0,20-20-0,Nitrogen and phosphorus are deficient; potassium is adequate. NPK 20-20-0 targets N & P without excess K.,Apply 120–150 kg/ha at sowing. Supplement with 30 kg/ha urea at tillering stage.
Maize,Loamy,123,32,34,DAP,18-46-0,Phosphorus is severely deficient. DAP delivers high P (46%) essential for root development and energy transfer.,"Apply 80–100 kg/ha as basal dose, 5–10 cm below seed level before planting."
Maize,Loamy,135,50,17,MOP (Muriate of Potash),0-0-60,"Potassium is severely deficient. MOP (60% K) improves drought tolerance, disease resistance, and grain quality.",Apply 60–80 kg/ha: 50% basal at sowing + 50% at flowering. Avoid during dry spells.
Maize,Loamy,27,66,8,NPK 13-0-45,13-0-45,High potassium demand with adequate phosphorus. NPK 13-0-45 provides premium K and supplementary N for quality crops.,Apply 100–120 kg/ha: 40% basal + 60% at flowering/fruiting via fertigation.
Maize,Clay,134,45,47,NPK 17-17-17,17-17-17,"All three nutrients (N, P, K) are below optimal. Balanced 17-17-17 corrects deficiencies uniformly.",Apply 150–200 kg/ha basal + 50–75 kg/ha top-dress at 30 & 60 DAS.
Maize,Clay,124,74,22,NPK 13-0-45,13-0-45,High potassium demand with adequate phosphorus. NPK 13-0-45 provides premium K and supplementary N for quality crops.,Apply 100–120 kg/ha: 40% basal + 60% at flowering/fruiting via fertigation.
Maize,Clay,120,37,28,DAP,18-46-0,Phosphorus is severely deficient. DAP delivers high P (46%) essential for root development and energy transfer.,"Apply 80–100 kg/ha as basal dose, 5–10 cm below seed level before planting."
Maize,Clay,103,67,49,NPK 17-17-17,17-17-17,"All three nutrients (N, P, K) are below optimal. Balanced 17-17-17 corrects deficiencies uniformly.",Apply 150–200 kg/ha basal + 50–75 kg/ha top-dress at 30 & 60 DAS.
Maize,Clay,120,38,25,NPK 10-26-26,10-26-26,Phosphorus and potassium are deficient; nitrogen is adequate. NPK 10-26-26 corrects P & K without excess N.,Apply 120–150 kg/ha as basal dose before planting. Ideal for fruiting crops.
Maize,Clay,116,27,12,NPK 10-26-26,10-26-26,Phosphorus and potassium are deficient; nitrogen is adequate. NPK 10-26-26 corrects P & K without excess N.,Apply 120–150 kg/ha as basal dose before planting. Ideal for fruiting crops.
Maize,Clay,68,30,20,NPK 17-17-17,17-17-17,"All three nutrients (N, P, K) are below optimal. Balanced 17-17-17 corrects deficiencies uniformly.",Apply 150–200 kg/ha basal + 50–75 kg/ha top-dress at 30 & 60 DAS.
Maize,Clay,53,14,8,NPK 17-17-17,17-17-17,"All three nutrients (N, P, K) are below optimal. Balanced 17-17-17 corrects deficiencies uniformly.",Apply 150–200 kg/ha basal + 50–75 kg/ha top-dress at 30 & 60 DAS.
Maize,Clay,148,38,24,NPK 10-26-26,10-26-26,Phosphorus and potassium are deficient; nitrogen is adequate. NPK 10-26-26 corrects P & K without excess N.,Apply 120–150 kg/ha as basal dose before planting. Ideal for fruiting crops.
Maize,Clay,109,25,47,SSP (Single Super Phosphate),0-16-0,Severe phosphorus deficiency. SSP provides P with calcium and sulphur — ideal for legumes and oilseeds.,Apply 200–250 kg/ha as basal dose incorporated into soil before sowing.
Maize,Clay,123,17,25,NPK 10-26-26,10-26-26,Phosphorus and potassium are deficient; nitrogen is adequate. NPK 10-26-26 corrects P & K without excess N.,Apply 120–150 kg/ha as basal dose before planting. Ideal for fruiting crops.
Maize,Clay,134,71,27,NPK 17-17-17,17-17-17,"All three nutrients (N, P, K) are below optimal. Balanced 17-17-17 corrects deficiencies uniformly.",Apply 150–200 kg/ha basal + 50–75 kg/ha top-dress at 30 & 60 DAS.
Maize,Clay,101,22,49,SSP (Single Super Phosphate),0-16-0,Severe phosphorus deficiency. SSP provides P with calcium and sulphur — ideal for legumes and oilseeds.,Apply 200–250 kg/ha as basal dose incorporated into soil before sowing.
Maize,Clay,53,71,35,Urea,46-0-0,Nitrogen is severely deficient. Urea (46% N) rapidly restores soil nitrogen for vegetative growth.,Apply 100–120 kg/ha split: 50% at sowing + 50% at 30 DAS. Incorporate into moist soil.
Maize,Clay,100,44,17,MOP (Muriate of Potash),0-0-60,"Potassium is severely deficient. MOP (60% K) improves drought tolerance, disease resistance, and grain quality.",Apply 60–80 kg/ha: 50% basal at sowing + 50% at flowering. Avoid during dry spells.
Maize,Clay,46,25,15,NPK 17-17-17,17-17-17,"All three nutrients (N, P, K) are below optimal. Balanced 17-17-17 corrects deficiencies uniformly.",Apply 150–200 kg/ha basal + 50–75 kg/ha top-dress at 30 & 60 DAS.
Maize,Clay,122,34,10,NPK 10-26-26,10-26-26,Phosphorus and potassium are deficient; nitrogen is adequate. NPK 10-26-26 corrects P & K without excess N.,Apply 120–150 kg/ha as basal dose before planting. Ideal for fruiting crops.
Maize,Clay,146,67,46,NPK 17-17-17,17-17-17,"All three nutrients (N, P, K) are below optimal. Balanced 17-17-17 corrects deficiencies uniformly.",Apply 150–200 kg/ha basal + 50–75 kg/ha top-dress at 30 & 60 DAS.
Maize,Clay,149,22,24,NPK 10-26-26,10-26-26,Phosphorus and potassium are deficient; nitrogen is adequate. NPK 10-26-26 corrects P & K without excess N.,Apply 120–150 kg/ha as basal dose before planting. Ideal for fruiting crops.
Maize,Clay,119,55,14,MOP (Muriate of Potash),0-0-60,"Potassium is severely deficient. MOP (60% K) improves drought tolerance, disease resistance, and grain quality.",Apply 60–80 kg/ha: 50% basal at sowing + 50% at flowering. Avoid during dry spells.
Maize,Clay,126,26,17,NPK 10-26-26,10-26-26,Phosphorus and potassium are deficient; nitrogen is adequate. NPK 10-26-26 corrects P & K without excess N.,Apply 120–150 kg/ha as basal dose before planting. Ideal for fruiting crops.
Maize,Clay,91,49,32,Ammonium Sulphate,21-0-0,Nitrogen is moderately low. Ammonium Sulphate provides N + sulphur — ideal for alkaline/sulphur-deficient soils.,Apply 100–150 kg/ha in two splits: at planting and 30–40 DAS.
Maize,Clay,35,67,19,NPK 13-0-45,13-0-45,High potassium demand with adequate phosphorus. NPK 13-0-45 provides premium K and supplementary N for quality crops.,Apply 100–120 kg/ha: 40% basal + 60% at flowering/fruiting via fertigation.
Maize,Clay,40,67,48,Urea,46-0-0,Nitrogen is severely deficient. Urea (46% N) rapidly restores soil nitrogen for vegetative growth.,Apply 100–120 kg/ha split: 50% at sowing + 50% at 30 DAS. Incorporate into moist soil.
Maize,Clay,132,62,35,NPK 17-17-17,17-17-17,"All three nutrients (N, P, K) are below optimal. Balanced 17-17-17 corrects deficiencies uniformly.",Apply 150–200 kg/ha basal + 50–75 kg/ha top-dress at 30 & 60 DAS.
Maize,Silt,93,17,25,NPK 10-26-26,10-26-26,Phosphorus and potassium are deficient; nitrogen is adequate. NPK 10-26-26 corrects P & K without excess N.,Apply 120–150 kg/ha as basal dose before planting. Ideal for fruiting crops.
Maize,Silt,70,28,38,NPK 20-20-0,20-20-0,Nitrogen and phosphorus are deficient; potassium is adequate. NPK 20-20-0 targets N & P without excess K.,Apply 120–150 kg/ha at sowing. Supplement with 30 kg/ha urea at tillering stage.
Maize,Silt,86,17,17,NPK 10-26-26,10-26-26,Phosphorus and potassium are deficient; nitrogen is adequate. NPK 10-26-26 corrects P & K without excess N.,Apply 120–150 kg/ha as basal dose before planting. Ideal for fruiting crops.
Maize,Silt,110,16,43,SSP (Single Super Phosphate),0-16-0,Severe phosphorus deficiency. SSP provides P with calcium and sulphur — ideal for legumes and oilseeds.,Apply 200–250 kg/ha as basal dose incorporated into soil before sowing.
Maize,Silt,86,42,32,NPK 17-17-17,17-17-17,"All three nutrients (N, P, K) are below optimal. Balanced 17-17-17 corrects deficiencies uniformly.",Apply 150–200 kg/ha basal + 50–75 kg/ha top-dress at 30 & 60 DAS.
Maize,Silt,127,33,36,DAP,18-46-0,Phosphorus is severely deficient. DAP delivers high P (46%) essential for root development and energy transfer.,"Apply 80–100 kg/ha as basal dose, 5–10 cm below seed level before planting."
Maize,Silt,95,28,44,DAP,18-46-0,Phosphorus is severely deficient. DAP delivers high P (46%) essential for root development and energy transfer.,"Apply 80–100 kg/ha as basal dose, 5–10 cm below seed level before planting."
Maize,Silt,124,53,43,NPK 17-17-17,17-17-17,"All three nutrients (N, P, K) are below optimal. Balanced 17-17-17 corrects deficiencies uniformly.",Apply 150–200 kg/ha basal + 50–75 kg/ha top-dress at 30 & 60 DAS.
Maize,Silt,133,56,43,NPK 17-17-17,17-17-17,"All three nutrients (N, P, K) are below optimal. Balanced 17-17-17 corrects deficiencies uniformly.",Apply 150–200 kg/ha basal + 50–75 kg/ha top-dress at 30 & 60 DAS.
Maize,Silt,111,54,33,NPK 17-17-17,17-17-17,"All three nutrients (N, P, K) are below optimal. Balanced 17-17-17 corrects deficiencies uniformly.",Apply 150–200 kg/ha basal + 50–75 kg/ha top-dress at 30 & 60 DAS.
Maize,Silt,118,21,44,SSP (Single Super Phosphate),0-16-0,Severe phosphorus deficiency. SSP provides P with calcium and sulphur — ideal for legumes and oilseeds.,Apply 200–250 kg/ha as basal dose incorporated into soil before sowing.
Maize,Silt,133,13,42,SSP (Single Super Phosphate),0-16-0,Severe phosphorus deficiency. SSP provides P with calcium and sulphur — ideal for legumes and oilseeds.,Apply 200–250 kg/ha as basal dose incorporated into soil before sowing.
Maize,Silt,40,33,39,NPK 20-20-0,20-20-0,Nitrogen and phosphorus are deficient; potassium is adequate. NPK 20-20-0 targets N & P without excess K.,Apply 120–150 kg/ha at sowing. Supplement with 30 kg/ha urea at tillering stage.
Maize,Silt,44,63,42,Urea,46-0-0,Nitrogen is severely deficient. Urea (46% N) rapidly restores soil nitrogen for vegetative growth.,Apply 100–120 kg/ha split: 50% at sowing + 50% at 30 DAS. Incorporate into moist soil.
Maize,Silt,87,12,20,NPK 10-26-26,10-26-26,Phosphorus and potassium are deficient; nitrogen is adequate. NPK 10-26-26 corrects P & K without excess N.,Apply 120–150 kg/ha as basal dose before planting. Ideal for fruiting crops.
Maize,Silt,101,73,34,NPK 17-17-17,17-17-17,"All three nutrients (N, P, K) are below optimal. Balanced 17-17-17 corrects deficiencies uniformly.",Apply 150–200 kg/ha basal + 50–75 kg/ha top-dress at 30 & 60 DAS.
Maize,Silt,56,51,30,Urea,46-0-0,Nitrogen is severely deficient. Urea (46% N) rapidly restores soil nitrogen for vegetative growth.,Apply 100–120 kg/ha split: 50% at sowing + 50% at 30 DAS. Incorporate into moist soil.
Maize,Silt,122,18,39,SSP (Single Super Phosphate),0-16-0,Severe phosphorus deficiency. SSP provides P with calcium and sulphur — ideal for legumes and oilseeds.,Apply 200–250 kg/ha as basal dose incorporated into soil before sowing.
Maize,Silt,92,72,22,NPK 13-0-45,13-0-45,High potassium demand with adequate phosphorus. NPK 13-0-45 provides premium K and supplementary N for quality crops.,Apply 100–120 kg/ha: 40% basal + 60% at flowering/fruiting via fertigation.
Maize,Silt,103,70,12,MOP (Muriate of Potash),0-0-60,"Potassium is severely deficient. MOP (60% K) improves drought tolerance, disease resistance, and grain quality.",Apply 60–80 kg/ha: 50% basal at sowing + 50% at flowering. Avoid during dry spells.
Maize,Silt,142,55,10,MOP (Muriate of Potash),0-0-60,"Potassium is severely deficient. MOP (60% K) improves drought tolerance, disease resistance, and grain quality.",Apply 60–80 kg/ha: 50% basal at sowing + 50% at flowering. Avoid during dry spells.
Maize,Silt,61,56,10,NPK 13-0-45,13-0-45,High potassium demand with adequate phosphorus. NPK 13-0-45 provides premium K and supplementary N for quality crops.,Apply 100–120 kg/ha: 40% basal + 60% at flowering/fruiting via fertigation.
Maize,Silt,97,33,34,DAP,18-46-0,Phosphorus is severely deficient. DAP delivers high P (46%) essential for root development and energy transfer.,"Apply 80–100 kg/ha as basal dose, 5–10 cm below seed level before planting."
Maize,Silt,29,66,48,Urea,46-0-0,Nitrogen is severely deficient. Urea (46% N) rapidly restores soil nitrogen for vegetative growth.,Apply 100–120 kg/ha split: 50% at sowing + 50% at 30 DAS. Incorporate into moist soil.
Maize,Silt,146,59,13,MOP (Muriate of Potash),0-0-60,"Potassium is severely deficient. MOP (60% K) improves drought tolerance, disease resistance, and grain quality.",Apply 60–80 kg/ha: 50% basal at sowing + 50% at flowering. Avoid during dry spells.
Maize,Black,119,13,8,NPK 10-26-26,10-26-26,Phosphorus and potassium are deficient; nitrogen is adequate. NPK 10-26-26 corrects P & K without excess N.,Apply 120–150 kg/ha as basal dose before planting. Ideal for fruiting crops.
Maize,Black,64,42,40,Ammonium Sulphate,21-0-0,Nitrogen is moderately low. Ammonium Sulphate provides N + sulphur — ideal for alkaline/sulphur-deficient soils.,Apply 100–150 kg/ha in two splits: at planting and 30–40 DAS.
Maize,Black,110,40,19,NPK 13-0-45,13-0-45,High potassium demand with adequate phosphorus. NPK 13-0-45 provides premium K and supplementary N for quality crops.,Apply 100–120 kg/ha: 40% basal + 60% at flowering/fruiting via fertigation.
Maize,Black,149,38,26,DAP,18-46-0,Phosphorus is severely deficient. DAP delivers high P (46%) essential for root development and energy transfer.,"Apply 80–100 kg/ha as basal dose, 5–10 cm below seed level before planting."
Maize,Black,44,62,37,Urea,46-0-0,Nitrogen is severely deficient. Urea (46% N) rapidly restores soil nitrogen for vegetative growth.,Apply 100–120 kg/ha split: 50% at sowing + 50% at 30 DAS. Incorporate into moist soil.
Maize,Black,51,17,36,NPK 20-20-0,20-20-0,Nitrogen and phosphorus are deficient; potassium is adequate. NPK 20-20-0 targets N & P without excess K.,Apply 120–150 kg/ha at sowing. Supplement with 30 kg/ha urea at tillering stage.
Maize,Black,106,29,47,DAP,18-46-0,Phosphorus is severely deficient. DAP delivers high P (46%) essential for root development and energy transfer.,"Apply 80–100 kg/ha as basal dose, 5–10 cm below seed level before planting."
Maize,Black,43,39,47,Urea,46-0-0,Nitrogen is severely deficient. Urea (46% N) rapidly restores soil nitrogen for vegetative growth.,Apply 100–120 kg/ha split: 50% at sowing + 50% at 30 DAS. Incorporate into moist soil.
Maize,Black,76,52,24,NPK 13-0-45,13-0-45,High potassium demand with adequate phosphorus. NPK 13-0-45 provides premium K and supplementary N for quality crops.,Apply 100–120 kg/ha: 40% basal + 60% at flowering/fruiting via fertigation.
Maize,Black,58,73,25,NPK 13-0-45,13-0-45,High potassium demand with adequate phosphorus. NPK 13-0-45 provides premium K and supplementary N for quality crops.,Apply 100–120 kg/ha: 40% basal + 60% at flowering/fruiting via fertigation.
Maize,Black,136,26,16,NPK 10-26-26,10-26-26,Phosphorus and potassium are deficient; nitrogen is adequate. NPK 10-26-26 corrects P & K without excess N.,Apply 120–150 kg/ha as basal dose before planting. Ideal for fruiting crops.
Maize,Black,27,53,23,NPK 13-0-45,13-0-45,High potassium demand with adequate phosphorus. NPK 13-0-45 provides premium K and supplementary N for quality crops.,Apply 100–120 kg/ha: 40% basal + 60% at flowering/fruiting via fertigation.
Maize,Black,132,41,48,NPK 17-17-17,17-17-17,"All three nutrients (N, P, K) are below optimal. Balanced 17-17-17 corrects deficiencies uniformly.",Apply 150–200 kg/ha basal + 50–75 kg/ha top-dress at 30 & 60 DAS.
Maize,Black,47,66,40,Urea,46-0-0,Nitrogen is severely deficient. Urea (46% N) rapidly restores soil nitrogen for vegetative growth.,Apply 100–120 kg/ha split: 50% at sowing + 50% at 30 DAS. Incorporate into moist soil.
Maize,Black,121,65,39,NPK 17-17-17,17-17-17,"All three nutrients (N, P, K) are below optimal. Balanced 17-17-17 corrects deficiencies uniformly.",Apply 150–200 kg/ha basal + 50–75 kg/ha top-dress at 30 & 60 DAS.
Maize,Black,102,20,9,NPK 10-26-26,10-26-26,Phosphorus and potassium are deficient; nitrogen is adequate. NPK 10-26-26 corrects P & K without excess N.,Apply 120–150 kg/ha as basal dose before planting. Ideal for fruiting crops.
Maize,Black,140,50,41,NPK 17-17-17,17-17-17,"All three nutrients (N, P, K) are below optimal. Balanced 17-17-17 corrects deficiencies uniformly.",Apply 150–200 kg/ha basal + 50–75 kg/ha top-dress at 30 & 60 DAS.
Maize,Black,84,19,13,NPK 10-26-26,10-26-26,Phosphorus and potassium are deficient; nitrogen is adequate. NPK 10-26-26 corrects P & K without excess N.,Apply 120–150 kg/ha as basal dose before planting. Ideal for fruiting crops.
Maize,Black,110,39,16,MOP (Muriate of Potash),0-0-60,"Potassium is severely deficient. MOP (60% K) improves drought tolerance, disease resistance, and grain quality.",Apply 60–80 kg/ha: 50% basal at sowing + 50% at flowering. Avoid during dry spells.
Maize,Black,85,16,32,SSP (Single Super Phosphate),0-16-0,Severe phosphorus deficiency. SSP provides P with calcium and sulphur — ideal for legumes and oilseeds.,Apply 200–250 kg/ha as basal dose incorporated into soil before sowing.
Maize,Black,57,62,21,NPK 13-0-45,13-0-45,High potassium demand with adequate phosphorus. NPK 13-0-45 provides premium K and supplementary N for quality crops.,Apply 100–120 kg/ha: 40% basal + 60% at flowering/fruiting via fertigation.
Maize,Black,81,12,11,NPK 10-26-26,10-26-26,Phosphorus and potassium are deficient; nitrogen is adequate. NPK 10-26-26 corrects P & K without excess N.,Apply 120–150 kg/ha as basal dose before planting. Ideal for fruiting crops.
Maize,Black,73,42,33,Ammonium Sulphate,21-0-0,Nitrogen is moderately low. Ammonium Sulphate provides N + sulphur — ideal for alkaline/sulphur-deficient soils.,Apply 100–150 kg/ha in two splits: at planting and 30–40 DAS.
Maize,Black,60,55,44,Ammonium Sulphate,21-0-0,Nitrogen is moderately low. Ammonium Sulphate provides N + sulphur — ideal for alkaline/sulphur-deficient soils.,Apply 100–150 kg/ha in two splits: at planting and 30–40 DAS.
Maize,Black,122,14,28,SSP (Single Super Phosphate),0-16-0,Severe phosphorus deficiency. SSP provides P with calcium and sulphur — ideal for legumes and oilseeds.,Apply 200–250 kg/ha as basal dose incorporated into soil before sowing.
Maize,Red,37,27,49,NPK 20-20-0,20-20-0,Nitrogen and phosphorus are deficient; potassium is adequate. NPK 20-20-0 targets N & P without excess K.,Apply 120–150 kg/ha at sowing. Supplement with 30 kg/ha urea at tillering stage.
Maize,Red,41,43,33,Urea,46-0-0,Nitrogen is severely deficient. Urea (46% N) rapidly restores soil nitrogen for vegetative growth.,Apply 100–120 kg/ha split: 50% at sowing + 50% at 30 DAS. Incorporate into moist soil.
Maize,Red,112,47,8,MOP (Muriate of Potash),0-0-60,"Potassium is severely deficient. MOP (60% K) improves drought tolerance, disease resistance, and grain quality.",Apply 60–80 kg/ha: 50% basal at sowing + 50% at flowering. Avoid during dry spells.
Maize,Red,65,44,11,NPK 13-0-45,13-0-45,High potassium demand with adequate phosphorus. NPK 13-0-45 provides premium K and supplementary N for quality crops.,Apply 100–120 kg/ha: 40% basal + 60% at flowering/fruiting via fertigation.
Maize,Red,68,14,11,NPK 17-17-17,17-17-17,"All three nutrients (N, P, K) are below optimal. Balanced 17-17-17 corrects deficiencies uniformly.",Apply 150–200 kg/ha basal + 50–75 kg/ha top-dress at 30 & 60 DAS.
Maize,Red,74,20,31,NPK 20-20-0,20-20-0,Nitrogen and phosphorus are deficient; potassium is adequate. NPK 20-20-0 targets N & P without excess K.,Apply 120–150 kg/ha at sowing. Supplement with 30 kg/ha urea at tillering stage.
Maize,Red,110,62,16,MOP (Muriate of Potash),0-0-60,"Potassium is severely deficient. MOP (60% K) improves drought tolerance, disease resistance, and grain quality.",Apply 60–80 kg/ha: 50% basal at sowing + 50% at flowering. Avoid during dry spells.
Maize,Red,45,18,34,NPK 20-20-0,20-20-0,Nitrogen and phosphorus are deficient; potassium is adequate. NPK 20-20-0 targets N & P without excess K.,Apply 120–150 kg/ha at sowing. Supplement with 30 kg/ha urea at tillering stage.
Maize,Red,113,13,47,SSP (Single Super Phosphate),0-16-0,Severe phosphorus deficiency. SSP provides P with calcium and sulphur — ideal for legumes and oilseeds.,Apply 200–250 kg/ha as basal dose incorporated into soil before sowing.
Maize,Red,30,46,37,Urea,46-0-0,Nitrogen is severely deficient. Urea (46% N) rapidly restores soil nitrogen for vegetative growth.,Apply 100–120 kg/ha split: 50% at sowing + 50% at 30 DAS. Incorporate into moist soil.
Maize,Red,133,56,41,NPK 17-17-17,17-17-17,"All three nutrients (N, P, K) are below optimal. Balanced 17-17-17 corrects deficiencies uniformly.",Apply 150–200 kg/ha basal + 50–75 kg/ha top-dress at 30 & 60 DAS.
Maize,Red,66,63,11,NPK 13-0-45,13-0-45,High potassium demand with adequate phosphorus. NPK 13-0-45 provides premium K and supplementary N for quality crops.,Apply 100–120 kg/ha: 40% basal + 60% at flowering/fruiting via fertigation.
Maize,Red,136,46,42,NPK 17-17-17,17-17-17,"All three nutrients (N, P, K) are below optimal. Balanced 17-17-17 corrects deficiencies uniformly.",Apply 150–200 kg/ha basal + 50–75 kg/ha top-dress at 30 & 60 DAS.
Maize,Red,80,52,30,NPK 13-0-45,13-0-45,High potassium demand with adequate phosphorus. NPK 13-0-45 provides premium K and supplementary N for quality crops.,Apply 100–120 kg/ha: 40% basal + 60% at flowering/fruiting via fertigation.
Maize,Red,116,17,10,NPK 10-26-26,10-26-26,Phosphorus and potassium are deficient; nitrogen is adequate. NPK 10-26-26 corrects P & K without excess N.,Apply 120–150 kg/ha as basal dose before planting. Ideal for fruiting crops.
Maize,Red,55,22,44,NPK 20-20-0,20-20-0,Nitrogen and phosphorus are deficient; potassium is adequate. NPK 20-20-0 targets N & P without excess K.,Apply 120–150 kg/ha at sowing. Supplement with 30 kg/ha urea at tillering stage.
Maize,Red,51,73,22,NPK 13-0-45,13-0-45,High potassium demand with adequate phosphorus. NPK 13-0-45 provides premium K and supplementary N for quality crops.,Apply 100–120 kg/ha: 40% basal + 60% at flowering/fruiting via fertigation.
Maize,Red,46,61,35,Urea,46-0-0,Nitrogen is severely deficient. Urea (46% N) rapidly restores soil nitrogen for vegetative growth.,Apply 100–120 kg/ha split: 50% at sowing + 50% at 30 DAS. Incorporate into moist soil.
Maize,Red,86,46,38,NPK 17-17-17,17-17-17,"All three nutrients (N, P, K) are below optimal. Balanced 17-17-17 corrects deficiencies uniformly.",Apply 150–200 kg/ha basal + 50–75 kg/ha top-dress at 30 & 60 DAS.
Maize,Red,52,74,48,Urea,46-0-0,Nitrogen is severely deficient. Urea (46% N) rapidly restores soil nitrogen for vegetative growth.,Apply 100–120 kg/ha split: 50% at sowing + 50% at 30 DAS. Incorporate into moist soil.
Maize,Red,105,24,36,SSP (Single Super Phosphate),0-16-0,Severe phosphorus deficiency. SSP provides P with calcium and sulphur — ideal for legumes and oilseeds.,Apply 200–250 kg/ha as basal dose incorporated into soil before sowing.
Maize,Red,33,13,18,NPK 17-17-17,17-17-17,"All three nutrients (N, P, K) are below optimal. Balanced 17-17-17 corrects deficiencies uniformly.",Apply 150–200 kg/ha basal + 50–75 kg/ha top-dress at 30 & 60 DAS.
Maize,Red,82,66,38,Ammonium Sulphate,21-0-0,Nitrogen is moderately low. Ammonium Sulphate provides N + sulphur — ideal for alkaline/sulphur-deficient soils.,Apply 100–150 kg/ha in two splits: at planting and 30–40 DAS.
Maize,Red,117,38,22,NPK 10-26-26,10-26-26,Phosphorus and potassium are deficient; nitrogen is adequate. NPK 10-26-26 corrects P & K without excess N.,Apply 120–150 kg/ha as basal dose before planting. Ideal for fruiting crops.
Maize,Red,70,74,9,NPK 13-0-45,13-0-45,High potassium demand with adequate phosphorus. NPK 13-0-45 provides premium K and supplementary N for quality crops.,Apply 100–120 kg/ha: 40% basal + 60% at flowering/fruiting via fertigation.
Sugarcane,Sandy,166,48,79,NPK 17-17-17,17-17-17,"All three nutrients (N, P, K) are below optimal. Balanced 17-17-17 corrects deficiencies uniformly.",Apply 150–200 kg/ha basal + 50–75 kg/ha top-dress at 30 & 60 DAS.
Sugarcane,Sandy,144,42,134,NPK 17-17-17,17-17-17,"All three nutrients (N, P, K) are below optimal. Balanced 17-17-17 corrects deficiencies uniformly.",Apply 150–200 kg/ha basal + 50–75 kg/ha top-dress at 30 & 60 DAS.
Sugarcane,Sandy,171,38,58,NPK 10-26-26,10-26-26,Phosphorus and potassium are deficient; nitrogen is adequate. NPK 10-26-26 corrects P & K without excess N.,Apply 120–150 kg/ha as basal dose before planting. Ideal for fruiting crops.
Sugarcane,Sandy,123,69,50,MOP (Muriate of Potash),0-0-60,"Potassium is severely deficient. MOP (60% K) improves drought tolerance, disease resistance, and grain quality.",Apply 60–80 kg/ha: 50% basal at sowing + 50% at flowering. Avoid during dry spells.
Sugarcane,Sandy,128,51,116,NPK 17-17-17,17-17-17,"All three nutrients (N, P, K) are below optimal. Balanced 17-17-17 corrects deficiencies uniformly.",Apply 150–200 kg/ha basal + 50–75 kg/ha top-dress at 30 & 60 DAS.
Sugarcane,Sandy,50,57,138,Urea,46-0-0,Nitrogen is severely deficient. Urea (46% N) rapidly restores soil nitrogen for vegetative growth.,Apply 100–120 kg/ha split: 50% at sowing + 50% at 30 DAS. Incorporate into moist soil.
Sugarcane,Sandy,58,26,146,NPK 20-20-0,20-20-0,Nitrogen and phosphorus are deficient; potassium is adequate. NPK 20-20-0 targets N & P without excess K.,Apply 120–150 kg/ha at sowing. Supplement with 30 kg/ha urea at tillering stage.
Sugarcane,Sandy,58,65,86,Urea,46-0-0,Nitrogen is severely deficient. Urea (46% N) rapidly restores soil nitrogen for vegetative growth.,Apply 100–120 kg/ha split: 50% at sowing + 50% at 30 DAS. Incorporate into moist soil.
Sugarcane,Sandy,68,66,80,Urea,46-0-0,Nitrogen is severely deficient. Urea (46% N) rapidly restores soil nitrogen for vegetative growth.,Apply 100–120 kg/ha split: 50% at sowing + 50% at 30 DAS. Incorporate into moist soil.
Sugarcane,Sandy,111,34,98,DAP,18-46-0,Phosphorus is severely deficient. DAP delivers high P (46%) essential for root development and energy transfer.,"Apply 80–100 kg/ha as basal dose, 5–10 cm below seed level before planting."
Sugarcane,Sandy,55,36,146,NPK 20-20-0,20-20-0,Nitrogen and phosphorus are deficient; potassium is adequate. NPK 20-20-0 targets N & P without excess K.,Apply 120–150 kg/ha at sowing. Supplement with 30 kg/ha urea at tillering stage.
Sugarcane,Sandy,70,53,64,NPK 13-0-45,13-0-45,High potassium demand with adequate phosphorus. NPK 13-0-45 provides premium K and supplementary N for quality crops.,Apply 100–120 kg/ha: 40% basal + 60% at flowering/fruiting via fertigation.
Sugarcane,Sandy,151,20,146,SSP (Single Super Phosphate),0-16-0,Severe phosphorus deficiency. SSP provides P with calcium and sulphur — ideal for legumes and oilseeds.,Apply 200–250 kg/ha as basal dose incorporated into soil before sowing.
Sugarcane,Sandy,101,26,33,NPK 10-26-26,10-26-26,Phosphorus and potassium are deficient; nitrogen is adequate. NPK 10-26-26 corrects P & K without excess N.,Apply 120–150 kg/ha as basal dose before planting. Ideal for fruiting crops.
Sugarcane,Sandy,56,44,66,NPK 13-0-45,13-0-45,High potassium demand with adequate phosphorus. NPK 13-0-45 provides premium K and supplementary N for quality crops.,Apply 100–120 kg/ha: 40% basal + 60% at flowering/fruiting via fertigation.
Sugarcane,Sandy,160,39,55,NPK 13-0-45,13-0-45,High potassium demand with adequate phosphorus. NPK 13-0-45 provides premium K and supplementary N for quality crops.,Apply 100–120 kg/ha: 40% basal + 60% at flowering/fruiting via fertigation.
Sugarcane,Sandy,127,56,45,MOP (Muriate of Potash),0-0-60,"Potassium is severely deficient. MOP (60% K) improves drought tolerance, disease resistance, and grain quality.",Apply 60–80 kg/ha: 50% basal at sowing + 50% at flowering. Avoid during dry spells.
Sugarcane,Sandy,56,14,116,NPK 20-20-0,20-20-0,Nitrogen and phosphorus are deficient; potassium is adequate. NPK 20-20-0 targets N & P without excess K.,Apply 120–150 kg/ha at sowing. Supplement with 30 kg/ha urea at tillering stage.
Sugarcane,Sandy,134,41,130,NPK 17-17-17,17-17-17,"All three nutrients (N, P, K) are below optimal. Balanced 17-17-17 corrects deficiencies uniformly.",Apply 150–200 kg/ha basal + 50–75 kg/ha top-dress at 30 & 60 DAS.
Sugarcane,Sandy,156,48,133,NPK 17-17-17,17-17-17,"All three nutrients (N, P, K) are below optimal. Balanced 17-17-17 corrects deficiencies uniformly.",Apply 150–200 kg/ha basal + 50–75 kg/ha top-dress at 30 & 60 DAS.
Sugarcane,Sandy,62,19,57,NPK 17-17-17,17-17-17,"All three nutrients (N, P, K) are below optimal. Balanced 17-17-17 corrects deficiencies uniformly.",Apply 150–200 kg/ha basal + 50–75 kg/ha top-dress at 30 & 60 DAS.
Sugarcane,Sandy,38,45,142,Urea,46-0-0,Nitrogen is severely deficient. Urea (46% N) rapidly restores soil nitrogen for vegetative growth.,Apply 100–120 kg/ha split: 50% at sowing + 50% at 30 DAS. Incorporate into moist soil.
Sugarcane,Sandy,36,19,80,NPK 20-20-0,20-20-0,Nitrogen and phosphorus are deficient; potassium is adequate. NPK 20-20-0 targets N & P without excess K.,Apply 120–150 kg/ha at sowing. Supplement with 30 kg/ha urea at tillering stage.
Sugarcane,Sandy,177,31,87,DAP,18-46-0,Phosphorus is severely deficient. DAP delivers high P (46%) essential for root development and energy transfer.,"Apply 80–100 kg/ha as basal dose, 5–10 cm below seed level before planting."
Sugarcane,Sandy,36,21,148,NPK 20-20-0,20-20-0,Nitrogen and phosphorus are deficient; potassium is adequate. NPK 20-20-0 targets N & P without excess K.,Apply 120–150 kg/ha at sowing. Supplement with 30 kg/ha urea at tillering stage.
Sugarcane,Loamy,182,12,143,SSP (Single Super Phosphate),0-16-0,Severe phosphorus deficiency. SSP provides P with calcium and sulphur — ideal for legumes and oilseeds.,Apply 200–250 kg/ha as basal dose incorporated into soil before sowing.
Sugarcane,Loamy,130,66,81,NPK 17-17-17,17-17-17,"All three nutrients (N, P, K) are below optimal. Balanced 17-17-17 corrects deficiencies uniformly.",Apply 150–200 kg/ha basal + 50–75 kg/ha top-dress at 30 & 60 DAS.
Sugarcane,Loamy,111,42,108,NPK 17-17-17,17-17-17,"All three nutrients (N, P, K) are below optimal. Balanced 17-17-17 corrects deficiencies uniformly.",Apply 150–200 kg/ha basal + 50–75 kg/ha top-dress at 30 & 60 DAS.
Sugarcane,Loamy,51,13,62,NPK 17-17-17,17-17-17,"All three nutrients (N, P, K) are below optimal. Balanced 17-17-17 corrects deficiencies uniformly.",Apply 150–200 kg/ha basal + 50–75 kg/ha top-dress at 30 & 60 DAS.
Sugarcane,Loamy,140,24,108,SSP (Single Super Phosphate),0-16-0,Severe phosphorus deficiency. SSP provides P with calcium and sulphur — ideal for legumes and oilseeds.,Apply 200–250 kg/ha as basal dose incorporated into soil before sowing.
Sugarcane,Loamy,182,17,108,SSP (Single Super Phosphate),0-16-0,Severe phosphorus deficiency. SSP provides P with calcium and sulphur — ideal for legumes and oilseeds.,Apply 200–250 kg/ha as basal dose incorporated into soil before sowing.
Sugarcane,Loamy,99,66,46,MOP (Muriate of Potash),0-0-60,"Potassium is severely deficient. MOP (60% K) improves drought tolerance, disease resistance, and grain quality.",Apply 60–80 kg/ha: 50% basal at sowing + 50% at flowering. Avoid during dry spells.
Sugarcane,Loamy,139,64,143,NPK 17-17-17,17-17-17,"All three nutrients (N, P, K) are below optimal. Balanced 17-17-17 corrects deficiencies uniformly.",Apply 150–200 kg/ha basal + 50–75 kg/ha top-dress at 30 & 60 DAS.
Sugarcane,Loamy,137,43,101,NPK 17-17-17,17-17-17,"All three nutrients (N, P, K) are below optimal. Balanced 17-17-17 corrects deficiencies uniformly.",Apply 150–200 kg/ha basal + 50–75 kg/ha top-dress at 30 & 60 DAS.
Sugarcane,Loamy,166,47,27,MOP (Muriate of Potash),0-0-60,"Potassium is severely deficient. MOP (60% K) improves drought tolerance, disease resistance, and grain quality.",Apply 60–80 kg/ha: 50% basal at sowing + 50% at flowering. Avoid during dry spells.
Sugarcane,Loamy,176,55,109,NPK 17-17-17,17-17-17,"All three nutrients (N, P, K) are below optimal. Balanced 17-17-17 corrects deficiencies uniformly.",Apply 150–200 kg/ha basal + 50–75 kg/ha top-dress at 30 & 60 DAS.
Sugarcane,Loamy,63,53,73,NPK 13-0-45,13-0-45,High potassium demand with adequate phosphorus. NPK 13-0-45 provides premium K and supplementary N for quality crops.,Apply 100–120 kg/ha: 40% basal + 60% at flowering/fruiting via fertigation.
Sugarcane,Loamy,132,18,106,SSP (Single Super Phosphate),0-16-0,Severe phosphorus deficiency. SSP provides P with calcium and sulphur — ideal for legumes and oilseeds.,Apply 200–250 kg/ha as basal dose incorporated into soil before sowing.
Sugarcane,Loamy,187,15,147,SSP (Single Super Phosphate),0-16-0,Severe phosphorus deficiency. SSP provides P with calcium and sulphur — ideal for legumes and oilseeds.,Apply 200–250 kg/ha as basal dose incorporated into soil before sowing.
Sugarcane,Loamy,94,66,122,Ammonium Sulphate,21-0-0,Nitrogen is moderately low. Ammonium Sulphate provides N + sulphur — ideal for alkaline/sulphur-deficient soils.,Apply 100–150 kg/ha in two splits: at planting and 30–40 DAS.
Sugarcane,Loamy,119,58,134,Ammonium Sulphate,21-0-0,Nitrogen is moderately low. Ammonium Sulphate provides N + sulphur — ideal for alkaline/sulphur-deficient soils.,Apply 100–150 kg/ha in two splits: at planting and 30–40 DAS.
Sugarcane,Loamy,93,32,108,NPK 20-20-0,20-20-0,Nitrogen and phosphorus are deficient; potassium is adequate. NPK 20-20-0 targets N & P without excess K.,Apply 120–150 kg/ha at sowing. Supplement with 30 kg/ha urea at tillering stage.
Sugarcane,Loamy,157,60,124,NPK 17-17-17,17-17-17,"All three nutrients (N, P, K) are below optimal. Balanced 17-17-17 corrects deficiencies uniformly.",Apply 150–200 kg/ha basal + 50–75 kg/ha top-dress at 30 & 60 DAS.
Sugarcane,Loamy,98,63,39,MOP (Muriate of Potash),0-0-60,"Potassium is severely deficient. MOP (60% K) improves drought tolerance, disease resistance, and grain quality.",Apply 60–80 kg/ha: 50% basal at sowing + 50% at flowering. Avoid during dry spells.
Sugarcane,Loamy,115,12,64,NPK 10-26-26,10-26-26,Phosphorus and potassium are deficient; nitrogen is adequate. NPK 10-26-26 corrects P & K without excess N.,Apply 120–150 kg/ha as basal dose before planting. Ideal for fruiting crops.
Sugarcane,Loamy,87,36,111,NPK 20-20-0,20-20-0,Nitrogen and phosphorus are deficient; potassium is adequate. NPK 20-20-0 targets N & P without excess K.,Apply 120–150 kg/ha at sowing. Supplement with 30 kg/ha urea at tillering stage.
Sugarcane,Loamy,91,40,53,NPK 13-0-45,13-0-45,High potassium demand with adequate phosphorus. NPK 13-0-45 provides premium K and supplementary N for quality crops.,Apply 100–120 kg/ha: 40% basal + 60% at flowering/fruiting via fertigation.
Sugarcane,Loamy,88,26,33,NPK 17-17-17,17-17-17,"All three nutrients (N, P, K) are below optimal. Balanced 17-17-17 corrects deficiencies uniformly.",Apply 150–200 kg/ha basal + 50–75 kg/ha top-dress at 30 & 60 DAS.
Sugarcane,Loamy,125,54,102,NPK 17-17-17,17-17-17,"All three nutrients (N, P, K) are below optimal. Balanced 17-17-17 corrects deficiencies uniformly.",Apply 150–200 kg/ha basal + 50–75 kg/ha top-dress at 30 & 60 DAS.
Sugarcane,Loamy,103,35,132,DAP,18-46-0,Phosphorus is severely deficient. DAP delivers high P (46%) essential for root development and energy transfer.,"Apply 80–100 kg/ha as basal dose, 5–10 cm below seed level before planting."
Sugarcane,Clay,111,42,27,MOP (Muriate of Potash),0-0-60,"Potassium is severely deficient. MOP (60% K) improves drought tolerance, disease resistance, and grain quality.",Apply 60–80 kg/ha: 50% basal at sowing + 50% at flowering. Avoid during dry spells.
Sugarcane,Clay,83,35,74,NPK 17-17-17,17-17-17,"All three nutrients (N, P, K) are below optimal. Balanced 17-17-17 corrects deficiencies uniformly.",Apply 150–200 kg/ha basal + 50–75 kg/ha top-dress at 30 & 60 DAS.
Sugarcane,Clay,121,45,100,NPK 17-17-17,17-17-17,"All three nutrients (N, P, K) are below optimal. Balanced 17-17-17 corrects deficiencies uniformly.",Apply 150–200 kg/ha basal + 50–75 kg/ha top-dress at 30 & 60 DAS.
Sugarcane,Clay,150,63,114,NPK 17-17-17,17-17-17,"All three nutrients (N, P, K) are below optimal. Balanced 17-17-17 corrects deficiencies uniformly.",Apply 150–200 kg/ha basal + 50–75 kg/ha top-dress at 30 & 60 DAS.
Sugarcane,Clay,180,13,48,NPK 10-26-26,10-26-26,Phosphorus and potassium are deficient; nitrogen is adequate. NPK 10-26-26 corrects P & K without excess N.,Apply 120–150 kg/ha as basal dose before planting. Ideal for fruiting crops.
Sugarcane,Clay,31,52,137,Urea,46-0-0,Nitrogen is severely deficient. Urea (46% N) rapidly restores soil nitrogen for vegetative growth.,Apply 100–120 kg/ha split: 50% at sowing + 50% at 30 DAS. Incorporate into moist soil.
Sugarcane,Clay,68,70,31,NPK 13-0-45,13-0-45,High potassium demand with adequate phosphorus. NPK 13-0-45 provides premium K and supplementary N for quality crops.,Apply 100–120 kg/ha: 40% basal + 60% at flowering/fruiting via fertigation.
Sugarcane,Clay,177,34,36,NPK 10-26-26,10-26-26,Phosphorus and potassium are deficient; nitrogen is adequate. NPK 10-26-26 corrects P & K without excess N.,Apply 120–150 kg/ha as basal dose before planting. Ideal for fruiting crops.
Sugarcane,Clay,106,28,59,NPK 10-26-26,10-26-26,Phosphorus and potassium are deficient; nitrogen is adequate. NPK 10-26-26 corrects P & K without excess N.,Apply 120–150 kg/ha as basal dose before planting. Ideal for fruiting crops.
Sugarcane,Clay,78,62,91,Ammonium Sulphate,21-0-0,Nitrogen is moderately low. Ammonium Sulphate provides N + sulphur — ideal for alkaline/sulphur-deficient soils.,Apply 100–150 kg/ha in two splits: at planting and 30–40 DAS.
Sugarcane,Clay,79,50,114,Ammonium Sulphate,21-0-0,Nitrogen is moderately low. Ammonium Sulphate provides N + sulphur — ideal for alkaline/sulphur-deficient soils.,Apply 100–150 kg/ha in two splits: at planting and 30–40 DAS.
Sugarcane,Clay,72,38,39,NPK 17-17-17,17-17-17,"All three nutrients (N, P, K) are below optimal. Balanced 17-17-17 corrects deficiencies uniformly.",Apply 150–200 kg/ha basal + 50–75 kg/ha top-dress at 30 & 60 DAS.
Sugarcane,Clay,58,54,46,NPK 13-0-45,13-0-45,High potassium demand with adequate phosphorus. NPK 13-0-45 provides premium K and supplementary N for quality crops.,Apply 100–120 kg/ha: 40% basal + 60% at flowering/fruiting via fertigation.
Sugarcane,Clay,112,56,37,MOP (Muriate of Potash),0-0-60,"Potassium is severely deficient. MOP (60% K) improves drought tolerance, disease resistance, and grain quality.",Apply 60–80 kg/ha: 50% basal at sowing + 50% at flowering. Avoid during dry spells.
Sugarcane,Clay,119,28,145,DAP,18-46-0,Phosphorus is severely deficient. DAP delivers high P (46%) essential for root development and energy transfer.,"Apply 80–100 kg/ha as basal dose, 5–10 cm below seed level before planting."
Sugarcane,Clay,106,62,93,NPK 13-0-45,13-0-45,High potassium demand with adequate phosphorus. NPK 13-0-45 provides premium K and supplementary N for quality crops.,Apply 100–120 kg/ha: 40% basal + 60% at flowering/fruiting via fertigation.
Sugarcane,Clay,36,51,143,Urea,46-0-0,Nitrogen is severely deficient. Urea (46% N) rapidly restores soil nitrogen for vegetative growth.,Apply 100–120 kg/ha split: 50% at sowing + 50% at 30 DAS. Incorporate into moist soil.
Sugarcane,Clay,124,63,135,NPK 17-17-17,17-17-17,"All three nutrients (N, P, K) are below optimal. Balanced 17-17-17 corrects deficiencies uniformly.",Apply 150–200 kg/ha basal + 50–75 kg/ha top-dress at 30 & 60 DAS.
Sugarcane,Clay,65,25,100,NPK 20-20-0,20-20-0,Nitrogen and phosphorus are deficient; potassium is adequate. NPK 20-20-0 targets N & P without excess K.,Apply 120–150 kg/ha at sowing. Supplement with 30 kg/ha urea at tillering stage.
Sugarcane,Clay,94,64,137,Ammonium Sulphate,21-0-0,Nitrogen is moderately low. Ammonium Sulphate provides N + sulphur — ideal for alkaline/sulphur-deficient soils.,Apply 100–150 kg/ha in two splits: at planting and 30–40 DAS.
Sugarcane,Clay,85,26,122,NPK 20-20-0,20-20-0,Nitrogen and phosphorus are deficient; potassium is adequate. NPK 20-20-0 targets N & P without excess K.,Apply 120–150 kg/ha at sowing. Supplement with 30 kg/ha urea at tillering stage.
Sugarcane,Clay,73,63,77,NPK 13-0-45,13-0-45,High potassium demand with adequate phosphorus. NPK 13-0-45 provides premium K and supplementary N for quality crops.,Apply 100–120 kg/ha: 40% basal + 60% at flowering/fruiting via fertigation.
Sugarcane,Clay,135,18,102,SSP (Single Super Phosphate),0-16-0,Severe phosphorus deficiency. SSP provides P with calcium and sulphur — ideal for legumes and oilseeds.,Apply 200–250 kg/ha as basal dose incorporated into soil before sowing.
Sugarcane,Clay,101,48,45,MOP (Muriate of Potash),0-0-60,"Potassium is severely deficient. MOP (60% K) improves drought tolerance, disease resistance, and grain quality.",Apply 60–80 kg/ha: 50% basal at sowing + 50% at flowering. Avoid during dry spells.
Sugarcane,Clay,146,66,51,MOP (Muriate of Potash),0-0-60,"Potassium is severely deficient. MOP (60% K) improves drought tolerance, disease resistance, and grain quality.",Apply 60–80 kg/ha: 50% basal at sowing + 50% at flowering. Avoid during dry spells.
Sugarcane,Silt,45,13,104,NPK 20-20-0,20-20-0,Nitrogen and phosphorus are deficient; potassium is adequate. NPK 20-20-0 targets N & P without excess K.,Apply 120–150 kg/ha at sowing. Supplement with 30 kg/ha urea at tillering stage.
Sugarcane,Silt,125,46,53,MOP (Muriate of Potash),0-0-60,"Potassium is severely deficient. MOP (60% K) improves drought tolerance, disease resistance, and grain quality.",Apply 60–80 kg/ha: 50% basal at sowing + 50% at flowering. Avoid during dry spells.
Sugarcane,Silt,91,49,86,Ammonium Sulphate,21-0-0,Nitrogen is moderately low. Ammonium Sulphate provides N + sulphur — ideal for alkaline/sulphur-deficient soils.,Apply 100–150 kg/ha in two splits: at planting and 30–40 DAS.
Sugarcane,Silt,185,20,111,SSP (Single Super Phosphate),0-16-0,Severe phosphorus deficiency. SSP provides P with calcium and sulphur — ideal for legumes and oilseeds.,Apply 200–250 kg/ha as basal dose incorporated into soil before sowing.
Sugarcane,Silt,93,38,114,NPK 20-20-0,20-20-0,Nitrogen and phosphorus are deficient; potassium is adequate. NPK 20-20-0 targets N & P without excess K.,Apply 120–150 kg/ha at sowing. Supplement with 30 kg/ha urea at tillering stage.
Sugarcane,Silt,139,74,40,MOP (Muriate of Potash),0-0-60,"Potassium is severely deficient. MOP (60% K) improves drought tolerance, disease resistance, and grain quality.",Apply 60–80 kg/ha: 50% basal at sowing + 50% at flowering. Avoid during dry spells.
Sugarcane,Silt,46,57,96,Urea,46-0-0,Nitrogen is severely deficient. Urea (46% N) rapidly restores soil nitrogen for vegetative growth.,Apply 100–120 kg/ha split: 50% at sowing + 50% at 30 DAS. Incorporate into moist soil.
Sugarcane,Silt,73,17,34,NPK 17-17-17,17-17-17,"All three nutrients (N, P, K) are below optimal. Balanced 17-17-17 corrects deficiencies uniformly.",Apply 150–200 kg/ha basal + 50–75 kg/ha top-dress at 30 & 60 DAS.
Sugarcane,Silt,170,24,64,NPK 10-26-26,10-26-26,Phosphorus and potassium are deficient; nitrogen is adequate. NPK 10-26-26 corrects P & K without excess N.,Apply 120–150 kg/ha as basal dose before planting. Ideal for fruiting crops.
Sugarcane,Silt,65,34,32,NPK 17-17-17,17-17-17,"All three nutrients (N, P, K) are below optimal. Balanced 17-17-17 corrects deficiencies uniformly.",Apply 150–200 kg/ha basal + 50–75 kg/ha top-dress at 30 & 60 DAS.
Sugarcane,Silt,111,16,124,SSP (Single Super Phosphate),0-16-0,Severe phosphorus deficiency. SSP provides P with calcium and sulphur — ideal for legumes and oilseeds.,Apply 200–250 kg/ha as basal dose incorporated into soil before sowing.
Sugarcane,Silt,66,46,134,Urea,46-0-0,Nitrogen is severely deficient. Urea (46% N) rapidly restores soil nitrogen for vegetative growth.,Apply 100–120 kg/ha split: 50% at sowing + 50% at 30 DAS. Incorporate into moist soil.
Sugarcane,Silt,132,45,64,NPK 13-0-45,13-0-45,High potassium demand with adequate phosphorus. NPK 13-0-45 provides premium K and supplementary N for quality crops.,Apply 100–120 kg/ha: 40% basal + 60% at flowering/fruiting via fertigation.
Sugarcane,Silt,82,54,149,Ammonium Sulphate,21-0-0,Nitrogen is moderately low. Ammonium Sulphate provides N + sulphur — ideal for alkaline/sulphur-deficient soils.,Apply 100–150 kg/ha in two splits: at planting and 30–40 DAS.
Sugarcane,Silt,134,47,116,NPK 17-17-17,17-17-17,"All three nutrients (N, P, K) are below optimal. Balanced 17-17-17 corrects deficiencies uniformly.",Apply 150–200 kg/ha basal + 50–75 kg/ha top-dress at 30 & 60 DAS.
Sugarcane,Silt,103,15,94,SSP (Single Super Phosphate),0-16-0,Severe phosphorus deficiency. SSP provides P with calcium and sulphur — ideal for legumes and oilseeds.,Apply 200–250 kg/ha as basal dose incorporated into soil before sowing.
Sugarcane,Silt,180,23,110,SSP (Single Super Phosphate),0-16-0,Severe phosphorus deficiency. SSP provides P with calcium and sulphur — ideal for legumes and oilseeds.,Apply 200–250 kg/ha as basal dose incorporated into soil before sowing.
Sugarcane,Silt,61,45,36,NPK 13-0-45,13-0-45,High potassium demand with adequate phosphorus. NPK 13-0-45 provides premium K and supplementary N for quality crops.,Apply 100–120 kg/ha: 40% basal + 60% at flowering/fruiting via fertigation.
Sugarcane,Silt,100,59,67,NPK 13-0-45,13-0-45,High potassium demand with adequate phosphorus. NPK 13-0-45 provides premium K and supplementary N for quality crops.,Apply 100–120 kg/ha: 40% basal + 60% at flowering/fruiting via fertigation.
Sugarcane,Silt,134,62,140,NPK 17-17-17,17-17-17,"All three nutrients (N, P, K) are below optimal. Balanced 17-17-17 corrects deficiencies uniformly.",Apply 150–200 kg/ha basal + 50–75 kg/ha top-dress at 30 & 60 DAS.
Sugarcane,Silt,66,37,43,NPK 17-17-17,17-17-17,"All three nutrients (N, P, K) are below optimal. Balanced 17-17-17 corrects deficiencies uniformly.",Apply 150–200 kg/ha basal + 50–75 kg/ha top-dress at 30 & 60 DAS.
Sugarcane,Silt,186,70,92,NPK 17-17-17,17-17-17,"All three nutrients (N, P, K) are below optimal. Balanced 17-17-17 corrects deficiencies uniformly.",Apply 150–200 kg/ha basal + 50–75 kg/ha top-dress at 30 & 60 DAS.
Sugarcane,Silt,162,44,102,NPK 17-17-17,17-17-17,"All three nutrients (N, P, K) are below optimal. Balanced 17-17-17 corrects deficiencies uniformly.",Apply 150–200 kg/ha basal + 50–75 kg/ha top-dress at 30 & 60 DAS.
Sugarcane,Silt,44,59,40,NPK 13-0-45,13-0-45,High potassium demand with adequate phosphorus. NPK 13-0-45 provides premium K and supplementary N for quality crops.,Apply 100–120 kg/ha: 40% basal + 60% at flowering/fruiting via fertigation.
Sugarcane,Silt,160,61,113,NPK 17-17-17,17-17-17,"All three nutrients (N, P, K) are below optimal. Balanced 17-17-17 corrects deficiencies uniformly.",Apply 150–200 kg/ha basal + 50–75 kg/ha top-dress at 30 & 60 DAS.
Sugarcane,Black,35,31,57,NPK 17-17-17,17-17-17,"All three nutrients (N, P, K) are below optimal. Balanced 17-17-17 corrects deficiencies uniformly.",Apply 150–200 kg/ha basal + 50–75 kg/ha top-dress at 30 & 60 DAS.
Sugarcane,Black,86,17,142,NPK 20-20-0,20-20-0,Nitrogen and phosphorus are deficient; potassium is adequate. NPK 20-20-0 targets N & P without excess K.,Apply 120–150 kg/ha at sowing. Supplement with 30 kg/ha urea at tillering stage.
Sugarcane,Black,117,31,74,NPK 10-26-26,10-26-26,Phosphorus and potassium are deficient; nitrogen is adequate. NPK 10-26-26 corrects P & K without excess N.,Apply 120–150 kg/ha as basal dose before planting. Ideal for fruiting crops.
Sugarcane,Black,100,49,88,NPK 13-0-45,13-0-45,High potassium demand with adequate phosphorus. NPK 13-0-45 provides premium K and supplementary N for quality crops.,Apply 100–120 kg/ha: 40% basal + 60% at flowering/fruiting via fertigation.
Sugarcane,Black,174,43,149,NPK 17-17-17,17-17-17,"All three nutrients (N, P, K) are below optimal. Balanced 17-17-17 corrects deficiencies uniformly.",Apply 150–200 kg/ha basal + 50–75 kg/ha top-dress at 30 & 60 DAS.
Sugarcane,Black,164,25,141,SSP (Single Super Phosphate),0-16-0,Severe phosphorus deficiency. SSP provides P with calcium and sulphur — ideal for legumes and oilseeds.,Apply 200–250 kg/ha as basal dose incorporated into soil before sowing.
Sugarcane,Black,48,63,71,NPK 13-0-45,13-0-45,High potassium demand with adequate phosphorus. NPK 13-0-45 provides premium K and supplementary N for quality crops.,Apply 100–120 kg/ha: 40% basal + 60% at flowering/fruiting via fertigation.
Sugarcane,Black,168,66,125,NPK 17-17-17,17-17-17,"All three nutrients (N, P, K) are below optimal. Balanced 17-17-17 corrects deficiencies uniformly.",Apply 150–200 kg/ha basal + 50–75 kg/ha top-dress at 30 & 60 DAS.
Sugarcane,Black,154,31,34,NPK 10-26-26,10-26-26,Phosphorus and potassium are deficient; nitrogen is adequate. NPK 10-26-26 corrects P & K without excess N.,Apply 120–150 kg/ha as basal dose before planting. Ideal for fruiting crops.
Sugarcane,Black,93,22,111,NPK 20-20-0,20-20-0,Nitrogen and phosphorus are deficient; potassium is adequate. NPK 20-20-0 targets N & P without excess K.,Apply 120–150 kg/ha at sowing. Supplement with 30 kg/ha urea at tillering stage.
Sugarcane,Black,84,73,104,Ammonium Sulphate,21-0-0,Nitrogen is moderately low. Ammonium Sulphate provides N + sulphur — ideal for alkaline/sulphur-deficient soils.,Apply 100–150 kg/ha in two splits: at planting and 30–40 DAS.
Sugarcane,Black,159,20,132,SSP (Single Super Phosphate),0-16-0,Severe phosphorus deficiency. SSP provides P with calcium and sulphur — ideal for legumes and oilseeds.,Apply 200–250 kg/ha as basal dose incorporated into soil before sowing.
Sugarcane,Black,175,42,100,NPK 17-17-17,17-17-17,"All three nutrients (N, P, K) are below optimal. Balanced 17-17-17 corrects deficiencies uniformly.",Apply 150–200 kg/ha basal + 50–75 kg/ha top-dress at 30 & 60 DAS.
Sugarcane,Black,150,23,87,SSP (Single Super Phosphate),0-16-0,Severe phosphorus deficiency. SSP provides P with calcium and sulphur — ideal for legumes and oilseeds.,Apply 200–250 kg/ha as basal dose incorporated into soil before sowing.
Sugarcane,Black,92,21,70,NPK 17-17-17,17-17-17,"All three nutrients (N, P, K) are below optimal. Balanced 17-17-17 corrects deficiencies uniformly.",Apply 150–200 kg/ha basal + 50–75 kg/ha top-dress at 30 & 60 DAS.
Sugarcane,Black,40,13,41,NPK 17-17-17,17-17-17,"All three nutrients (N, P, K) are below optimal. Balanced 17-17-17 corrects deficiencies uniformly.",Apply 150–200 kg/ha basal + 50–75 kg/ha top-dress at 30 & 60 DAS.
Sugarcane,Black,181,46,145,NPK 17-17-17,17-17-17,"All three nutrients (N, P, K) are below optimal. Balanced 17-17-17 corrects deficiencies uniformly.",Apply 150–200 kg/ha basal + 50–75 kg/ha top-dress at 30 & 60 DAS.
Sugarcane,Black,98,31,87,DAP,18-46-0,Phosphorus is severely deficient. DAP delivers high P (46%) essential for root development and energy transfer.,"Apply 80–100 kg/ha as basal dose, 5–10 cm below seed level before planting."
Sugarcane,Black,99,18,104,SSP (Single Super Phosphate),0-16-0,Severe phosphorus deficiency. SSP provides P with calcium and sulphur — ideal for legumes and oilseeds.,Apply 200–250 kg/ha as basal dose incorporated into soil before sowing.
Sugarcane,Black,64,51,105,Urea,46-0-0,Nitrogen is severely deficient. Urea (46% N) rapidly restores soil nitrogen for vegetative growth.,Apply 100–120 kg/ha split: 50% at sowing + 50% at 30 DAS. Incorporate into moist soil.
Sugarcane,Black,53,15,122,NPK 20-20-0,20-20-0,Nitrogen and phosphorus are deficient; potassium is adequate. NPK 20-20-0 targets N & P without excess K.,Apply 120–150 kg/ha at sowing. Supplement with 30 kg/ha urea at tillering stage.
Sugarcane,Black,102,15,149,SSP (Single Super Phosphate),0-16-0,Severe phosphorus deficiency. SSP provides P with calcium and sulphur — ideal for legumes and oilseeds.,Apply 200–250 kg/ha as basal dose incorporated into soil before sowing.
Sugarcane,Black,39,55,147,Urea,46-0-0,Nitrogen is severely deficient. Urea (46% N) rapidly restores soil nitrogen for vegetative growth.,Apply 100–120 kg/ha split: 50% at sowing + 50% at 30 DAS. Incorporate into moist soil.
Sugarcane,Black,67,20,39,NPK 17-17-17,17-17-17,"All three nutrients (N, P, K) are below optimal. Balanced 17-17-17 corrects deficiencies uniformly.",Apply 150–200 kg/ha basal + 50–75 kg/ha top-dress at 30 & 60 DAS.
Sugarcane,Black,77,18,111,NPK 20-20-0,20-20-0,Nitrogen and phosphorus are deficient; potassium is adequate. NPK 20-20-0 targets N & P without excess K.,Apply 120–150 kg/ha at sowing. Supplement with 30 kg/ha urea at tillering stage.
Sugarcane,Red,39,44,149,Urea,46-0-0,Nitrogen is severely deficient. Urea (46% N) rapidly restores soil nitrogen for vegetative growth.,Apply 100–120 kg/ha split: 50% at sowing + 50% at 30 DAS. Incorporate into moist soil.
Sugarcane,Red,158,50,62,NPK 13-0-45,13-0-45,High potassium demand with adequate phosphorus. NPK 13-0-45 provides premium K and supplementary N for quality crops.,Apply 100–120 kg/ha: 40% basal + 60% at flowering/fruiting via fertigation.
Sugarcane,Red,128,45,77,NPK 13-0-45,13-0-45,High potassium demand with adequate phosphorus. NPK 13-0-45 provides premium K and supplementary N for quality crops.,Apply 100–120 kg/ha: 40% basal + 60% at flowering/fruiting via fertigation.
Sugarcane,Red,50,67,80,Urea,46-0-0,Nitrogen is severely deficient. Urea (46% N) rapidly restores soil nitrogen for vegetative growth.,Apply 100–120 kg/ha split: 50% at sowing + 50% at 30 DAS. Incorporate into moist soil.
Sugarcane,Red,60,35,76,NPK 17-17-17,17-17-17,"All three nutrients (N, P, K) are below optimal. Balanced 17-17-17 corrects deficiencies uniformly.",Apply 150–200 kg/ha basal + 50–75 kg/ha top-dress at 30 & 60 DAS.
Sugarcane,Red,160,58,120,NPK 17-17-17,17-17-17,"All three nutrients (N, P, K) are below optimal. Balanced 17-17-17 corrects deficiencies uniformly.",Apply 150–200 kg/ha basal + 50–75 kg/ha top-dress at 30 & 60 DAS.
Sugarcane,Red,31,38,84,NPK 20-20-0,20-20-0,Nitrogen and phosphorus are deficient; potassium is adequate. NPK 20-20-0 targets N & P without excess K.,Apply 120–150 kg/ha at sowing. Supplement with 30 kg/ha urea at tillering stage.
Sugarcane,Red,33,28,119,NPK 20-20-0,20-20-0,Nitrogen and phosphorus are deficient; potassium is adequate. NPK 20-20-0 targets N & P without excess K.,Apply 120–150 kg/ha at sowing. Supplement with 30 kg/ha urea at tillering stage.
Sugarcane,Red,51,45,51,NPK 13-0-45,13-0-45,High potassium demand with adequate phosphorus. NPK 13-0-45 provides premium K and supplementary N for quality crops.,Apply 100–120 kg/ha: 40% basal + 60% at flowering/fruiting via fertigation.
Sugarcane,Red,31,27,146,NPK 20-20-0,20-20-0,Nitrogen and phosphorus are deficient; potassium is adequate. NPK 20-20-0 targets N & P without excess K.,Apply 120–150 kg/ha at sowing. Supplement with 30 kg/ha urea at tillering stage.
Sugarcane,Red,156,72,85,NPK 17-17-17,17-17-17,"All three nutrients (N, P, K) are below optimal. Balanced 17-17-17 corrects deficiencies uniformly.",Apply 150–200 kg/ha basal + 50–75 kg/ha top-dress at 30 & 60 DAS.
Sugarcane,Red,47,46,81,Urea,46-0-0,Nitrogen is severely deficient. Urea (46% N) rapidly restores soil nitrogen for vegetative growth.,Apply 100–120 kg/ha split: 50% at sowing + 50% at 30 DAS. Incorporate into moist soil.
Sugarcane,Red,162,18,85,SSP (Single Super Phosphate),0-16-0,Severe phosphorus deficiency. SSP provides P with calcium and sulphur — ideal for legumes and oilseeds.,Apply 200–250 kg/ha as basal dose incorporated into soil before sowing.
Sugarcane,Red,53,32,116,NPK 20-20-0,20-20-0,Nitrogen and phosphorus are deficient; potassium is adequate. NPK 20-20-0 targets N & P without excess K.,Apply 120–150 kg/ha at sowing. Supplement with 30 kg/ha urea at tillering stage.
Sugarcane,Red,104,35,73,NPK 10-26-26,10-26-26,Phosphorus and potassium are deficient; nitrogen is adequate. NPK 10-26-26 corrects P & K without excess N.,Apply 120–150 kg/ha as basal dose before planting. Ideal for fruiting crops.
Sugarcane,Red,102,61,136,Ammonium Sulphate,21-0-0,Nitrogen is moderately low. Ammonium Sulphate provides N + sulphur — ideal for alkaline/sulphur-deficient soils.,Apply 100–150 kg/ha in two splits: at planting and 30–40 DAS.
Sugarcane,Red,180,61,63,NPK 13-0-45,13-0-45,High potassium demand with adequate phosphorus. NPK 13-0-45 provides premium K and supplementary N for quality crops.,Apply 100–120 kg/ha: 40% basal + 60% at flowering/fruiting via fertigation.
Sugarcane,Red,138,39,56,NPK 13-0-45,13-0-45,High potassium demand with adequate phosphorus. NPK 13-0-45 provides premium K and supplementary N for quality crops.,Apply 100–120 kg/ha: 40% basal + 60% at flowering/fruiting via fertigation.
Sugarcane,Red,162,14,137,SSP (Single Super Phosphate),0-16-0,Severe phosphorus deficiency. SSP provides P with calcium and sulphur — ideal for legumes and oilseeds.,Apply 200–250 kg/ha as basal dose incorporated into soil before sowing.
Sugarcane,Red,102,52,107,Ammonium Sulphate,21-0-0,Nitrogen is moderately low. Ammonium Sulphate provides N + sulphur — ideal for alkaline/sulphur-deficient soils.,Apply 100–150 kg/ha in two splits: at planting and 30–40 DAS.
Sugarcane,Red,170,52,101,NPK 17-17-17,17-17-17,"All three nutrients (N, P, K) are below optimal. Balanced 17-17-17 corrects deficiencies uniformly.",Apply 150–200 kg/ha basal + 50–75 kg/ha top-dress at 30 & 60 DAS.
Sugarcane,Red,40,44,42,NPK 13-0-45,13-0-45,High potassium demand with adequate phosphorus. NPK 13-0-45 provides premium K and supplementary N for quality crops.,Apply 100–120 kg/ha: 40% basal + 60% at flowering/fruiting via fertigation.
Sugarcane,Red,146,44,109,NPK 17-17-17,17-17-17,"All three nutrients (N, P, K) are below optimal. Balanced 17-17-17 corrects deficiencies uniformly.",Apply 150–200 kg/ha basal + 50–75 kg/ha top-dress at 30 & 60 DAS.
Sugarcane,Red,36,17,114,NPK 20-20-0,20-20-0,Nitrogen and phosphorus are deficient; potassium is adequate. NPK 20-20-0 targets N & P without excess K.,Apply 120–150 kg/ha at sowing. Supplement with 30 kg/ha urea at tillering stage.
Sugarcane,Red,41,16,25,NPK 17-17-17,17-17-17,"All three nutrients (N, P, K) are below optimal. Balanced 17-17-17 corrects deficiencies uniformly.",Apply 150–200 kg/ha basal + 50–75 kg/ha top-dress at 30 & 60 DAS.
Cotton,Sandy,144,58,34,NPK 13-0-45,13-0-45,High potassium demand with adequate phosphorus. NPK 13-0-45 provides premium K and supplementary N for quality crops.,Apply 100–120 kg/ha: 40% basal + 60% at flowering/fruiting via fertigation.
Cotton,Sandy,61,34,60,NPK 20-20-0,20-20-0,Nitrogen and phosphorus are deficient; potassium is adequate. NPK 20-20-0 targets N & P without excess K.,Apply 120–150 kg/ha at sowing. Supplement with 30 kg/ha urea at tillering stage.
Cotton,Sandy,107,23,22,NPK 10-26-26,10-26-26,Phosphorus and potassium are deficient; nitrogen is adequate. NPK 10-26-26 corrects P & K without excess N.,Apply 120–150 kg/ha as basal dose before planting. Ideal for fruiting crops.
Cotton,Sandy,36,53,60,Urea,46-0-0,Nitrogen is severely deficient. Urea (46% N) rapidly restores soil nitrogen for vegetative growth.,Apply 100–120 kg/ha split: 50% at sowing + 50% at 30 DAS. Incorporate into moist soil.
Cotton,Sandy,57,13,17,NPK 17-17-17,17-17-17,"All three nutrients (N, P, K) are below optimal. Balanced 17-17-17 corrects deficiencies uniformly.",Apply 150–200 kg/ha basal + 50–75 kg/ha top-dress at 30 & 60 DAS.
Cotton,Sandy,145,30,60,DAP,18-46-0,Phosphorus is severely deficient. DAP delivers high P (46%) essential for root development and energy transfer.,"Apply 80–100 kg/ha as basal dose, 5–10 cm below seed level before planting."
Cotton,Sandy,102,36,24,NPK 10-26-26,10-26-26,Phosphorus and potassium are deficient; nitrogen is adequate. NPK 10-26-26 corrects P & K without excess N.,Apply 120–150 kg/ha as basal dose before planting. Ideal for fruiting crops.
Cotton,Sandy,39,50,60,Urea,46-0-0,Nitrogen is severely deficient. Urea (46% N) rapidly restores soil nitrogen for vegetative growth.,Apply 100–120 kg/ha split: 50% at sowing + 50% at 30 DAS. Incorporate into moist soil.
Cotton,Sandy,105,45,14,MOP (Muriate of Potash),0-0-60,"Potassium is severely deficient. MOP (60% K) improves drought tolerance, disease resistance, and grain quality.",Apply 60–80 kg/ha: 50% basal at sowing + 50% at flowering. Avoid during dry spells.
Cotton,Sandy,146,62,30,NPK 13-0-45,13-0-45,High potassium demand with adequate phosphorus. NPK 13-0-45 provides premium K and supplementary N for quality crops.,Apply 100–120 kg/ha: 40% basal + 60% at flowering/fruiting via fertigation.
Cotton,Sandy,147,49,48,NPK 17-17-17,17-17-17,"All three nutrients (N, P, K) are below optimal. Balanced 17-17-17 corrects deficiencies uniformly.",Apply 150–200 kg/ha basal + 50–75 kg/ha top-dress at 30 & 60 DAS.
Cotton,Sandy,118,63,53,NPK 17-17-17,17-17-17,"All three nutrients (N, P, K) are below optimal. Balanced 17-17-17 corrects deficiencies uniformly.",Apply 150–200 kg/ha basal + 50–75 kg/ha top-dress at 30 & 60 DAS.
Cotton,Sandy,40,33,70,NPK 20-20-0,20-20-0,Nitrogen and phosphorus are deficient; potassium is adequate. NPK 20-20-0 targets N & P without excess K.,Apply 120–150 kg/ha at sowing. Supplement with 30 kg/ha urea at tillering stage.
Cotton,Sandy,52,35,39,NPK 20-20-0,20-20-0,Nitrogen and phosphorus are deficient; potassium is adequate. NPK 20-20-0 targets N & P without excess K.,Apply 120–150 kg/ha at sowing. Supplement with 30 kg/ha urea at tillering stage.
Cotton,Sandy,79,50,71,Ammonium Sulphate,21-0-0,Nitrogen is moderately low. Ammonium Sulphate provides N + sulphur — ideal for alkaline/sulphur-deficient soils.,Apply 100–150 kg/ha in two splits: at planting and 30–40 DAS.
Cotton,Sandy,54,19,24,NPK 17-17-17,17-17-17,"All three nutrients (N, P, K) are below optimal. Balanced 17-17-17 corrects deficiencies uniformly.",Apply 150–200 kg/ha basal + 50–75 kg/ha top-dress at 30 & 60 DAS.
Cotton,Sandy,135,52,30,NPK 13-0-45,13-0-45,High potassium demand with adequate phosphorus. NPK 13-0-45 provides premium K and supplementary N for quality crops.,Apply 100–120 kg/ha: 40% basal + 60% at flowering/fruiting via fertigation.
Cotton,Sandy,126,66,65,NPK 17-17-17,17-17-17,"All three nutrients (N, P, K) are below optimal. Balanced 17-17-17 corrects deficiencies uniformly.",Apply 150–200 kg/ha basal + 50–75 kg/ha top-dress at 30 & 60 DAS.
Cotton,Sandy,139,27,59,DAP,18-46-0,Phosphorus is severely deficient. DAP delivers high P (46%) essential for root development and energy transfer.,"Apply 80–100 kg/ha as basal dose, 5–10 cm below seed level before planting."
Cotton,Sandy,82,65,57,Ammonium Sulphate,21-0-0,Nitrogen is moderately low. Ammonium Sulphate provides N + sulphur — ideal for alkaline/sulphur-deficient soils.,Apply 100–150 kg/ha in two splits: at planting and 30–40 DAS.
Cotton,Sandy,121,53,23,MOP (Muriate of Potash),0-0-60,"Potassium is severely deficient. MOP (60% K) improves drought tolerance, disease resistance, and grain quality.",Apply 60–80 kg/ha: 50% basal at sowing + 50% at flowering. Avoid during dry spells.
Cotton,Sandy,92,74,71,Ammonium Sulphate,21-0-0,Nitrogen is moderately low. Ammonium Sulphate provides N + sulphur — ideal for alkaline/sulphur-deficient soils.,Apply 100–150 kg/ha in two splits: at planting and 30–40 DAS.
Cotton,Sandy,29,22,20,NPK 17-17-17,17-17-17,"All three nutrients (N, P, K) are below optimal. Balanced 17-17-17 corrects deficiencies uniformly.",Apply 150–200 kg/ha basal + 50–75 kg/ha top-dress at 30 & 60 DAS.
Cotton,Sandy,115,63,25,MOP (Muriate of Potash),0-0-60,"Potassium is severely deficient. MOP (60% K) improves drought tolerance, disease resistance, and grain quality.",Apply 60–80 kg/ha: 50% basal at sowing + 50% at flowering. Avoid during dry spells.
Cotton,Sandy,87,64,58,Ammonium Sulphate,21-0-0,Nitrogen is moderately low. Ammonium Sulphate provides N + sulphur — ideal for alkaline/sulphur-deficient soils.,Apply 100–150 kg/ha in two splits: at planting and 30–40 DAS.
Cotton,Loamy,92,49,44,NPK 13-0-45,13-0-45,High potassium demand with adequate phosphorus. NPK 13-0-45 provides premium K and supplementary N for quality crops.,Apply 100–120 kg/ha: 40% basal + 60% at flowering/fruiting via fertigation.
Cotton,Loamy,61,47,55,Ammonium Sulphate,21-0-0,Nitrogen is moderately low. Ammonium Sulphate provides N + sulphur — ideal for alkaline/sulphur-deficient soils.,Apply 100–150 kg/ha in two splits: at planting and 30–40 DAS.
Cotton,Loamy,134,52,59,NPK 17-17-17,17-17-17,"All three nutrients (N, P, K) are below optimal. Balanced 17-17-17 corrects deficiencies uniformly.",Apply 150–200 kg/ha basal + 50–75 kg/ha top-dress at 30 & 60 DAS.
Cotton,Loamy,44,41,12,NPK 13-0-45,13-0-45,High potassium demand with adequate phosphorus. NPK 13-0-45 provides premium K and supplementary N for quality crops.,Apply 100–120 kg/ha: 40% basal + 60% at flowering/fruiting via fertigation.
Cotton,Loamy,55,57,74,Urea,46-0-0,Nitrogen is severely deficient. Urea (46% N) rapidly restores soil nitrogen for vegetative growth.,Apply 100–120 kg/ha split: 50% at sowing + 50% at 30 DAS. Incorporate into moist soil.
Cotton,Loamy,36,37,62,NPK 20-20-0,20-20-0,Nitrogen and phosphorus are deficient; potassium is adequate. NPK 20-20-0 targets N & P without excess K.,Apply 120–150 kg/ha at sowing. Supplement with 30 kg/ha urea at tillering stage.
Cotton,Loamy,49,46,58,Urea,46-0-0,Nitrogen is severely deficient. Urea (46% N) rapidly restores soil nitrogen for vegetative growth.,Apply 100–120 kg/ha split: 50% at sowing + 50% at 30 DAS. Incorporate into moist soil.
Cotton,Loamy,101,23,34,NPK 10-26-26,10-26-26,Phosphorus and potassium are deficient; nitrogen is adequate. NPK 10-26-26 corrects P & K without excess N.,Apply 120–150 kg/ha as basal dose before planting. Ideal for fruiting crops.
Cotton,Loamy,122,46,12,MOP (Muriate of Potash),0-0-60,"Potassium is severely deficient. MOP (60% K) improves drought tolerance, disease resistance, and grain quality.",Apply 60–80 kg/ha: 50% basal at sowing + 50% at flowering. Avoid during dry spells.
Cotton,Loamy,119,14,58,SSP (Single Super Phosphate),0-16-0,Severe phosphorus deficiency. SSP provides P with calcium and sulphur — ideal for legumes and oilseeds.,Apply 200–250 kg/ha as basal dose incorporated into soil before sowing.
Cotton,Loamy,49,72,35,NPK 13-0-45,13-0-45,High potassium demand with adequate phosphorus. NPK 13-0-45 provides premium K and supplementary N for quality crops.,Apply 100–120 kg/ha: 40% basal + 60% at flowering/fruiting via fertigation.
Cotton,Loamy,65,21,31,NPK 17-17-17,17-17-17,"All three nutrients (N, P, K) are below optimal. Balanced 17-17-17 corrects deficiencies uniformly.",Apply 150–200 kg/ha basal + 50–75 kg/ha top-dress at 30 & 60 DAS.
Cotton,Loamy,134,74,35,NPK 13-0-45,13-0-45,High potassium demand with adequate phosphorus. NPK 13-0-45 provides premium K and supplementary N for quality crops.,Apply 100–120 kg/ha: 40% basal + 60% at flowering/fruiting via fertigation.
Cotton,Loamy,80,57,67,Ammonium Sulphate,21-0-0,Nitrogen is moderately low. Ammonium Sulphate provides N + sulphur — ideal for alkaline/sulphur-deficient soils.,Apply 100–150 kg/ha in two splits: at planting and 30–40 DAS.
Cotton,Loamy,98,36,37,NPK 10-26-26,10-26-26,Phosphorus and potassium are deficient; nitrogen is adequate. NPK 10-26-26 corrects P & K without excess N.,Apply 120–150 kg/ha as basal dose before planting. Ideal for fruiting crops.
Cotton,Loamy,111,12,51,SSP (Single Super Phosphate),0-16-0,Severe phosphorus deficiency. SSP provides P with calcium and sulphur — ideal for legumes and oilseeds.,Apply 200–250 kg/ha as basal dose incorporated into soil before sowing.
Cotton,Loamy,68,62,17,NPK 13-0-45,13-0-45,High potassium demand with adequate phosphorus. NPK 13-0-45 provides premium K and supplementary N for quality crops.,Apply 100–120 kg/ha: 40% basal + 60% at flowering/fruiting via fertigation.
Cotton,Loamy,98,42,52,NPK 17-17-17,17-17-17,"All three nutrients (N, P, K) are below optimal. Balanced 17-17-17 corrects deficiencies uniformly.",Apply 150–200 kg/ha basal + 50–75 kg/ha top-dress at 30 & 60 DAS.
Cotton,Loamy,32,48,47,Urea,46-0-0,Nitrogen is severely deficient. Urea (46% N) rapidly restores soil nitrogen for vegetative growth.,Apply 100–120 kg/ha split: 50% at sowing + 50% at 30 DAS. Incorporate into moist soil.
Cotton,Loamy,94,50,54,Ammonium Sulphate,21-0-0,Nitrogen is moderately low. Ammonium Sulphate provides N + sulphur — ideal for alkaline/sulphur-deficient soils.,Apply 100–150 kg/ha in two splits: at planting and 30–40 DAS.
Cotton,Loamy,125,28,63,DAP,18-46-0,Phosphorus is severely deficient. DAP delivers high P (46%) essential for root development and energy transfer.,"Apply 80–100 kg/ha as basal dose, 5–10 cm below seed level before planting."
Cotton,Loamy,86,16,15,NPK 10-26-26,10-26-26,Phosphorus and potassium are deficient; nitrogen is adequate. NPK 10-26-26 corrects P & K without excess N.,Apply 120–150 kg/ha as basal dose before planting. Ideal for fruiting crops.
Cotton,Loamy,66,61,56,Ammonium Sulphate,21-0-0,Nitrogen is moderately low. Ammonium Sulphate provides N + sulphur — ideal for alkaline/sulphur-deficient soils.,Apply 100–150 kg/ha in two splits: at planting and 30–40 DAS.
Cotton,Loamy,123,44,39,NPK 12-32-16,12-32-16,High phosphorus demand with moderate N and K deficiency. NPK 12-32-16 emphasises P with balanced N & K.,Apply 100–125 kg/ha as basal. Supplement with 30 kg/ha urea at 30 DAS.
Cotton,Loamy,42,32,39,NPK 20-20-0,20-20-0,Nitrogen and phosphorus are deficient; potassium is adequate. NPK 20-20-0 targets N & P without excess K.,Apply 120–150 kg/ha at sowing. Supplement with 30 kg/ha urea at tillering stage.
Cotton,Clay,35,25,49,NPK 20-20-0,20-20-0,Nitrogen and phosphorus are deficient; potassium is adequate. NPK 20-20-0 targets N & P without excess K.,Apply 120–150 kg/ha at sowing. Supplement with 30 kg/ha urea at tillering stage.
Cotton,Clay,116,74,70,NPK 17-17-17,17-17-17,"All three nutrients (N, P, K) are below optimal. Balanced 17-17-17 corrects deficiencies uniformly.",Apply 150–200 kg/ha basal + 50–75 kg/ha top-dress at 30 & 60 DAS.
Cotton,Clay,104,38,52,DAP,18-46-0,Phosphorus is severely deficient. DAP delivers high P (46%) essential for root development and energy transfer.,"Apply 80–100 kg/ha as basal dose, 5–10 cm below seed level before planting."
Cotton,Clay,122,19,37,NPK 10-26-26,10-26-26,Phosphorus and potassium are deficient; nitrogen is adequate. NPK 10-26-26 corrects P & K without excess N.,Apply 120–150 kg/ha as basal dose before planting. Ideal for fruiting crops.
Cotton,Clay,129,36,48,DAP,18-46-0,Phosphorus is severely deficient. DAP delivers high P (46%) essential for root development and energy transfer.,"Apply 80–100 kg/ha as basal dose, 5–10 cm below seed level before planting."
Cotton,Clay,98,23,34,NPK 10-26-26,10-26-26,Phosphorus and potassium are deficient; nitrogen is adequate. NPK 10-26-26 corrects P & K without excess N.,Apply 120–150 kg/ha as basal dose before planting. Ideal for fruiting crops.
Cotton,Clay,66,13,13,NPK 17-17-17,17-17-17,"All three nutrients (N, P, K) are below optimal. Balanced 17-17-17 corrects deficiencies uniformly.",Apply 150–200 kg/ha basal + 50–75 kg/ha top-dress at 30 & 60 DAS.
Cotton,Clay,128,29,44,DAP,18-46-0,Phosphorus is severely deficient. DAP delivers high P (46%) essential for root development and energy transfer.,"Apply 80–100 kg/ha as basal dose, 5–10 cm below seed level before planting."
Cotton,Clay,61,71,28,NPK 13-0-45,13-0-45,High potassium demand with adequate phosphorus. NPK 13-0-45 provides premium K and supplementary N for quality crops.,Apply 100–120 kg/ha: 40% basal + 60% at flowering/fruiting via fertigation.
Cotton,Clay,78,66,65,Ammonium Sulphate,21-0-0,Nitrogen is moderately low. Ammonium Sulphate provides N + sulphur — ideal for alkaline/sulphur-deficient soils.,Apply 100–150 kg/ha in two splits: at planting and 30–40 DAS.
Cotton,Clay,47,62,40,Urea,46-0-0,Nitrogen is severely deficient. Urea (46% N) rapidly restores soil nitrogen for vegetative growth.,Apply 100–120 kg/ha split: 50% at sowing + 50% at 30 DAS. Incorporate into moist soil.
Cotton,Clay,84,20,17,NPK 10-26-26,10-26-26,Phosphorus and potassium are deficient; nitrogen is adequate. NPK 10-26-26 corrects P & K without excess N.,Apply 120–150 kg/ha as basal dose before planting. Ideal for fruiting crops.
Cotton,Clay,115,43,39,NPK 12-32-16,12-32-16,High phosphorus demand with moderate N and K deficiency. NPK 12-32-16 emphasises P with balanced N & K.,Apply 100–125 kg/ha as basal. Supplement with 30 kg/ha urea at 30 DAS.
Cotton,Clay,115,60,22,MOP (Muriate of Potash),0-0-60,"Potassium is severely deficient. MOP (60% K) improves drought tolerance, disease resistance, and grain quality.",Apply 60–80 kg/ha: 50% basal at sowing + 50% at flowering. Avoid during dry spells.
Cotton,Clay,100,20,59,SSP (Single Super Phosphate),0-16-0,Severe phosphorus deficiency. SSP provides P with calcium and sulphur — ideal for legumes and oilseeds.,Apply 200–250 kg/ha as basal dose incorporated into soil before sowing.
Cotton,Clay,106,72,16,MOP (Muriate of Potash),0-0-60,"Potassium is severely deficient. MOP (60% K) improves drought tolerance, disease resistance, and grain quality.",Apply 60–80 kg/ha: 50% basal at sowing + 50% at flowering. Avoid during dry spells.
Cotton,Clay,31,29,28,NPK 17-17-17,17-17-17,"All three nutrients (N, P, K) are below optimal. Balanced 17-17-17 corrects deficiencies uniformly.",Apply 150–200 kg/ha basal + 50–75 kg/ha top-dress at 30 & 60 DAS.
Cotton,Clay,55,69,27,NPK 13-0-45,13-0-45,High potassium demand with adequate phosphorus. NPK 13-0-45 provides premium K and supplementary N for quality crops.,Apply 100–120 kg/ha: 40% basal + 60% at flowering/fruiting via fertigation.
Cotton,Clay,58,59,40,Urea,46-0-0,Nitrogen is severely deficient. Urea (46% N) rapidly restores soil nitrogen for vegetative growth.,Apply 100–120 kg/ha split: 50% at sowing + 50% at 30 DAS. Incorporate into moist soil.
Cotton,Clay,121,16,42,SSP (Single Super Phosphate),0-16-0,Severe phosphorus deficiency. SSP provides P with calcium and sulphur — ideal for legumes and oilseeds.,Apply 200–250 kg/ha as basal dose incorporated into soil before sowing.
Cotton,Clay,28,15,69,NPK 20-20-0,20-20-0,Nitrogen and phosphorus are deficient; potassium is adequate. NPK 20-20-0 targets N & P without excess K.,Apply 120–150 kg/ha at sowing. Supplement with 30 kg/ha urea at tillering stage.
Cotton,Clay,41,45,37,NPK 13-0-45,13-0-45,High potassium demand with adequate phosphorus. NPK 13-0-45 provides premium K and supplementary N for quality crops.,Apply 100–120 kg/ha: 40% basal + 60% at flowering/fruiting via fertigation.
Cotton,Clay,67,68,13,NPK 13-0-45,13-0-45,High potassium demand with adequate phosphorus. NPK 13-0-45 provides premium K and supplementary N for quality crops.,Apply 100–120 kg/ha: 40% basal + 60% at flowering/fruiting via fertigation.
Cotton,Clay,107,72,47,NPK 17-17-17,17-17-17,"All three nutrients (N, P, K) are below optimal. Balanced 17-17-17 corrects deficiencies uniformly.",Apply 150–200 kg/ha basal + 50–75 kg/ha top-dress at 30 & 60 DAS.
Cotton,Clay,142,15,38,NPK 10-26-26,10-26-26,Phosphorus and potassium are deficient; nitrogen is adequate. NPK 10-26-26 corrects P & K without excess N.,Apply 120–150 kg/ha as basal dose before planting. Ideal for fruiting crops.
Cotton,Silt,56,58,73,Urea,46-0-0,Nitrogen is severely deficient. Urea (46% N) rapidly restores soil nitrogen for vegetative growth.,Apply 100–120 kg/ha split: 50% at sowing + 50% at 30 DAS. Incorporate into moist soil.
Cotton,Silt,56,53,24,NPK 13-0-45,13-0-45,High potassium demand with adequate phosphorus. NPK 13-0-45 provides premium K and supplementary N for quality crops.,Apply 100–120 kg/ha: 40% basal + 60% at flowering/fruiting via fertigation.
Cotton,Silt,95,41,73,NPK 17-17-17,17-17-17,"All three nutrients (N, P, K) are below optimal. Balanced 17-17-17 corrects deficiencies uniformly.",Apply 150–200 kg/ha basal + 50–75 kg/ha top-dress at 30 & 60 DAS.
Cotton,Silt,100,34,19,NPK 10-26-26,10-26-26,Phosphorus and potassium are deficient; nitrogen is adequate. NPK 10-26-26 corrects P & K without excess N.,Apply 120–150 kg/ha as basal dose before planting. Ideal for fruiting crops.
Cotton,Silt,43,26,27,NPK 17-17-17,17-17-17,"All three nutrients (N, P, K) are below optimal. Balanced 17-17-17 corrects deficiencies uniformly.",Apply 150–200 kg/ha basal + 50–75 kg/ha top-dress at 30 & 60 DAS.
Cotton,Silt,131,47,44,NPK 12-32-16,12-32-16,High phosphorus demand with moderate N and K deficiency. NPK 12-32-16 emphasises P with balanced N & K.,Apply 100–125 kg/ha as basal. Supplement with 30 kg/ha urea at 30 DAS.
Cotton,Silt,38,66,57,Urea,46-0-0,Nitrogen is severely deficient. Urea (46% N) rapidly restores soil nitrogen for vegetative growth.,Apply 100–120 kg/ha split: 50% at sowing + 50% at 30 DAS. Incorporate into moist soil.
Cotton,Silt,32,56,46,Urea,46-0-0,Nitrogen is severely deficient. Urea (46% N) rapidly restores soil nitrogen for vegetative growth.,Apply 100–120 kg/ha split: 50% at sowing + 50% at 30 DAS. Incorporate into moist soil.
Cotton,Silt,34,40,42,Urea,46-0-0,Nitrogen is severely deficient. Urea (46% N) rapidly restores soil nitrogen for vegetative growth.,Apply 100–120 kg/ha split: 50% at sowing + 50% at 30 DAS. Incorporate into moist soil.
Cotton,Silt,44,71,65,Urea,46-0-0,Nitrogen is severely deficient. Urea (46% N) rapidly restores soil nitrogen for vegetative growth.,Apply 100–120 kg/ha split: 50% at sowing + 50% at 30 DAS. Incorporate into moist soil.
Cotton,Silt,108,41,37,NPK 13-0-45,13-0-45,High potassium demand with adequate phosphorus. NPK 13-0-45 provides premium K and supplementary N for quality crops.,Apply 100–120 kg/ha: 40% basal + 60% at flowering/fruiting via fertigation.
Cotton,Silt,106,46,15,MOP (Muriate of Potash),0-0-60,"Potassium is severely deficient. MOP (60% K) improves drought tolerance, disease resistance, and grain quality.",Apply 60–80 kg/ha: 50% basal at sowing + 50% at flowering. Avoid during dry spells.
Cotton,Silt,88,62,40,NPK 13-0-45,13-0-45,High potassium demand with adequate phosphorus. NPK 13-0-45 provides premium K and supplementary N for quality crops.,Apply 100–120 kg/ha: 40% basal + 60% at flowering/fruiting via fertigation.
Cotton,Silt,30,61,24,NPK 13-0-45,13-0-45,High potassium demand with adequate phosphorus. NPK 13-0-45 provides premium K and supplementary N for quality crops.,Apply 100–120 kg/ha: 40% basal + 60% at flowering/fruiting via fertigation.
Cotton,Silt,56,22,32,NPK 17-17-17,17-17-17,"All three nutrients (N, P, K) are below optimal. Balanced 17-17-17 corrects deficiencies uniformly.",Apply 150–200 kg/ha basal + 50–75 kg/ha top-dress at 30 & 60 DAS.
Cotton,Silt,119,44,24,MOP (Muriate of Potash),0-0-60,"Potassium is severely deficient. MOP (60% K) improves drought tolerance, disease resistance, and grain quality.",Apply 60–80 kg/ha: 50% basal at sowing + 50% at flowering. Avoid during dry spells.
Cotton,Silt,134,67,66,NPK 17-17-17,17-17-17,"All three nutrients (N, P, K) are below optimal. Balanced 17-17-17 corrects deficiencies uniformly.",Apply 150–200 kg/ha basal + 50–75 kg/ha top-dress at 30 & 60 DAS.
Cotton,Silt,54,40,74,Urea,46-0-0,Nitrogen is severely deficient. Urea (46% N) rapidly restores soil nitrogen for vegetative growth.,Apply 100–120 kg/ha split: 50% at sowing + 50% at 30 DAS. Incorporate into moist soil.
Cotton,Silt,121,13,16,NPK 10-26-26,10-26-26,Phosphorus and potassium are deficient; nitrogen is adequate. NPK 10-26-26 corrects P & K without excess N.,Apply 120–150 kg/ha as basal dose before planting. Ideal for fruiting crops.
Cotton,Silt,82,69,45,NPK 13-0-45,13-0-45,High potassium demand with adequate phosphorus. NPK 13-0-45 provides premium K and supplementary N for quality crops.,Apply 100–120 kg/ha: 40% basal + 60% at flowering/fruiting via fertigation.
Cotton,Silt,86,18,53,SSP (Single Super Phosphate),0-16-0,Severe phosphorus deficiency. SSP provides P with calcium and sulphur — ideal for legumes and oilseeds.,Apply 200–250 kg/ha as basal dose incorporated into soil before sowing.
Cotton,Silt,127,35,60,DAP,18-46-0,Phosphorus is severely deficient. DAP delivers high P (46%) essential for root development and energy transfer.,"Apply 80–100 kg/ha as basal dose, 5–10 cm below seed level before planting."
Cotton,Silt,145,24,44,SSP (Single Super Phosphate),0-16-0,Severe phosphorus deficiency. SSP provides P with calcium and sulphur — ideal for legumes and oilseeds.,Apply 200–250 kg/ha as basal dose incorporated into soil before sowing.
Cotton,Silt,60,61,48,Ammonium Sulphate,21-0-0,Nitrogen is moderately low. Ammonium Sulphate provides N + sulphur — ideal for alkaline/sulphur-deficient soils.,Apply 100–150 kg/ha in two splits: at planting and 30–40 DAS.
Cotton,Silt,103,62,36,NPK 13-0-45,13-0-45,High potassium demand with adequate phosphorus. NPK 13-0-45 provides premium K and supplementary N for quality crops.,Apply 100–120 kg/ha: 40% basal + 60% at flowering/fruiting via fertigation.
Cotton,Black,139,45,21,MOP (Muriate of Potash),0-0-60,"Potassium is severely deficient. MOP (60% K) improves drought tolerance, disease resistance, and grain quality.",Apply 60–80 kg/ha: 50% basal at sowing + 50% at flowering. Avoid during dry spells.
Cotton,Black,111,61,31,NPK 13-0-45,13-0-45,High potassium demand with adequate phosphorus. NPK 13-0-45 provides premium K and supplementary N for quality crops.,Apply 100–120 kg/ha: 40% basal + 60% at flowering/fruiting via fertigation.
Cotton,Black,132,69,29,NPK 13-0-45,13-0-45,High potassium demand with adequate phosphorus. NPK 13-0-45 provides premium K and supplementary N for quality crops.,Apply 100–120 kg/ha: 40% basal + 60% at flowering/fruiting via fertigation.
Cotton,Black,147,20,24,NPK 10-26-26,10-26-26,Phosphorus and potassium are deficient; nitrogen is adequate. NPK 10-26-26 corrects P & K without excess N.,Apply 120–150 kg/ha as basal dose before planting. Ideal for fruiting crops.
Cotton,Black,47,68,53,Urea,46-0-0,Nitrogen is severely deficient. Urea (46% N) rapidly restores soil nitrogen for vegetative growth.,Apply 100–120 kg/ha split: 50% at sowing + 50% at 30 DAS. Incorporate into moist soil.
Cotton,Black,43,39,50,Urea,46-0-0,Nitrogen is severely deficient. Urea (46% N) rapidly restores soil nitrogen for vegetative growth.,Apply 100–120 kg/ha split: 50% at sowing + 50% at 30 DAS. Incorporate into moist soil.
Cotton,Black,34,67,62,Urea,46-0-0,Nitrogen is severely deficient. Urea (46% N) rapidly restores soil nitrogen for vegetative growth.,Apply 100–120 kg/ha split: 50% at sowing + 50% at 30 DAS. Incorporate into moist soil.
Cotton,Black,87,72,38,NPK 13-0-45,13-0-45,High potassium demand with adequate phosphorus. NPK 13-0-45 provides premium K and supplementary N for quality crops.,Apply 100–120 kg/ha: 40% basal + 60% at flowering/fruiting via fertigation.
Cotton,Black,147,54,51,NPK 17-17-17,17-17-17,"All three nutrients (N, P, K) are below optimal. Balanced 17-17-17 corrects deficiencies uniformly.",Apply 150–200 kg/ha basal + 50–75 kg/ha top-dress at 30 & 60 DAS.
Cotton,Black,44,67,38,NPK 13-0-45,13-0-45,High potassium demand with adequate phosphorus. NPK 13-0-45 provides premium K and supplementary N for quality crops.,Apply 100–120 kg/ha: 40% basal + 60% at flowering/fruiting via fertigation.
Cotton,Black,44,12,47,NPK 20-20-0,20-20-0,Nitrogen and phosphorus are deficient; potassium is adequate. NPK 20-20-0 targets N & P without excess K.,Apply 120–150 kg/ha at sowing. Supplement with 30 kg/ha urea at tillering stage.
Cotton,Black,90,57,68,Ammonium Sulphate,21-0-0,Nitrogen is moderately low. Ammonium Sulphate provides N + sulphur — ideal for alkaline/sulphur-deficient soils.,Apply 100–150 kg/ha in two splits: at planting and 30–40 DAS.
Cotton,Black,34,58,23,NPK 13-0-45,13-0-45,High potassium demand with adequate phosphorus. NPK 13-0-45 provides premium K and supplementary N for quality crops.,Apply 100–120 kg/ha: 40% basal + 60% at flowering/fruiting via fertigation.
Cotton,Black,132,63,46,NPK 17-17-17,17-17-17,"All three nutrients (N, P, K) are below optimal. Balanced 17-17-17 corrects deficiencies uniformly.",Apply 150–200 kg/ha basal + 50–75 kg/ha top-dress at 30 & 60 DAS.
Cotton,Black,113,31,41,DAP,18-46-0,Phosphorus is severely deficient. DAP delivers high P (46%) essential for root development and energy transfer.,"Apply 80–100 kg/ha as basal dose, 5–10 cm below seed level before planting."
Cotton,Black,127,40,34,NPK 13-0-45,13-0-45,High potassium demand with adequate phosphorus. NPK 13-0-45 provides premium K and supplementary N for quality crops.,Apply 100–120 kg/ha: 40% basal + 60% at flowering/fruiting via fertigation.
Cotton,Black,86,64,33,NPK 13-0-45,13-0-45,High potassium demand with adequate phosphorus. NPK 13-0-45 provides premium K and supplementary N for quality crops.,Apply 100–120 kg/ha: 40% basal + 60% at flowering/fruiting via fertigation.
Cotton,Black,45,56,64,Urea,46-0-0,Nitrogen is severely deficient. Urea (46% N) rapidly restores soil nitrogen for vegetative growth.,Apply 100–120 kg/ha split: 50% at sowing + 50% at 30 DAS. Incorporate into moist soil.
Cotton,Black,36,27,20,NPK 17-17-17,17-17-17,"All three nutrients (N, P, K) are below optimal. Balanced 17-17-17 corrects deficiencies uniformly.",Apply 150–200 kg/ha basal + 50–75 kg/ha top-dress at 30 & 60 DAS.
Cotton,Black,67,40,59,Ammonium Sulphate,21-0-0,Nitrogen is moderately low. Ammonium Sulphate provides N + sulphur — ideal for alkaline/sulphur-deficient soils.,Apply 100–150 kg/ha in two splits: at planting and 30–40 DAS.
Cotton,Black,106,51,34,NPK 13-0-45,13-0-45,High potassium demand with adequate phosphorus. NPK 13-0-45 provides premium K and supplementary N for quality crops.,Apply 100–120 kg/ha: 40% basal + 60% at flowering/fruiting via fertigation.
Cotton,Black,130,41,73,NPK 17-17-17,17-17-17,"All three nutrients (N, P, K) are below optimal. Balanced 17-17-17 corrects deficiencies uniformly.",Apply 150–200 kg/ha basal + 50–75 kg/ha top-dress at 30 & 60 DAS.
Cotton,Black,103,19,54,SSP (Single Super Phosphate),0-16-0,Severe phosphorus deficiency. SSP provides P with calcium and sulphur — ideal for legumes and oilseeds.,Apply 200–250 kg/ha as basal dose incorporated into soil before sowing.
Cotton,Black,64,55,16,NPK 13-0-45,13-0-45,High potassium demand with adequate phosphorus. NPK 13-0-45 provides premium K and supplementary N for quality crops.,Apply 100–120 kg/ha: 40% basal + 60% at flowering/fruiting via fertigation.
Cotton,Black,46,65,26,NPK 13-0-45,13-0-45,High potassium demand with adequate phosphorus. NPK 13-0-45 provides premium K and supplementary N for quality crops.,Apply 100–120 kg/ha: 40% basal + 60% at flowering/fruiting via fertigation.
Cotton,Red,129,29,52,DAP,18-46-0,Phosphorus is severely deficient. DAP delivers high P (46%) essential for root development and energy transfer.,"Apply 80–100 kg/ha as basal dose, 5–10 cm below seed level before planting."
Cotton,Red,111,44,31,NPK 13-0-45,13-0-45,High potassium demand with adequate phosphorus. NPK 13-0-45 provides premium K and supplementary N for quality crops.,Apply 100–120 kg/ha: 40% basal + 60% at flowering/fruiting via fertigation.
Cotton,Red,50,14,31,NPK 17-17-17,17-17-17,"All three nutrients (N, P, K) are below optimal. Balanced 17-17-17 corrects deficiencies uniformly.",Apply 150–200 kg/ha basal + 50–75 kg/ha top-dress at 30 & 60 DAS.
Cotton,Red,106,71,66,NPK 17-17-17,17-17-17,"All three nutrients (N, P, K) are below optimal. Balanced 17-17-17 corrects deficiencies uniformly.",Apply 150–200 kg/ha basal + 50–75 kg/ha top-dress at 30 & 60 DAS.
Cotton,Red,120,61,53,NPK 17-17-17,17-17-17,"All three nutrients (N, P, K) are below optimal. Balanced 17-17-17 corrects deficiencies uniformly.",Apply 150–200 kg/ha basal + 50–75 kg/ha top-dress at 30 & 60 DAS.
Cotton,Red,56,69,54,Urea,46-0-0,Nitrogen is severely deficient. Urea (46% N) rapidly restores soil nitrogen for vegetative growth.,Apply 100–120 kg/ha split: 50% at sowing + 50% at 30 DAS. Incorporate into moist soil.
Cotton,Red,94,18,40,SSP (Single Super Phosphate),0-16-0,Severe phosphorus deficiency. SSP provides P with calcium and sulphur — ideal for legumes and oilseeds.,Apply 200–250 kg/ha as basal dose incorporated into soil before sowing.
Cotton,Red,82,66,46,NPK 13-0-45,13-0-45,High potassium demand with adequate phosphorus. NPK 13-0-45 provides premium K and supplementary N for quality crops.,Apply 100–120 kg/ha: 40% basal + 60% at flowering/fruiting via fertigation.
Cotton,Red,71,73,18,NPK 13-0-45,13-0-45,High potassium demand with adequate phosphorus. NPK 13-0-45 provides premium K and supplementary N for quality crops.,Apply 100–120 kg/ha: 40% basal + 60% at flowering/fruiting via fertigation.
Cotton,Red,77,14,58,NPK 20-20-0,20-20-0,Nitrogen and phosphorus are deficient; potassium is adequate. NPK 20-20-0 targets N & P without excess K.,Apply 120–150 kg/ha at sowing. Supplement with 30 kg/ha urea at tillering stage.
Cotton,Red,139,29,66,DAP,18-46-0,Phosphorus is severely deficient. DAP delivers high P (46%) essential for root development and energy transfer.,"Apply 80–100 kg/ha as basal dose, 5–10 cm below seed level before planting."
Cotton,Red,60,69,59,Ammonium Sulphate,21-0-0,Nitrogen is moderately low. Ammonium Sulphate provides N + sulphur — ideal for alkaline/sulphur-deficient soils.,Apply 100–150 kg/ha in two splits: at planting and 30–40 DAS.
Cotton,Red,125,13,72,SSP (Single Super Phosphate),0-16-0,Severe phosphorus deficiency. SSP provides P with calcium and sulphur — ideal for legumes and oilseeds.,Apply 200–250 kg/ha as basal dose incorporated into soil before sowing.
Cotton,Red,115,31,64,DAP,18-46-0,Phosphorus is severely deficient. DAP delivers high P (46%) essential for root development and energy transfer.,"Apply 80–100 kg/ha as basal dose, 5–10 cm below seed level before planting."
Cotton,Red,59,66,19,NPK 13-0-45,13-0-45,High potassium demand with adequate phosphorus. NPK 13-0-45 provides premium K and supplementary N for quality crops.,Apply 100–120 kg/ha: 40% basal + 60% at flowering/fruiting via fertigation.
Cotton,Red,112,46,18,MOP (Muriate of Potash),0-0-60,"Potassium is severely deficient. MOP (60% K) improves drought tolerance, disease resistance, and grain quality.",Apply 60–80 kg/ha: 50% basal at sowing + 50% at flowering. Avoid during dry spells.
Cotton,Red,54,12,41,NPK 20-20-0,20-20-0,Nitrogen and phosphorus are deficient; potassium is adequate. NPK 20-20-0 targets N & P without excess K.,Apply 120–150 kg/ha at sowing. Supplement with 30 kg/ha urea at tillering stage.
Cotton,Red,61,49,30,NPK 13-0-45,13-0-45,High potassium demand with adequate phosphorus. NPK 13-0-45 provides premium K and supplementary N for quality crops.,Apply 100–120 kg/ha: 40% basal + 60% at flowering/fruiting via fertigation.
Cotton,Red,61,58,15,NPK 13-0-45,13-0-45,High potassium demand with adequate phosphorus. NPK 13-0-45 provides premium K and supplementary N for quality crops.,Apply 100–120 kg/ha: 40% basal + 60% at flowering/fruiting via fertigation.
Cotton,Red,137,65,54,NPK 17-17-17,17-17-17,"All three nutrients (N, P, K) are below optimal. Balanced 17-17-17 corrects deficiencies uniformly.",Apply 150–200 kg/ha basal + 50–75 kg/ha top-dress at 30 & 60 DAS.
Cotton,Red,98,68,23,MOP (Muriate of Potash),0-0-60,"Potassium is severely deficient. MOP (60% K) improves drought tolerance, disease resistance, and grain quality.",Apply 60–80 kg/ha: 50% basal at sowing + 50% at flowering. Avoid during dry spells.
Cotton,Red,33,27,62,NPK 20-20-0,20-20-0,Nitrogen and phosphorus are deficient; potassium is adequate. NPK 20-20-0 targets N & P without excess K.,Apply 120–150 kg/ha at sowing. Supplement with 30 kg/ha urea at tillering stage.
Cotton,Red,28,48,74,Urea,46-0-0,Nitrogen is severely deficient. Urea (46% N) rapidly restores soil nitrogen for vegetative growth.,Apply 100–120 kg/ha split: 50% at sowing + 50% at 30 DAS. Incorporate into moist soil.
Cotton,Red,131,44,16,MOP (Muriate of Potash),0-0-60,"Potassium is severely deficient. MOP (60% K) improves drought tolerance, disease resistance, and grain quality.",Apply 60–80 kg/ha: 50% basal at sowing + 50% at flowering. Avoid during dry spells.
Cotton,Red,128,49,19,MOP (Muriate of Potash),0-0-60,"Potassium is severely deficient. MOP (60% K) improves drought tolerance, disease resistance, and grain quality.",Apply 60–80 kg/ha: 50% basal at sowing + 50% at flowering. Avoid during dry spells.
Groundnut,Sandy,7,57,67,Urea,46-0-0,Nitrogen is severely deficient. Urea (46% N) rapidly restores soil nitrogen for vegetative growth.,Apply 100–120 kg/ha split: 50% at sowing + 50% at 30 DAS. Incorporate into moist soil.
Groundnut,Sandy,26,56,60,NPK 17-17-17,17-17-17,"All three nutrients (N, P, K) are below optimal. Balanced 17-17-17 corrects deficiencies uniformly.",Apply 150–200 kg/ha basal + 50–75 kg/ha top-dress at 30 & 60 DAS.
Groundnut,Sandy,18,32,39,NPK 10-26-26,10-26-26,Phosphorus and potassium are deficient; nitrogen is adequate. NPK 10-26-26 corrects P & K without excess N.,Apply 120–150 kg/ha as basal dose before planting. Ideal for fruiting crops.
Groundnut,Sandy,16,50,62,Ammonium Sulphate,21-0-0,Nitrogen is moderately low. Ammonium Sulphate provides N + sulphur — ideal for alkaline/sulphur-deficient soils.,Apply 100–150 kg/ha in two splits: at planting and 30–40 DAS.
Groundnut,Sandy,28,33,62,NPK 17-17-17,17-17-17,"All three nutrients (N, P, K) are below optimal. Balanced 17-17-17 corrects deficiencies uniformly.",Apply 150–200 kg/ha basal + 50–75 kg/ha top-dress at 30 & 60 DAS.
Groundnut,Sandy,21,41,70,NPK 17-17-17,17-17-17,"All three nutrients (N, P, K) are below optimal. Balanced 17-17-17 corrects deficiencies uniformly.",Apply 150–200 kg/ha basal + 50–75 kg/ha top-dress at 30 & 60 DAS.
Groundnut,Sandy,11,36,23,NPK 13-0-45,13-0-45,High potassium demand with adequate phosphorus. NPK 13-0-45 provides premium K and supplementary N for quality crops.,Apply 100–120 kg/ha: 40% basal + 60% at flowering/fruiting via fertigation.
Groundnut,Sandy,15,35,66,Ammonium Sulphate,21-0-0,Nitrogen is moderately low. Ammonium Sulphate provides N + sulphur — ideal for alkaline/sulphur-deficient soils.,Apply 100–150 kg/ha in two splits: at planting and 30–40 DAS.
Groundnut,Sandy,29,41,73,NPK 17-17-17,17-17-17,"All three nutrients (N, P, K) are below optimal. Balanced 17-17-17 corrects deficiencies uniformly.",Apply 150–200 kg/ha basal + 50–75 kg/ha top-dress at 30 & 60 DAS.
Groundnut,Sandy,18,43,20,MOP (Muriate of Potash),0-0-60,"Potassium is severely deficient. MOP (60% K) improves drought tolerance, disease resistance, and grain quality.",Apply 60–80 kg/ha: 50% basal at sowing + 50% at flowering. Avoid during dry spells.
Groundnut,Sandy,11,28,52,NPK 20-20-0,20-20-0,Nitrogen and phosphorus are deficient; potassium is adequate. NPK 20-20-0 targets N & P without excess K.,Apply 120–150 kg/ha at sowing. Supplement with 30 kg/ha urea at tillering stage.
Groundnut,Sandy,6,17,36,NPK 17-17-17,17-17-17,"All three nutrients (N, P, K) are below optimal. Balanced 17-17-17 corrects deficiencies uniformly.",Apply 150–200 kg/ha basal + 50–75 kg/ha top-dress at 30 & 60 DAS.
Groundnut,Sandy,30,27,52,DAP,18-46-0,Phosphorus is severely deficient. DAP delivers high P (46%) essential for root development and energy transfer.,"Apply 80–100 kg/ha as basal dose, 5–10 cm below seed level before planting."
Groundnut,Sandy,10,42,37,NPK 13-0-45,13-0-45,High potassium demand with adequate phosphorus. NPK 13-0-45 provides premium K and supplementary N for quality crops.,Apply 100–120 kg/ha: 40% basal + 60% at flowering/fruiting via fertigation.
Groundnut,Sandy,10,37,15,NPK 13-0-45,13-0-45,High potassium demand with adequate phosphorus. NPK 13-0-45 provides premium K and supplementary N for quality crops.,Apply 100–120 kg/ha: 40% basal + 60% at flowering/fruiting via fertigation.
Groundnut,Sandy,5,21,17,NPK 17-17-17,17-17-17,"All three nutrients (N, P, K) are below optimal. Balanced 17-17-17 corrects deficiencies uniformly.",Apply 150–200 kg/ha basal + 50–75 kg/ha top-dress at 30 & 60 DAS.
Groundnut,Sandy,7,27,78,NPK 20-20-0,20-20-0,Nitrogen and phosphorus are deficient; potassium is adequate. NPK 20-20-0 targets N & P without excess K.,Apply 120–150 kg/ha at sowing. Supplement with 30 kg/ha urea at tillering stage.
Groundnut,Sandy,20,36,38,NPK 13-0-45,13-0-45,High potassium demand with adequate phosphorus. NPK 13-0-45 provides premium K and supplementary N for quality crops.,Apply 100–120 kg/ha: 40% basal + 60% at flowering/fruiting via fertigation.
Groundnut,Sandy,29,30,21,NPK 10-26-26,10-26-26,Phosphorus and potassium are deficient; nitrogen is adequate. NPK 10-26-26 corrects P & K without excess N.,Apply 120–150 kg/ha as basal dose before planting. Ideal for fruiting crops.
Groundnut,Sandy,21,15,42,NPK 10-26-26,10-26-26,Phosphorus and potassium are deficient; nitrogen is adequate. NPK 10-26-26 corrects P & K without excess N.,Apply 120–150 kg/ha as basal dose before planting. Ideal for fruiting crops.
Groundnut,Sandy,18,55,53,NPK 13-0-45,13-0-45,High potassium demand with adequate phosphorus. NPK 13-0-45 provides premium K and supplementary N for quality crops.,Apply 100–120 kg/ha: 40% basal + 60% at flowering/fruiting via fertigation.
Groundnut,Sandy,23,62,25,MOP (Muriate of Potash),0-0-60,"Potassium is severely deficient. MOP (60% K) improves drought tolerance, disease resistance, and grain quality.",Apply 60–80 kg/ha: 50% basal at sowing + 50% at flowering. Avoid during dry spells.
Groundnut,Sandy,12,30,48,NPK 17-17-17,17-17-17,"All three nutrients (N, P, K) are below optimal. Balanced 17-17-17 corrects deficiencies uniformly.",Apply 150–200 kg/ha basal + 50–75 kg/ha top-dress at 30 & 60 DAS.
Groundnut,Sandy,15,57,71,Ammonium Sulphate,21-0-0,Nitrogen is moderately low. Ammonium Sulphate provides N + sulphur — ideal for alkaline/sulphur-deficient soils.,Apply 100–150 kg/ha in two splits: at planting and 30–40 DAS.
Groundnut,Sandy,20,26,79,DAP,18-46-0,Phosphorus is severely deficient. DAP delivers high P (46%) essential for root development and energy transfer.,"Apply 80–100 kg/ha as basal dose, 5–10 cm below seed level before planting."
Groundnut,Loamy,30,53,15,MOP (Muriate of Potash),0-0-60,"Potassium is severely deficient. MOP (60% K) improves drought tolerance, disease resistance, and grain quality.",Apply 60–80 kg/ha: 50% basal at sowing + 50% at flowering. Avoid during dry spells.
Groundnut,Loamy,21,12,35,NPK 10-26-26,10-26-26,Phosphorus and potassium are deficient; nitrogen is adequate. NPK 10-26-26 corrects P & K without excess N.,Apply 120–150 kg/ha as basal dose before planting. Ideal for fruiting crops.
Groundnut,Loamy,6,41,69,Urea,46-0-0,Nitrogen is severely deficient. Urea (46% N) rapidly restores soil nitrogen for vegetative growth.,Apply 100–120 kg/ha split: 50% at sowing + 50% at 30 DAS. Incorporate into moist soil.
Groundnut,Loamy,8,30,50,NPK 20-20-0,20-20-0,Nitrogen and phosphorus are deficient; potassium is adequate. NPK 20-20-0 targets N & P without excess K.,Apply 120–150 kg/ha at sowing. Supplement with 30 kg/ha urea at tillering stage.
Groundnut,Loamy,14,16,47,NPK 17-17-17,17-17-17,"All three nutrients (N, P, K) are below optimal. Balanced 17-17-17 corrects deficiencies uniformly.",Apply 150–200 kg/ha basal + 50–75 kg/ha top-dress at 30 & 60 DAS.
Groundnut,Loamy,24,13,21,NPK 10-26-26,10-26-26,Phosphorus and potassium are deficient; nitrogen is adequate. NPK 10-26-26 corrects P & K without excess N.,Apply 120–150 kg/ha as basal dose before planting. Ideal for fruiting crops.
Groundnut,Loamy,14,59,67,Ammonium Sulphate,21-0-0,Nitrogen is moderately low. Ammonium Sulphate provides N + sulphur — ideal for alkaline/sulphur-deficient soils.,Apply 100–150 kg/ha in two splits: at planting and 30–40 DAS.
Groundnut,Loamy,22,29,61,DAP,18-46-0,Phosphorus is severely deficient. DAP delivers high P (46%) essential for root development and energy transfer.,"Apply 80–100 kg/ha as basal dose, 5–10 cm below seed level before planting."
Groundnut,Loamy,5,43,86,Urea,46-0-0,Nitrogen is severely deficient. Urea (46% N) rapidly restores soil nitrogen for vegetative growth.,Apply 100–120 kg/ha split: 50% at sowing + 50% at 30 DAS. Incorporate into moist soil.
Groundnut,Loamy,21,55,72,NPK 17-17-17,17-17-17,"All three nutrients (N, P, K) are below optimal. Balanced 17-17-17 corrects deficiencies uniformly.",Apply 150–200 kg/ha basal + 50–75 kg/ha top-dress at 30 & 60 DAS.
Groundnut,Loamy,8,57,20,NPK 13-0-45,13-0-45,High potassium demand with adequate phosphorus. NPK 13-0-45 provides premium K and supplementary N for quality crops.,Apply 100–120 kg/ha: 40% basal + 60% at flowering/fruiting via fertigation.
Groundnut,Loamy,19,17,15,NPK 10-26-26,10-26-26,Phosphorus and potassium are deficient; nitrogen is adequate. NPK 10-26-26 corrects P & K without excess N.,Apply 120–150 kg/ha as basal dose before planting. Ideal for fruiting crops.
Groundnut,Loamy,16,25,53,NPK 20-20-0,20-20-0,Nitrogen and phosphorus are deficient; potassium is adequate. NPK 20-20-0 targets N & P without excess K.,Apply 120–150 kg/ha at sowing. Supplement with 30 kg/ha urea at tillering stage.
Groundnut,Loamy,20,12,24,NPK 10-26-26,10-26-26,Phosphorus and potassium are deficient; nitrogen is adequate. NPK 10-26-26 corrects P & K without excess N.,Apply 120–150 kg/ha as basal dose before planting. Ideal for fruiting crops.
Groundnut,Loamy,19,28,72,DAP,18-46-0,Phosphorus is severely deficient. DAP delivers high P (46%) essential for root development and energy transfer.,"Apply 80–100 kg/ha as basal dose, 5–10 cm below seed level before planting."
Groundnut,Loamy,22,54,69,NPK 17-17-17,17-17-17,"All three nutrients (N, P, K) are below optimal. Balanced 17-17-17 corrects deficiencies uniformly.",Apply 150–200 kg/ha basal + 50–75 kg/ha top-dress at 30 & 60 DAS.
Groundnut,Loamy,16,45,36,NPK 13-0-45,13-0-45,High potassium demand with adequate phosphorus. NPK 13-0-45 provides premium K and supplementary N for quality crops.,Apply 100–120 kg/ha: 40% basal + 60% at flowering/fruiting via fertigation.
Groundnut,Loamy,13,51,50,Ammonium Sulphate,21-0-0,Nitrogen is moderately low. Ammonium Sulphate provides N + sulphur — ideal for alkaline/sulphur-deficient soils.,Apply 100–150 kg/ha in two splits: at planting and 30–40 DAS.
Groundnut,Loamy,25,53,82,NPK 17-17-17,17-17-17,"All three nutrients (N, P, K) are below optimal. Balanced 17-17-17 corrects deficiencies uniformly.",Apply 150–200 kg/ha basal + 50–75 kg/ha top-dress at 30 & 60 DAS.
Groundnut,Loamy,29,32,40,NPK 10-26-26,10-26-26,Phosphorus and potassium are deficient; nitrogen is adequate. NPK 10-26-26 corrects P & K without excess N.,Apply 120–150 kg/ha as basal dose before planting. Ideal for fruiting crops.
Groundnut,Loamy,20,29,62,DAP,18-46-0,Phosphorus is severely deficient. DAP delivers high P (46%) essential for root development and energy transfer.,"Apply 80–100 kg/ha as basal dose, 5–10 cm below seed level before planting."
Groundnut,Loamy,23,46,44,NPK 13-0-45,13-0-45,High potassium demand with adequate phosphorus. NPK 13-0-45 provides premium K and supplementary N for quality crops.,Apply 100–120 kg/ha: 40% basal + 60% at flowering/fruiting via fertigation.
Groundnut,Loamy,9,32,26,NPK 17-17-17,17-17-17,"All three nutrients (N, P, K) are below optimal. Balanced 17-17-17 corrects deficiencies uniformly.",Apply 150–200 kg/ha basal + 50–75 kg/ha top-dress at 30 & 60 DAS.
Groundnut,Loamy,28,28,27,NPK 10-26-26,10-26-26,Phosphorus and potassium are deficient; nitrogen is adequate. NPK 10-26-26 corrects P & K without excess N.,Apply 120–150 kg/ha as basal dose before planting. Ideal for fruiting crops.
Groundnut,Loamy,5,43,65,Urea,46-0-0,Nitrogen is severely deficient. Urea (46% N) rapidly restores soil nitrogen for vegetative growth.,Apply 100–120 kg/ha split: 50% at sowing + 50% at 30 DAS. Incorporate into moist soil.
Groundnut,Clay,13,13,47,NPK 17-17-17,17-17-17,"All three nutrients (N, P, K) are below optimal. Balanced 17-17-17 corrects deficiencies uniformly.",Apply 150–200 kg/ha basal + 50–75 kg/ha top-dress at 30 & 60 DAS.
Groundnut,Clay,13,45,62,Ammonium Sulphate,21-0-0,Nitrogen is moderately low. Ammonium Sulphate provides N + sulphur — ideal for alkaline/sulphur-deficient soils.,Apply 100–150 kg/ha in two splits: at planting and 30–40 DAS.
Groundnut,Clay,14,21,92,NPK 20-20-0,20-20-0,Nitrogen and phosphorus are deficient; potassium is adequate. NPK 20-20-0 targets N & P without excess K.,Apply 120–150 kg/ha at sowing. Supplement with 30 kg/ha urea at tillering stage.
Groundnut,Clay,16,46,26,NPK 13-0-45,13-0-45,High potassium demand with adequate phosphorus. NPK 13-0-45 provides premium K and supplementary N for quality crops.,Apply 100–120 kg/ha: 40% basal + 60% at flowering/fruiting via fertigation.
Groundnut,Clay,17,11,54,SSP (Single Super Phosphate),0-16-0,Severe phosphorus deficiency. SSP provides P with calcium and sulphur — ideal for legumes and oilseeds.,Apply 200–250 kg/ha as basal dose incorporated into soil before sowing.
Groundnut,Clay,30,30,18,NPK 10-26-26,10-26-26,Phosphorus and potassium are deficient; nitrogen is adequate. NPK 10-26-26 corrects P & K without excess N.,Apply 120–150 kg/ha as basal dose before planting. Ideal for fruiting crops.
Groundnut,Clay,5,30,27,NPK 17-17-17,17-17-17,"All three nutrients (N, P, K) are below optimal. Balanced 17-17-17 corrects deficiencies uniformly.",Apply 150–200 kg/ha basal + 50–75 kg/ha top-dress at 30 & 60 DAS.
Groundnut,Clay,5,49,51,Urea,46-0-0,Nitrogen is severely deficient. Urea (46% N) rapidly restores soil nitrogen for vegetative growth.,Apply 100–120 kg/ha split: 50% at sowing + 50% at 30 DAS. Incorporate into moist soil.
Groundnut,Clay,12,57,24,NPK 13-0-45,13-0-45,High potassium demand with adequate phosphorus. NPK 13-0-45 provides premium K and supplementary N for quality crops.,Apply 100–120 kg/ha: 40% basal + 60% at flowering/fruiting via fertigation.
Groundnut,Clay,30,26,84,DAP,18-46-0,Phosphorus is severely deficient. DAP delivers high P (46%) essential for root development and energy transfer.,"Apply 80–100 kg/ha as basal dose, 5–10 cm below seed level before planting."
Groundnut,Clay,20,53,92,NPK 17-17-17,17-17-17,"All three nutrients (N, P, K) are below optimal. Balanced 17-17-17 corrects deficiencies uniformly.",Apply 150–200 kg/ha basal + 50–75 kg/ha top-dress at 30 & 60 DAS.
Groundnut,Clay,12,60,45,NPK 13-0-45,13-0-45,High potassium demand with adequate phosphorus. NPK 13-0-45 provides premium K and supplementary N for quality crops.,Apply 100–120 kg/ha: 40% basal + 60% at flowering/fruiting via fertigation.
Groundnut,Clay,15,27,57,NPK 20-20-0,20-20-0,Nitrogen and phosphorus are deficient; potassium is adequate. NPK 20-20-0 targets N & P without excess K.,Apply 120–150 kg/ha at sowing. Supplement with 30 kg/ha urea at tillering stage.
Groundnut,Clay,9,39,57,Urea,46-0-0,Nitrogen is severely deficient. Urea (46% N) rapidly restores soil nitrogen for vegetative growth.,Apply 100–120 kg/ha split: 50% at sowing + 50% at 30 DAS. Incorporate into moist soil.
Groundnut,Clay,24,53,49,NPK 17-17-17,17-17-17,"All three nutrients (N, P, K) are below optimal. Balanced 17-17-17 corrects deficiencies uniformly.",Apply 150–200 kg/ha basal + 50–75 kg/ha top-dress at 30 & 60 DAS.
Groundnut,Clay,12,23,30,NPK 17-17-17,17-17-17,"All three nutrients (N, P, K) are below optimal. Balanced 17-17-17 corrects deficiencies uniformly.",Apply 150–200 kg/ha basal + 50–75 kg/ha top-dress at 30 & 60 DAS.
Groundnut,Clay,6,27,36,NPK 17-17-17,17-17-17,"All three nutrients (N, P, K) are below optimal. Balanced 17-17-17 corrects deficiencies uniformly.",Apply 150–200 kg/ha basal + 50–75 kg/ha top-dress at 30 & 60 DAS.
Groundnut,Clay,30,39,42,NPK 13-0-45,13-0-45,High potassium demand with adequate phosphorus. NPK 13-0-45 provides premium K and supplementary N for quality crops.,Apply 100–120 kg/ha: 40% basal + 60% at flowering/fruiting via fertigation.
Groundnut,Clay,20,17,49,SSP (Single Super Phosphate),0-16-0,Severe phosphorus deficiency. SSP provides P with calcium and sulphur — ideal for legumes and oilseeds.,Apply 200–250 kg/ha as basal dose incorporated into soil before sowing.
Groundnut,Clay,21,35,46,NPK 13-0-45,13-0-45,High potassium demand with adequate phosphorus. NPK 13-0-45 provides premium K and supplementary N for quality crops.,Apply 100–120 kg/ha: 40% basal + 60% at flowering/fruiting via fertigation.
Groundnut,Clay,31,56,64,NPK 17-17-17,17-17-17,"All three nutrients (N, P, K) are below optimal. Balanced 17-17-17 corrects deficiencies uniformly.",Apply 150–200 kg/ha basal + 50–75 kg/ha top-dress at 30 & 60 DAS.
Groundnut,Clay,19,42,30,MOP (Muriate of Potash),0-0-60,"Potassium is severely deficient. MOP (60% K) improves drought tolerance, disease resistance, and grain quality.",Apply 60–80 kg/ha: 50% basal at sowing + 50% at flowering. Avoid during dry spells.
Groundnut,Clay,15,12,52,NPK 20-20-0,20-20-0,Nitrogen and phosphorus are deficient; potassium is adequate. NPK 20-20-0 targets N & P without excess K.,Apply 120–150 kg/ha at sowing. Supplement with 30 kg/ha urea at tillering stage.
Groundnut,Clay,19,21,90,SSP (Single Super Phosphate),0-16-0,Severe phosphorus deficiency. SSP provides P with calcium and sulphur — ideal for legumes and oilseeds.,Apply 200–250 kg/ha as basal dose incorporated into soil before sowing.
Groundnut,Clay,28,47,57,NPK 17-17-17,17-17-17,"All three nutrients (N, P, K) are below optimal. Balanced 17-17-17 corrects deficiencies uniformly.",Apply 150–200 kg/ha basal + 50–75 kg/ha top-dress at 30 & 60 DAS.
Groundnut,Silt,27,16,77,SSP (Single Super Phosphate),0-16-0,Severe phosphorus deficiency. SSP provides P with calcium and sulphur — ideal for legumes and oilseeds.,Apply 200–250 kg/ha as basal dose incorporated into soil before sowing.
Groundnut,Silt,8,51,36,NPK 13-0-45,13-0-45,High potassium demand with adequate phosphorus. NPK 13-0-45 provides premium K and supplementary N for quality crops.,Apply 100–120 kg/ha: 40% basal + 60% at flowering/fruiting via fertigation.
Groundnut,Silt,28,59,26,MOP (Muriate of Potash),0-0-60,"Potassium is severely deficient. MOP (60% K) improves drought tolerance, disease resistance, and grain quality.",Apply 60–80 kg/ha: 50% basal at sowing + 50% at flowering. Avoid during dry spells.
Groundnut,Silt,17,61,53,NPK 13-0-45,13-0-45,High potassium demand with adequate phosphorus. NPK 13-0-45 provides premium K and supplementary N for quality crops.,Apply 100–120 kg/ha: 40% basal + 60% at flowering/fruiting via fertigation.
Groundnut,Silt,27,40,44,NPK 13-0-45,13-0-45,High potassium demand with adequate phosphorus. NPK 13-0-45 provides premium K and supplementary N for quality crops.,Apply 100–120 kg/ha: 40% basal + 60% at flowering/fruiting via fertigation.
Groundnut,Silt,12,20,74,NPK 20-20-0,20-20-0,Nitrogen and phosphorus are deficient; potassium is adequate. NPK 20-20-0 targets N & P without excess K.,Apply 120–150 kg/ha at sowing. Supplement with 30 kg/ha urea at tillering stage.
Groundnut,Silt,15,36,53,Ammonium Sulphate,21-0-0,Nitrogen is moderately low. Ammonium Sulphate provides N + sulphur — ideal for alkaline/sulphur-deficient soils.,Apply 100–150 kg/ha in two splits: at planting and 30–40 DAS.
Groundnut,Silt,20,55,92,NPK 17-17-17,17-17-17,"All three nutrients (N, P, K) are below optimal. Balanced 17-17-17 corrects deficiencies uniformly.",Apply 150–200 kg/ha basal + 50–75 kg/ha top-dress at 30 & 60 DAS.
Groundnut,Silt,15,53,75,Ammonium Sulphate,21-0-0,Nitrogen is moderately low. Ammonium Sulphate provides N + sulphur — ideal for alkaline/sulphur-deficient soils.,Apply 100–150 kg/ha in two splits: at planting and 30–40 DAS.
Groundnut,Silt,20,60,30,MOP (Muriate of Potash),0-0-60,"Potassium is severely deficient. MOP (60% K) improves drought tolerance, disease resistance, and grain quality.",Apply 60–80 kg/ha: 50% basal at sowing + 50% at flowering. Avoid during dry spells.
Groundnut,Silt,7,54,49,Urea,46-0-0,Nitrogen is severely deficient. Urea (46% N) rapidly restores soil nitrogen for vegetative growth.,Apply 100–120 kg/ha split: 50% at sowing + 50% at 30 DAS. Incorporate into moist soil.
Groundnut,Silt,27,56,19,MOP (Muriate of Potash),0-0-60,"Potassium is severely deficient. MOP (60% K) improves drought tolerance, disease resistance, and grain quality.",Apply 60–80 kg/ha: 50% basal at sowing + 50% at flowering. Avoid during dry spells.
Groundnut,Silt,28,33,55,NPK 12-32-16,12-32-16,High phosphorus demand with moderate N and K deficiency. NPK 12-32-16 emphasises P with balanced N & K.,Apply 100–125 kg/ha as basal. Supplement with 30 kg/ha urea at 30 DAS.
Groundnut,Silt,21,58,16,MOP (Muriate of Potash),0-0-60,"Potassium is severely deficient. MOP (60% K) improves drought tolerance, disease resistance, and grain quality.",Apply 60–80 kg/ha: 50% basal at sowing + 50% at flowering. Avoid during dry spells.
Groundnut,Silt,17,46,71,Ammonium Sulphate,21-0-0,Nitrogen is moderately low. Ammonium Sulphate provides N + sulphur — ideal for alkaline/sulphur-deficient soils.,Apply 100–150 kg/ha in two splits: at planting and 30–40 DAS.
Groundnut,Silt,23,17,38,NPK 10-26-26,10-26-26,Phosphorus and potassium are deficient; nitrogen is adequate. NPK 10-26-26 corrects P & K without excess N.,Apply 120–150 kg/ha as basal dose before planting. Ideal for fruiting crops.
Groundnut,Silt,14,52,36,NPK 13-0-45,13-0-45,High potassium demand with adequate phosphorus. NPK 13-0-45 provides premium K and supplementary N for quality crops.,Apply 100–120 kg/ha: 40% basal + 60% at flowering/fruiting via fertigation.
Groundnut,Silt,10,60,15,NPK 13-0-45,13-0-45,High potassium demand with adequate phosphorus. NPK 13-0-45 provides premium K and supplementary N for quality crops.,Apply 100–120 kg/ha: 40% basal + 60% at flowering/fruiting via fertigation.
Groundnut,Silt,31,45,80,NPK 17-17-17,17-17-17,"All three nutrients (N, P, K) are below optimal. Balanced 17-17-17 corrects deficiencies uniformly.",Apply 150–200 kg/ha basal + 50–75 kg/ha top-dress at 30 & 60 DAS.
Groundnut,Silt,12,10,73,NPK 20-20-0,20-20-0,Nitrogen and phosphorus are deficient; potassium is adequate. NPK 20-20-0 targets N & P without excess K.,Apply 120–150 kg/ha at sowing. Supplement with 30 kg/ha urea at tillering stage.
Groundnut,Silt,26,48,26,MOP (Muriate of Potash),0-0-60,"Potassium is severely deficient. MOP (60% K) improves drought tolerance, disease resistance, and grain quality.",Apply 60–80 kg/ha: 50% basal at sowing + 50% at flowering. Avoid during dry spells.
Groundnut,Silt,24,50,66,NPK 17-17-17,17-17-17,"All three nutrients (N, P, K) are below optimal. Balanced 17-17-17 corrects deficiencies uniformly.",Apply 150–200 kg/ha basal + 50–75 kg/ha top-dress at 30 & 60 DAS.
Groundnut,Silt,25,54,63,NPK 17-17-17,17-17-17,"All three nutrients (N, P, K) are below optimal. Balanced 17-17-17 corrects deficiencies uniformly.",Apply 150–200 kg/ha basal + 50–75 kg/ha top-dress at 30 & 60 DAS.
Groundnut,Silt,7,35,21,NPK 13-0-45,13-0-45,High potassium demand with adequate phosphorus. NPK 13-0-45 provides premium K and supplementary N for quality crops.,Apply 100–120 kg/ha: 40% basal + 60% at flowering/fruiting via fertigation.
Groundnut,Silt,15,31,20,NPK 17-17-17,17-17-17,"All three nutrients (N, P, K) are below optimal. Balanced 17-17-17 corrects deficiencies uniformly.",Apply 150–200 kg/ha basal + 50–75 kg/ha top-dress at 30 & 60 DAS.
Groundnut,Black,14,15,78,NPK 20-20-0,20-20-0,Nitrogen and phosphorus are deficient; potassium is adequate. NPK 20-20-0 targets N & P without excess K.,Apply 120–150 kg/ha at sowing. Supplement with 30 kg/ha urea at tillering stage.
Groundnut,Black,29,13,90,SSP (Single Super Phosphate),0-16-0,Severe phosphorus deficiency. SSP provides P with calcium and sulphur — ideal for legumes and oilseeds.,Apply 200–250 kg/ha as basal dose incorporated into soil before sowing.
Groundnut,Black,18,25,21,NPK 10-26-26,10-26-26,Phosphorus and potassium are deficient; nitrogen is adequate. NPK 10-26-26 corrects P & K without excess N.,Apply 120–150 kg/ha as basal dose before planting. Ideal for fruiting crops.
Groundnut,Black,18,51,70,Ammonium Sulphate,21-0-0,Nitrogen is moderately low. Ammonium Sulphate provides N + sulphur — ideal for alkaline/sulphur-deficient soils.,Apply 100–150 kg/ha in two splits: at planting and 30–40 DAS.
Groundnut,Black,6,13,46,NPK 17-17-17,17-17-17,"All three nutrients (N, P, K) are below optimal. Balanced 17-17-17 corrects deficiencies uniformly.",Apply 150–200 kg/ha basal + 50–75 kg/ha top-dress at 30 & 60 DAS.
Groundnut,Black,12,22,37,NPK 17-17-17,17-17-17,"All three nutrients (N, P, K) are below optimal. Balanced 17-17-17 corrects deficiencies uniformly.",Apply 150–200 kg/ha basal + 50–75 kg/ha top-dress at 30 & 60 DAS.
Groundnut,Black,26,58,46,NPK 13-0-45,13-0-45,High potassium demand with adequate phosphorus. NPK 13-0-45 provides premium K and supplementary N for quality crops.,Apply 100–120 kg/ha: 40% basal + 60% at flowering/fruiting via fertigation.
Groundnut,Black,28,26,52,DAP,18-46-0,Phosphorus is severely deficient. DAP delivers high P (46%) essential for root development and energy transfer.,"Apply 80–100 kg/ha as basal dose, 5–10 cm below seed level before planting."
Groundnut,Black,10,43,92,Urea,46-0-0,Nitrogen is severely deficient. Urea (46% N) rapidly restores soil nitrogen for vegetative growth.,Apply 100–120 kg/ha split: 50% at sowing + 50% at 30 DAS. Incorporate into moist soil.
Groundnut,Black,20,28,66,DAP,18-46-0,Phosphorus is severely deficient. DAP delivers high P (46%) essential for root development and energy transfer.,"Apply 80–100 kg/ha as basal dose, 5–10 cm below seed level before planting."
Groundnut,Black,8,56,54,Urea,46-0-0,Nitrogen is severely deficient. Urea (46% N) rapidly restores soil nitrogen for vegetative growth.,Apply 100–120 kg/ha split: 50% at sowing + 50% at 30 DAS. Incorporate into moist soil.
Groundnut,Black,16,40,64,Ammonium Sulphate,21-0-0,Nitrogen is moderately low. Ammonium Sulphate provides N + sulphur — ideal for alkaline/sulphur-deficient soils.,Apply 100–150 kg/ha in two splits: at planting and 30–40 DAS.
Groundnut,Black,6,45,34,NPK 13-0-45,13-0-45,High potassium demand with adequate phosphorus. NPK 13-0-45 provides premium K and supplementary N for quality crops.,Apply 100–120 kg/ha: 40% basal + 60% at flowering/fruiting via fertigation.
Groundnut,Black,23,53,78,NPK 17-17-17,17-17-17,"All three nutrients (N, P, K) are below optimal. Balanced 17-17-17 corrects deficiencies uniformly.",Apply 150–200 kg/ha basal + 50–75 kg/ha top-dress at 30 & 60 DAS.
Groundnut,Black,19,37,26,MOP (Muriate of Potash),0-0-60,"Potassium is severely deficient. MOP (60% K) improves drought tolerance, disease resistance, and grain quality.",Apply 60–80 kg/ha: 50% basal at sowing + 50% at flowering. Avoid during dry spells.
Groundnut,Black,25,24,54,DAP,18-46-0,Phosphorus is severely deficient. DAP delivers high P (46%) essential for root development and energy transfer.,"Apply 80–100 kg/ha as basal dose, 5–10 cm below seed level before planting."
Groundnut,Black,12,17,64,NPK 20-20-0,20-20-0,Nitrogen and phosphorus are deficient; potassium is adequate. NPK 20-20-0 targets N & P without excess K.,Apply 120–150 kg/ha at sowing. Supplement with 30 kg/ha urea at tillering stage.
Groundnut,Black,6,49,40,NPK 13-0-45,13-0-45,High potassium demand with adequate phosphorus. NPK 13-0-45 provides premium K and supplementary N for quality crops.,Apply 100–120 kg/ha: 40% basal + 60% at flowering/fruiting via fertigation.
Groundnut,Black,5,36,18,NPK 13-0-45,13-0-45,High potassium demand with adequate phosphorus. NPK 13-0-45 provides premium K and supplementary N for quality crops.,Apply 100–120 kg/ha: 40% basal + 60% at flowering/fruiting via fertigation.
Groundnut,Black,12,47,19,NPK 13-0-45,13-0-45,High potassium demand with adequate phosphorus. NPK 13-0-45 provides premium K and supplementary N for quality crops.,Apply 100–120 kg/ha: 40% basal + 60% at flowering/fruiting via fertigation.
Groundnut,Black,27,10,34,NPK 10-26-26,10-26-26,Phosphorus and potassium are deficient; nitrogen is adequate. NPK 10-26-26 corrects P & K without excess N.,Apply 120–150 kg/ha as basal dose before planting. Ideal for fruiting crops.
Groundnut,Black,24,26,23,NPK 10-26-26,10-26-26,Phosphorus and potassium are deficient; nitrogen is adequate. NPK 10-26-26 corrects P & K without excess N.,Apply 120–150 kg/ha as basal dose before planting. Ideal for fruiting crops.
Groundnut,Black,14,24,81,NPK 20-20-0,20-20-0,Nitrogen and phosphorus are deficient; potassium is adequate. NPK 20-20-0 targets N & P without excess K.,Apply 120–150 kg/ha at sowing. Supplement with 30 kg/ha urea at tillering stage.
Groundnut,Black,13,51,85,Ammonium Sulphate,21-0-0,Nitrogen is moderately low. Ammonium Sulphate provides N + sulphur — ideal for alkaline/sulphur-deficient soils.,Apply 100–150 kg/ha in two splits: at planting and 30–40 DAS.
Groundnut,Black,16,57,44,NPK 13-0-45,13-0-45,High potassium demand with adequate phosphorus. NPK 13-0-45 provides premium K and supplementary N for quality crops.,Apply 100–120 kg/ha: 40% basal + 60% at flowering/fruiting via fertigation.
Groundnut,Red,30,14,69,SSP (Single Super Phosphate),0-16-0,Severe phosphorus deficiency. SSP provides P with calcium and sulphur — ideal for legumes and oilseeds.,Apply 200–250 kg/ha as basal dose incorporated into soil before sowing.
Groundnut,Red,17,30,64,DAP,18-46-0,Phosphorus is severely deficient. DAP delivers high P (46%) essential for root development and energy transfer.,"Apply 80–100 kg/ha as basal dose, 5–10 cm below seed level before planting."
Groundnut,Red,23,10,28,NPK 10-26-26,10-26-26,Phosphorus and potassium are deficient; nitrogen is adequate. NPK 10-26-26 corrects P & K without excess N.,Apply 120–150 kg/ha as basal dose before planting. Ideal for fruiting crops.
Groundnut,Red,23,44,91,NPK 17-17-17,17-17-17,"All three nutrients (N, P, K) are below optimal. Balanced 17-17-17 corrects deficiencies uniformly.",Apply 150–200 kg/ha basal + 50–75 kg/ha top-dress at 30 & 60 DAS.
Groundnut,Red,24,59,70,NPK 17-17-17,17-17-17,"All three nutrients (N, P, K) are below optimal. Balanced 17-17-17 corrects deficiencies uniformly.",Apply 150–200 kg/ha basal + 50–75 kg/ha top-dress at 30 & 60 DAS.
Groundnut,Red,12,15,76,NPK 20-20-0,20-20-0,Nitrogen and phosphorus are deficient; potassium is adequate. NPK 20-20-0 targets N & P without excess K.,Apply 120–150 kg/ha at sowing. Supplement with 30 kg/ha urea at tillering stage.
Groundnut,Red,21,12,43,NPK 10-26-26,10-26-26,Phosphorus and potassium are deficient; nitrogen is adequate. NPK 10-26-26 corrects P & K without excess N.,Apply 120–150 kg/ha as basal dose before planting. Ideal for fruiting crops.
Groundnut,Red,30,36,49,NPK 12-32-16,12-32-16,High phosphorus demand with moderate N and K deficiency. NPK 12-32-16 emphasises P with balanced N & K.,Apply 100–125 kg/ha as basal. Supplement with 30 kg/ha urea at 30 DAS.
Groundnut,Red,17,20,44,NPK 10-26-26,10-26-26,Phosphorus and potassium are deficient; nitrogen is adequate. NPK 10-26-26 corrects P & K without excess N.,Apply 120–150 kg/ha as basal dose before planting. Ideal for fruiting crops.
Groundnut,Red,14,12,75,NPK 20-20-0,20-20-0,Nitrogen and phosphorus are deficient; potassium is adequate. NPK 20-20-0 targets N & P without excess K.,Apply 120–150 kg/ha at sowing. Supplement with 30 kg/ha urea at tillering stage.
Groundnut,Red,15,53,81,Ammonium Sulphate,21-0-0,Nitrogen is moderately low. Ammonium Sulphate provides N + sulphur — ideal for alkaline/sulphur-deficient soils.,Apply 100–150 kg/ha in two splits: at planting and 30–40 DAS.
Groundnut,Red,10,44,52,Urea,46-0-0,Nitrogen is severely deficient. Urea (46% N) rapidly restores soil nitrogen for vegetative growth.,Apply 100–120 kg/ha split: 50% at sowing + 50% at 30 DAS. Incorporate into moist soil.
Groundnut,Red,28,21,68,SSP (Single Super Phosphate),0-16-0,Severe phosphorus deficiency. SSP provides P with calcium and sulphur — ideal for legumes and oilseeds.,Apply 200–250 kg/ha as basal dose incorporated into soil before sowing.
Groundnut,Red,20,25,25,NPK 10-26-26,10-26-26,Phosphorus and potassium are deficient; nitrogen is adequate. NPK 10-26-26 corrects P & K without excess N.,Apply 120–150 kg/ha as basal dose before planting. Ideal for fruiting crops.
Groundnut,Red,22,48,39,NPK 13-0-45,13-0-45,High potassium demand with adequate phosphorus. NPK 13-0-45 provides premium K and supplementary N for quality crops.,Apply 100–120 kg/ha: 40% basal + 60% at flowering/fruiting via fertigation.
Groundnut,Red,21,30,71,DAP,18-46-0,Phosphorus is severely deficient. DAP delivers high P (46%) essential for root development and energy transfer.,"Apply 80–100 kg/ha as basal dose, 5–10 cm below seed level before planting."
Groundnut,Red,10,56,37,NPK 13-0-45,13-0-45,High potassium demand with adequate phosphorus. NPK 13-0-45 provides premium K and supplementary N for quality crops.,Apply 100–120 kg/ha: 40% basal + 60% at flowering/fruiting via fertigation.
Groundnut,Red,14,13,23,NPK 17-17-17,17-17-17,"All three nutrients (N, P, K) are below optimal. Balanced 17-17-17 corrects deficiencies uniformly.",Apply 150–200 kg/ha basal + 50–75 kg/ha top-dress at 30 & 60 DAS.
Groundnut,Red,18,24,80,DAP,18-46-0,Phosphorus is severely deficient. DAP delivers high P (46%) essential for root development and energy transfer.,"Apply 80–100 kg/ha as basal dose, 5–10 cm below seed level before planting."
Groundnut,Red,5,29,41,NPK 17-17-17,17-17-17,"All three nutrients (N, P, K) are below optimal. Balanced 17-17-17 corrects deficiencies uniformly.",Apply 150–200 kg/ha basal + 50–75 kg/ha top-dress at 30 & 60 DAS.
Groundnut,Red,5,16,47,NPK 17-17-17,17-17-17,"All three nutrients (N, P, K) are below optimal. Balanced 17-17-17 corrects deficiencies uniformly.",Apply 150–200 kg/ha basal + 50–75 kg/ha top-dress at 30 & 60 DAS.
Groundnut,Red,17,31,56,DAP,18-46-0,Phosphorus is severely deficient. DAP delivers high P (46%) essential for root development and energy transfer.,"Apply 80–100 kg/ha as basal dose, 5–10 cm below seed level before planting."
Groundnut,Red,20,10,51,SSP (Single Super Phosphate),0-16-0,Severe phosphorus deficiency. SSP provides P with calcium and sulphur — ideal for legumes and oilseeds.,Apply 200–250 kg/ha as basal dose incorporated into soil before sowing.
Groundnut,Red,30,37,68,NPK 17-17-17,17-17-17,"All three nutrients (N, P, K) are below optimal. Balanced 17-17-17 corrects deficiencies uniformly.",Apply 150–200 kg/ha basal + 50–75 kg/ha top-dress at 30 & 60 DAS.
Groundnut,Red,13,50,75,Ammonium Sulphate,21-0-0,Nitrogen is moderately low. Ammonium Sulphate provides N + sulphur — ideal for alkaline/sulphur-deficient soils.,Apply 100–150 kg/ha in two splits: at planting and 30–40 DAS.
Soybean,Sandy,22,73,13,MOP (Muriate of Potash),0-0-60,"Potassium is severely deficient. MOP (60% K) improves drought tolerance, disease resistance, and grain quality.",Apply 60–80 kg/ha: 50% basal at sowing + 50% at flowering. Avoid during dry spells.
Soybean,Sandy,6,60,41,Urea,46-0-0,Nitrogen is severely deficient. Urea (46% N) rapidly restores soil nitrogen for vegetative growth.,Apply 100–120 kg/ha split: 50% at sowing + 50% at 30 DAS. Incorporate into moist soil.
Soybean,Sandy,9,28,8,NPK 17-17-17,17-17-17,"All three nutrients (N, P, K) are below optimal. Balanced 17-17-17 corrects deficiencies uniformly.",Apply 150–200 kg/ha basal + 50–75 kg/ha top-dress at 30 & 60 DAS.
Soybean,Sandy,15,60,29,Ammonium Sulphate,21-0-0,Nitrogen is moderately low. Ammonium Sulphate provides N + sulphur — ideal for alkaline/sulphur-deficient soils.,Apply 100–150 kg/ha in two splits: at planting and 30–40 DAS.
Soybean,Sandy,16,35,8,NPK 17-17-17,17-17-17,"All three nutrients (N, P, K) are below optimal. Balanced 17-17-17 corrects deficiencies uniformly.",Apply 150–200 kg/ha basal + 50–75 kg/ha top-dress at 30 & 60 DAS.
Soybean,Sandy,15,52,48,Ammonium Sulphate,21-0-0,Nitrogen is moderately low. Ammonium Sulphate provides N + sulphur — ideal for alkaline/sulphur-deficient soils.,Apply 100–150 kg/ha in two splits: at planting and 30–40 DAS.
Soybean,Sandy,32,13,45,SSP (Single Super Phosphate),0-16-0,Severe phosphorus deficiency. SSP provides P with calcium and sulphur — ideal for legumes and oilseeds.,Apply 200–250 kg/ha as basal dose incorporated into soil before sowing.
Soybean,Sandy,30,61,27,NPK 17-17-17,17-17-17,"All three nutrients (N, P, K) are below optimal. Balanced 17-17-17 corrects deficiencies uniformly.",Apply 150–200 kg/ha basal + 50–75 kg/ha top-dress at 30 & 60 DAS.
Soybean,Sandy,18,31,10,NPK 17-17-17,17-17-17,"All three nutrients (N, P, K) are below optimal. Balanced 17-17-17 corrects deficiencies uniformly.",Apply 150–200 kg/ha basal + 50–75 kg/ha top-dress at 30 & 60 DAS.
Soybean,Sandy,13,27,28,NPK 20-20-0,20-20-0,Nitrogen and phosphorus are deficient; potassium is adequate. NPK 20-20-0 targets N & P without excess K.,Apply 120–150 kg/ha at sowing. Supplement with 30 kg/ha urea at tillering stage.
Soybean,Sandy,29,41,10,MOP (Muriate of Potash),0-0-60,"Potassium is severely deficient. MOP (60% K) improves drought tolerance, disease resistance, and grain quality.",Apply 60–80 kg/ha: 50% basal at sowing + 50% at flowering. Avoid during dry spells.
Soybean,Sandy,36,71,40,NPK 17-17-17,17-17-17,"All three nutrients (N, P, K) are below optimal. Balanced 17-17-17 corrects deficiencies uniformly.",Apply 150–200 kg/ha basal + 50–75 kg/ha top-dress at 30 & 60 DAS.
Soybean,Sandy,37,46,48,NPK 17-17-17,17-17-17,"All three nutrients (N, P, K) are below optimal. Balanced 17-17-17 corrects deficiencies uniformly.",Apply 150–200 kg/ha basal + 50–75 kg/ha top-dress at 30 & 60 DAS.
Soybean,Sandy,8,35,17,NPK 17-17-17,17-17-17,"All three nutrients (N, P, K) are below optimal. Balanced 17-17-17 corrects deficiencies uniformly.",Apply 150–200 kg/ha basal + 50–75 kg/ha top-dress at 30 & 60 DAS.
Soybean,Sandy,12,20,34,NPK 20-20-0,20-20-0,Nitrogen and phosphorus are deficient; potassium is adequate. NPK 20-20-0 targets N & P without excess K.,Apply 120–150 kg/ha at sowing. Supplement with 30 kg/ha urea at tillering stage.
Soybean,Sandy,30,48,14,MOP (Muriate of Potash),0-0-60,"Potassium is severely deficient. MOP (60% K) improves drought tolerance, disease resistance, and grain quality.",Apply 60–80 kg/ha: 50% basal at sowing + 50% at flowering. Avoid during dry spells.
Soybean,Sandy,31,52,24,NPK 13-0-45,13-0-45,High potassium demand with adequate phosphorus. NPK 13-0-45 provides premium K and supplementary N for quality crops.,Apply 100–120 kg/ha: 40% basal + 60% at flowering/fruiting via fertigation.
Soybean,Sandy,27,28,22,NPK 10-26-26,10-26-26,Phosphorus and potassium are deficient; nitrogen is adequate. NPK 10-26-26 corrects P & K without excess N.,Apply 120–150 kg/ha as basal dose before planting. Ideal for fruiting crops.
Soybean,Sandy,34,30,27,DAP,18-46-0,Phosphorus is severely deficient. DAP delivers high P (46%) essential for root development and energy transfer.,"Apply 80–100 kg/ha as basal dose, 5–10 cm below seed level before planting."
Soybean,Sandy,34,56,10,MOP (Muriate of Potash),0-0-60,"Potassium is severely deficient. MOP (60% K) improves drought tolerance, disease resistance, and grain quality.",Apply 60–80 kg/ha: 50% basal at sowing + 50% at flowering. Avoid during dry spells.
Soybean,Sandy,10,12,34,NPK 20-20-0,20-20-0,Nitrogen and phosphorus are deficient; potassium is adequate. NPK 20-20-0 targets N & P without excess K.,Apply 120–150 kg/ha at sowing. Supplement with 30 kg/ha urea at tillering stage.
Soybean,Sandy,20,20,48,SSP (Single Super Phosphate),0-16-0,Severe phosphorus deficiency. SSP provides P with calcium and sulphur — ideal for legumes and oilseeds.,Apply 200–250 kg/ha as basal dose incorporated into soil before sowing.
Soybean,Sandy,22,27,29,DAP,18-46-0,Phosphorus is severely deficient. DAP delivers high P (46%) essential for root development and energy transfer.,"Apply 80–100 kg/ha as basal dose, 5–10 cm below seed level before planting."
Soybean,Sandy,27,16,19,NPK 10-26-26,10-26-26,Phosphorus and potassium are deficient; nitrogen is adequate. NPK 10-26-26 corrects P & K without excess N.,Apply 120–150 kg/ha as basal dose before planting. Ideal for fruiting crops.
Soybean,Sandy,31,40,30,NPK 12-32-16,12-32-16,High phosphorus demand with moderate N and K deficiency. NPK 12-32-16 emphasises P with balanced N & K.,Apply 100–125 kg/ha as basal. Supplement with 30 kg/ha urea at 30 DAS.
Soybean,Loamy,19,14,14,NPK 17-17-17,17-17-17,"All three nutrients (N, P, K) are below optimal. Balanced 17-17-17 corrects deficiencies uniformly.",Apply 150–200 kg/ha basal + 50–75 kg/ha top-dress at 30 & 60 DAS.
Soybean,Loamy,20,25,10,NPK 10-26-26,10-26-26,Phosphorus and potassium are deficient; nitrogen is adequate. NPK 10-26-26 corrects P & K without excess N.,Apply 120–150 kg/ha as basal dose before planting. Ideal for fruiting crops.
Soybean,Loamy,32,73,41,NPK 17-17-17,17-17-17,"All three nutrients (N, P, K) are below optimal. Balanced 17-17-17 corrects deficiencies uniformly.",Apply 150–200 kg/ha basal + 50–75 kg/ha top-dress at 30 & 60 DAS.
Soybean,Loamy,32,27,48,DAP,18-46-0,Phosphorus is severely deficient. DAP delivers high P (46%) essential for root development and energy transfer.,"Apply 80–100 kg/ha as basal dose, 5–10 cm below seed level before planting."
Soybean,Loamy,12,71,49,Urea,46-0-0,Nitrogen is severely deficient. Urea (46% N) rapidly restores soil nitrogen for vegetative growth.,Apply 100–120 kg/ha split: 50% at sowing + 50% at 30 DAS. Incorporate into moist soil.
Soybean,Loamy,28,73,31,NPK 17-17-17,17-17-17,"All three nutrients (N, P, K) are below optimal. Balanced 17-17-17 corrects deficiencies uniformly.",Apply 150–200 kg/ha basal + 50–75 kg/ha top-dress at 30 & 60 DAS.
Soybean,Loamy,14,39,32,Urea,46-0-0,Nitrogen is severely deficient. Urea (46% N) rapidly restores soil nitrogen for vegetative growth.,Apply 100–120 kg/ha split: 50% at sowing + 50% at 30 DAS. Incorporate into moist soil.
Soybean,Loamy,8,51,49,Urea,46-0-0,Nitrogen is severely deficient. Urea (46% N) rapidly restores soil nitrogen for vegetative growth.,Apply 100–120 kg/ha split: 50% at sowing + 50% at 30 DAS. Incorporate into moist soil.
Soybean,Loamy,11,61,46,Urea,46-0-0,Nitrogen is severely deficient. Urea (46% N) rapidly restores soil nitrogen for vegetative growth.,Apply 100–120 kg/ha split: 50% at sowing + 50% at 30 DAS. Incorporate into moist soil.
Soybean,Loamy,35,72,29,NPK 17-17-17,17-17-17,"All three nutrients (N, P, K) are below optimal. Balanced 17-17-17 corrects deficiencies uniformly.",Apply 150–200 kg/ha basal + 50–75 kg/ha top-dress at 30 & 60 DAS.
Soybean,Loamy,36,59,14,MOP (Muriate of Potash),0-0-60,"Potassium is severely deficient. MOP (60% K) improves drought tolerance, disease resistance, and grain quality.",Apply 60–80 kg/ha: 50% basal at sowing + 50% at flowering. Avoid during dry spells.
Soybean,Loamy,21,57,18,NPK 13-0-45,13-0-45,High potassium demand with adequate phosphorus. NPK 13-0-45 provides premium K and supplementary N for quality crops.,Apply 100–120 kg/ha: 40% basal + 60% at flowering/fruiting via fertigation.
Soybean,Loamy,26,53,14,MOP (Muriate of Potash),0-0-60,"Potassium is severely deficient. MOP (60% K) improves drought tolerance, disease resistance, and grain quality.",Apply 60–80 kg/ha: 50% basal at sowing + 50% at flowering. Avoid during dry spells.
Soybean,Loamy,23,60,28,NPK 13-0-45,13-0-45,High potassium demand with adequate phosphorus. NPK 13-0-45 provides premium K and supplementary N for quality crops.,Apply 100–120 kg/ha: 40% basal + 60% at flowering/fruiting via fertigation.
Soybean,Loamy,6,12,22,NPK 17-17-17,17-17-17,"All three nutrients (N, P, K) are below optimal. Balanced 17-17-17 corrects deficiencies uniformly.",Apply 150–200 kg/ha basal + 50–75 kg/ha top-dress at 30 & 60 DAS.
Soybean,Loamy,35,26,34,SSP (Single Super Phosphate),0-16-0,Severe phosphorus deficiency. SSP provides P with calcium and sulphur — ideal for legumes and oilseeds.,Apply 200–250 kg/ha as basal dose incorporated into soil before sowing.
Soybean,Loamy,12,32,43,NPK 20-20-0,20-20-0,Nitrogen and phosphorus are deficient; potassium is adequate. NPK 20-20-0 targets N & P without excess K.,Apply 120–150 kg/ha at sowing. Supplement with 30 kg/ha urea at tillering stage.
Soybean,Loamy,28,18,26,SSP (Single Super Phosphate),0-16-0,Severe phosphorus deficiency. SSP provides P with calcium and sulphur — ideal for legumes and oilseeds.,Apply 200–250 kg/ha as basal dose incorporated into soil before sowing.
Soybean,Loamy,6,42,35,Urea,46-0-0,Nitrogen is severely deficient. Urea (46% N) rapidly restores soil nitrogen for vegetative growth.,Apply 100–120 kg/ha split: 50% at sowing + 50% at 30 DAS. Incorporate into moist soil.
Soybean,Loamy,9,30,24,NPK 17-17-17,17-17-17,"All three nutrients (N, P, K) are below optimal. Balanced 17-17-17 corrects deficiencies uniformly.",Apply 150–200 kg/ha basal + 50–75 kg/ha top-dress at 30 & 60 DAS.
Soybean,Loamy,34,74,9,MOP (Muriate of Potash),0-0-60,"Potassium is severely deficient. MOP (60% K) improves drought tolerance, disease resistance, and grain quality.",Apply 60–80 kg/ha: 50% basal at sowing + 50% at flowering. Avoid during dry spells.
Soybean,Loamy,29,35,24,NPK 10-26-26,10-26-26,Phosphorus and potassium are deficient; nitrogen is adequate. NPK 10-26-26 corrects P & K without excess N.,Apply 120–150 kg/ha as basal dose before planting. Ideal for fruiting crops.
Soybean,Loamy,29,69,47,NPK 17-17-17,17-17-17,"All three nutrients (N, P, K) are below optimal. Balanced 17-17-17 corrects deficiencies uniformly.",Apply 150–200 kg/ha basal + 50–75 kg/ha top-dress at 30 & 60 DAS.
Soybean,Loamy,24,34,41,DAP,18-46-0,Phosphorus is severely deficient. DAP delivers high P (46%) essential for root development and energy transfer.,"Apply 80–100 kg/ha as basal dose, 5–10 cm below seed level before planting."
Soybean,Loamy,13,47,23,NPK 13-0-45,13-0-45,High potassium demand with adequate phosphorus. NPK 13-0-45 provides premium K and supplementary N for quality crops.,Apply 100–120 kg/ha: 40% basal + 60% at flowering/fruiting via fertigation.
Soybean,Clay,26,27,16,NPK 10-26-26,10-26-26,Phosphorus and potassium are deficient; nitrogen is adequate. NPK 10-26-26 corrects P & K without excess N.,Apply 120–150 kg/ha as basal dose before planting. Ideal for fruiting crops.
Soybean,Clay,34,18,29,SSP (Single Super Phosphate),0-16-0,Severe phosphorus deficiency. SSP provides P with calcium and sulphur — ideal for legumes and oilseeds.,Apply 200–250 kg/ha as basal dose incorporated into soil before sowing.
Soybean,Clay,12,14,9,NPK 17-17-17,17-17-17,"All three nutrients (N, P, K) are below optimal. Balanced 17-17-17 corrects deficiencies uniformly.",Apply 150–200 kg/ha basal + 50–75 kg/ha top-dress at 30 & 60 DAS.
Soybean,Clay,11,66,19,NPK 13-0-45,13-0-45,High potassium demand with adequate phosphorus. NPK 13-0-45 provides premium K and supplementary N for quality crops.,Apply 100–120 kg/ha: 40% basal + 60% at flowering/fruiting via fertigation.
Soybean,Clay,35,48,26,NPK 17-17-17,17-17-17,"All three nutrients (N, P, K) are below optimal. Balanced 17-17-17 corrects deficiencies uniformly.",Apply 150–200 kg/ha basal + 50–75 kg/ha top-dress at 30 & 60 DAS.
Soybean,Clay,24,44,39,NPK 17-17-17,17-17-17,"All three nutrients (N, P, K) are below optimal. Balanced 17-17-17 corrects deficiencies uniformly.",Apply 150–200 kg/ha basal + 50–75 kg/ha top-dress at 30 & 60 DAS.
Soybean,Clay,14,34,45,NPK 20-20-0,20-20-0,Nitrogen and phosphorus are deficient; potassium is adequate. NPK 20-20-0 targets N & P without excess K.,Apply 120–150 kg/ha at sowing. Supplement with 30 kg/ha urea at tillering stage.
Soybean,Clay,35,68,25,NPK 13-0-45,13-0-45,High potassium demand with adequate phosphorus. NPK 13-0-45 provides premium K and supplementary N for quality crops.,Apply 100–120 kg/ha: 40% basal + 60% at flowering/fruiting via fertigation.
Soybean,Clay,30,42,28,NPK 12-32-16,12-32-16,High phosphorus demand with moderate N and K deficiency. NPK 12-32-16 emphasises P with balanced N & K.,Apply 100–125 kg/ha as basal. Supplement with 30 kg/ha urea at 30 DAS.
Soybean,Clay,12,49,15,NPK 13-0-45,13-0-45,High potassium demand with adequate phosphorus. NPK 13-0-45 provides premium K and supplementary N for quality crops.,Apply 100–120 kg/ha: 40% basal + 60% at flowering/fruiting via fertigation.
Soybean,Clay,16,65,16,NPK 13-0-45,13-0-45,High potassium demand with adequate phosphorus. NPK 13-0-45 provides premium K and supplementary N for quality crops.,Apply 100–120 kg/ha: 40% basal + 60% at flowering/fruiting via fertigation.
Soybean,Clay,8,16,47,NPK 20-20-0,20-20-0,Nitrogen and phosphorus are deficient; potassium is adequate. NPK 20-20-0 targets N & P without excess K.,Apply 120–150 kg/ha at sowing. Supplement with 30 kg/ha urea at tillering stage.
Soybean,Clay,21,37,42,DAP,18-46-0,Phosphorus is severely deficient. DAP delivers high P (46%) essential for root development and energy transfer.,"Apply 80–100 kg/ha as basal dose, 5–10 cm below seed level before planting."
Soybean,Clay,32,32,37,DAP,18-46-0,Phosphorus is severely deficient. DAP delivers high P (46%) essential for root development and energy transfer.,"Apply 80–100 kg/ha as basal dose, 5–10 cm below seed level before planting."
Soybean,Clay,30,53,14,MOP (Muriate of Potash),0-0-60,"Potassium is severely deficient. MOP (60% K) improves drought tolerance, disease resistance, and grain quality.",Apply 60–80 kg/ha: 50% basal at sowing + 50% at flowering. Avoid during dry spells.
Soybean,Clay,33,45,19,NPK 13-0-45,13-0-45,High potassium demand with adequate phosphorus. NPK 13-0-45 provides premium K and supplementary N for quality crops.,Apply 100–120 kg/ha: 40% basal + 60% at flowering/fruiting via fertigation.
Soybean,Clay,19,14,13,NPK 17-17-17,17-17-17,"All three nutrients (N, P, K) are below optimal. Balanced 17-17-17 corrects deficiencies uniformly.",Apply 150–200 kg/ha basal + 50–75 kg/ha top-dress at 30 & 60 DAS.
Soybean,Clay,30,12,25,NPK 10-26-26,10-26-26,Phosphorus and potassium are deficient; nitrogen is adequate. NPK 10-26-26 corrects P & K without excess N.,Apply 120–150 kg/ha as basal dose before planting. Ideal for fruiting crops.
Soybean,Clay,22,15,48,SSP (Single Super Phosphate),0-16-0,Severe phosphorus deficiency. SSP provides P with calcium and sulphur — ideal for legumes and oilseeds.,Apply 200–250 kg/ha as basal dose incorporated into soil before sowing.
Soybean,Clay,13,31,20,NPK 17-17-17,17-17-17,"All three nutrients (N, P, K) are below optimal. Balanced 17-17-17 corrects deficiencies uniformly.",Apply 150–200 kg/ha basal + 50–75 kg/ha top-dress at 30 & 60 DAS.
Soybean,Clay,13,12,38,NPK 20-20-0,20-20-0,Nitrogen and phosphorus are deficient; potassium is adequate. NPK 20-20-0 targets N & P without excess K.,Apply 120–150 kg/ha at sowing. Supplement with 30 kg/ha urea at tillering stage.
Soybean,Clay,36,26,35,SSP (Single Super Phosphate),0-16-0,Severe phosphorus deficiency. SSP provides P with calcium and sulphur — ideal for legumes and oilseeds.,Apply 200–250 kg/ha as basal dose incorporated into soil before sowing.
Soybean,Clay,29,65,25,NPK 13-0-45,13-0-45,High potassium demand with adequate phosphorus. NPK 13-0-45 provides premium K and supplementary N for quality crops.,Apply 100–120 kg/ha: 40% basal + 60% at flowering/fruiting via fertigation.
Soybean,Clay,15,32,37,NPK 20-20-0,20-20-0,Nitrogen and phosphorus are deficient; potassium is adequate. NPK 20-20-0 targets N & P without excess K.,Apply 120–150 kg/ha at sowing. Supplement with 30 kg/ha urea at tillering stage.
Soybean,Clay,31,23,23,NPK 10-26-26,10-26-26,Phosphorus and potassium are deficient; nitrogen is adequate. NPK 10-26-26 corrects P & K without excess N.,Apply 120–150 kg/ha as basal dose before planting. Ideal for fruiting crops.
Soybean,Silt,34,62,49,NPK 17-17-17,17-17-17,"All three nutrients (N, P, K) are below optimal. Balanced 17-17-17 corrects deficiencies uniformly.",Apply 150–200 kg/ha basal + 50–75 kg/ha top-dress at 30 & 60 DAS.
Soybean,Silt,29,36,32,DAP,18-46-0,Phosphorus is severely deficient. DAP delivers high P (46%) essential for root development and energy transfer.,"Apply 80–100 kg/ha as basal dose, 5–10 cm below seed level before planting."
Soybean,Silt,26,16,30,SSP (Single Super Phosphate),0-16-0,Severe phosphorus deficiency. SSP provides P with calcium and sulphur — ideal for legumes and oilseeds.,Apply 200–250 kg/ha as basal dose incorporated into soil before sowing.
Soybean,Silt,28,22,40,SSP (Single Super Phosphate),0-16-0,Severe phosphorus deficiency. SSP provides P with calcium and sulphur — ideal for legumes and oilseeds.,Apply 200–250 kg/ha as basal dose incorporated into soil before sowing.
Soybean,Silt,24,71,9,MOP (Muriate of Potash),0-0-60,"Potassium is severely deficient. MOP (60% K) improves drought tolerance, disease resistance, and grain quality.",Apply 60–80 kg/ha: 50% basal at sowing + 50% at flowering. Avoid during dry spells.
Soybean,Silt,14,49,20,NPK 13-0-45,13-0-45,High potassium demand with adequate phosphorus. NPK 13-0-45 provides premium K and supplementary N for quality crops.,Apply 100–120 kg/ha: 40% basal + 60% at flowering/fruiting via fertigation.
Soybean,Silt,28,59,12,MOP (Muriate of Potash),0-0-60,"Potassium is severely deficient. MOP (60% K) improves drought tolerance, disease resistance, and grain quality.",Apply 60–80 kg/ha: 50% basal at sowing + 50% at flowering. Avoid during dry spells.
Soybean,Silt,22,44,23,NPK 13-0-45,13-0-45,High potassium demand with adequate phosphorus. NPK 13-0-45 provides premium K and supplementary N for quality crops.,Apply 100–120 kg/ha: 40% basal + 60% at flowering/fruiting via fertigation.
Soybean,Silt,35,64,37,NPK 17-17-17,17-17-17,"All three nutrients (N, P, K) are below optimal. Balanced 17-17-17 corrects deficiencies uniformly.",Apply 150–200 kg/ha basal + 50–75 kg/ha top-dress at 30 & 60 DAS.
Soybean,Silt,28,41,46,NPK 17-17-17,17-17-17,"All three nutrients (N, P, K) are below optimal. Balanced 17-17-17 corrects deficiencies uniformly.",Apply 150–200 kg/ha basal + 50–75 kg/ha top-dress at 30 & 60 DAS.
Soybean,Silt,27,57,44,NPK 17-17-17,17-17-17,"All three nutrients (N, P, K) are below optimal. Balanced 17-17-17 corrects deficiencies uniformly.",Apply 150–200 kg/ha basal + 50–75 kg/ha top-dress at 30 & 60 DAS.
Soybean,Silt,14,62,16,NPK 13-0-45,13-0-45,High potassium demand with adequate phosphorus. NPK 13-0-45 provides premium K and supplementary N for quality crops.,Apply 100–120 kg/ha: 40% basal + 60% at flowering/fruiting via fertigation.
Soybean,Silt,16,33,49,NPK 20-20-0,20-20-0,Nitrogen and phosphorus are deficient; potassium is adequate. NPK 20-20-0 targets N & P without excess K.,Apply 120–150 kg/ha at sowing. Supplement with 30 kg/ha urea at tillering stage.
Soybean,Silt,32,56,38,NPK 17-17-17,17-17-17,"All three nutrients (N, P, K) are below optimal. Balanced 17-17-17 corrects deficiencies uniformly.",Apply 150–200 kg/ha basal + 50–75 kg/ha top-dress at 30 & 60 DAS.
Soybean,Silt,23,71,28,NPK 13-0-45,13-0-45,High potassium demand with adequate phosphorus. NPK 13-0-45 provides premium K and supplementary N for quality crops.,Apply 100–120 kg/ha: 40% basal + 60% at flowering/fruiting via fertigation.
Soybean,Silt,17,22,41,NPK 20-20-0,20-20-0,Nitrogen and phosphorus are deficient; potassium is adequate. NPK 20-20-0 targets N & P without excess K.,Apply 120–150 kg/ha at sowing. Supplement with 30 kg/ha urea at tillering stage.
Soybean,Silt,29,36,9,NPK 10-26-26,10-26-26,Phosphorus and potassium are deficient; nitrogen is adequate. NPK 10-26-26 corrects P & K without excess N.,Apply 120–150 kg/ha as basal dose before planting. Ideal for fruiting crops.
Soybean,Silt,32,12,37,SSP (Single Super Phosphate),0-16-0,Severe phosphorus deficiency. SSP provides P with calcium and sulphur — ideal for legumes and oilseeds.,Apply 200–250 kg/ha as basal dose incorporated into soil before sowing.
Soybean,Silt,36,39,17,MOP (Muriate of Potash),0-0-60,"Potassium is severely deficient. MOP (60% K) improves drought tolerance, disease resistance, and grain quality.",Apply 60–80 kg/ha: 50% basal at sowing + 50% at flowering. Avoid during dry spells.
Soybean,Silt,28,63,30,NPK 17-17-17,17-17-17,"All three nutrients (N, P, K) are below optimal. Balanced 17-17-17 corrects deficiencies uniformly.",Apply 150–200 kg/ha basal + 50–75 kg/ha top-dress at 30 & 60 DAS.
Soybean,Silt,36,15,29,SSP (Single Super Phosphate),0-16-0,Severe phosphorus deficiency. SSP provides P with calcium and sulphur — ideal for legumes and oilseeds.,Apply 200–250 kg/ha as basal dose incorporated into soil before sowing.
Soybean,Silt,28,66,15,MOP (Muriate of Potash),0-0-60,"Potassium is severely deficient. MOP (60% K) improves drought tolerance, disease resistance, and grain quality.",Apply 60–80 kg/ha: 50% basal at sowing + 50% at flowering. Avoid during dry spells.
Soybean,Silt,31,46,24,NPK 13-0-45,13-0-45,High potassium demand with adequate phosphorus. NPK 13-0-45 provides premium K and supplementary N for quality crops.,Apply 100–120 kg/ha: 40% basal + 60% at flowering/fruiting via fertigation.
Soybean,Silt,10,66,14,NPK 13-0-45,13-0-45,High potassium demand with adequate phosphorus. NPK 13-0-45 provides premium K and supplementary N for quality crops.,Apply 100–120 kg/ha: 40% basal + 60% at flowering/fruiting via fertigation.
Soybean,Silt,15,30,44,NPK 20-20-0,20-20-0,Nitrogen and phosphorus are deficient; potassium is adequate. NPK 20-20-0 targets N & P without excess K.,Apply 120–150 kg/ha at sowing. Supplement with 30 kg/ha urea at tillering stage.
Soybean,Black,27,62,18,NPK 13-0-45,13-0-45,High potassium demand with adequate phosphorus. NPK 13-0-45 provides premium K and supplementary N for quality crops.,Apply 100–120 kg/ha: 40% basal + 60% at flowering/fruiting via fertigation.
Soybean,Black,25,48,42,NPK 17-17-17,17-17-17,"All three nutrients (N, P, K) are below optimal. Balanced 17-17-17 corrects deficiencies uniformly.",Apply 150–200 kg/ha basal + 50–75 kg/ha top-dress at 30 & 60 DAS.
Soybean,Black,34,12,36,SSP (Single Super Phosphate),0-16-0,Severe phosphorus deficiency. SSP provides P with calcium and sulphur — ideal for legumes and oilseeds.,Apply 200–250 kg/ha as basal dose incorporated into soil before sowing.
Soybean,Black,7,46,20,NPK 13-0-45,13-0-45,High potassium demand with adequate phosphorus. NPK 13-0-45 provides premium K and supplementary N for quality crops.,Apply 100–120 kg/ha: 40% basal + 60% at flowering/fruiting via fertigation.
Soybean,Black,15,34,34,NPK 20-20-0,20-20-0,Nitrogen and phosphorus are deficient; potassium is adequate. NPK 20-20-0 targets N & P without excess K.,Apply 120–150 kg/ha at sowing. Supplement with 30 kg/ha urea at tillering stage.
Soybean,Black,16,58,24,NPK 13-0-45,13-0-45,High potassium demand with adequate phosphorus. NPK 13-0-45 provides premium K and supplementary N for quality crops.,Apply 100–120 kg/ha: 40% basal + 60% at flowering/fruiting via fertigation.
Soybean,Black,8,61,20,NPK 13-0-45,13-0-45,High potassium demand with adequate phosphorus. NPK 13-0-45 provides premium K and supplementary N for quality crops.,Apply 100–120 kg/ha: 40% basal + 60% at flowering/fruiting via fertigation.
Soybean,Black,19,55,21,NPK 13-0-45,13-0-45,High potassium demand with adequate phosphorus. NPK 13-0-45 provides premium K and supplementary N for quality crops.,Apply 100–120 kg/ha: 40% basal + 60% at flowering/fruiting via fertigation.
Soybean,Black,7,35,47,NPK 20-20-0,20-20-0,Nitrogen and phosphorus are deficient; potassium is adequate. NPK 20-20-0 targets N & P without excess K.,Apply 120–150 kg/ha at sowing. Supplement with 30 kg/ha urea at tillering stage.
Soybean,Black,26,54,34,NPK 17-17-17,17-17-17,"All three nutrients (N, P, K) are below optimal. Balanced 17-17-17 corrects deficiencies uniformly.",Apply 150–200 kg/ha basal + 50–75 kg/ha top-dress at 30 & 60 DAS.
Soybean,Black,12,38,39,NPK 20-20-0,20-20-0,Nitrogen and phosphorus are deficient; potassium is adequate. NPK 20-20-0 targets N & P without excess K.,Apply 120–150 kg/ha at sowing. Supplement with 30 kg/ha urea at tillering stage.
Soybean,Black,9,29,19,NPK 17-17-17,17-17-17,"All three nutrients (N, P, K) are below optimal. Balanced 17-17-17 corrects deficiencies uniformly.",Apply 150–200 kg/ha basal + 50–75 kg/ha top-dress at 30 & 60 DAS.
Soybean,Black,19,73,10,NPK 13-0-45,13-0-45,High potassium demand with adequate phosphorus. NPK 13-0-45 provides premium K and supplementary N for quality crops.,Apply 100–120 kg/ha: 40% basal + 60% at flowering/fruiting via fertigation.
Soybean,Black,22,23,48,SSP (Single Super Phosphate),0-16-0,Severe phosphorus deficiency. SSP provides P with calcium and sulphur — ideal for legumes and oilseeds.,Apply 200–250 kg/ha as basal dose incorporated into soil before sowing.
Soybean,Black,9,37,38,NPK 20-20-0,20-20-0,Nitrogen and phosphorus are deficient; potassium is adequate. NPK 20-20-0 targets N & P without excess K.,Apply 120–150 kg/ha at sowing. Supplement with 30 kg/ha urea at tillering stage.
Soybean,Black,28,38,22,NPK 10-26-26,10-26-26,Phosphorus and potassium are deficient; nitrogen is adequate. NPK 10-26-26 corrects P & K without excess N.,Apply 120–150 kg/ha as basal dose before planting. Ideal for fruiting crops.
Soybean,Black,18,28,16,NPK 17-17-17,17-17-17,"All three nutrients (N, P, K) are below optimal. Balanced 17-17-17 corrects deficiencies uniformly.",Apply 150–200 kg/ha basal + 50–75 kg/ha top-dress at 30 & 60 DAS.
Soybean,Black,21,28,20,NPK 10-26-26,10-26-26,Phosphorus and potassium are deficient; nitrogen is adequate. NPK 10-26-26 corrects P & K without excess N.,Apply 120–150 kg/ha as basal dose before planting. Ideal for fruiting crops.
Soybean,Black,26,73,33,NPK 17-17-17,17-17-17,"All three nutrients (N, P, K) are below optimal. Balanced 17-17-17 corrects deficiencies uniformly.",Apply 150–200 kg/ha basal + 50–75 kg/ha top-dress at 30 & 60 DAS.
Soybean,Black,8,16,47,NPK 20-20-0,20-20-0,Nitrogen and phosphorus are deficient; potassium is adequate. NPK 20-20-0 targets N & P without excess K.,Apply 120–150 kg/ha at sowing. Supplement with 30 kg/ha urea at tillering stage.
Soybean,Black,15,17,33,NPK 20-20-0,20-20-0,Nitrogen and phosphorus are deficient; potassium is adequate. NPK 20-20-0 targets N & P without excess K.,Apply 120–150 kg/ha at sowing. Supplement with 30 kg/ha urea at tillering stage.
Soybean,Black,25,52,19,NPK 13-0-45,13-0-45,High potassium demand with adequate phosphorus. NPK 13-0-45 provides premium K and supplementary N for quality crops.,Apply 100–120 kg/ha: 40% basal + 60% at flowering/fruiting via fertigation.
Soybean,Black,6,72,18,NPK 13-0-45,13-0-45,High potassium demand with adequate phosphorus. NPK 13-0-45 provides premium K and supplementary N for quality crops.,Apply 100–120 kg/ha: 40% basal + 60% at flowering/fruiting via fertigation.
Soybean,Black,27,56,33,NPK 17-17-17,17-17-17,"All three nutrients (N, P, K) are below optimal. Balanced 17-17-17 corrects deficiencies uniformly.",Apply 150–200 kg/ha basal + 50–75 kg/ha top-dress at 30 & 60 DAS.
Soybean,Black,15,29,33,NPK 20-20-0,20-20-0,Nitrogen and phosphorus are deficient; potassium is adequate. NPK 20-20-0 targets N & P without excess K.,Apply 120–150 kg/ha at sowing. Supplement with 30 kg/ha urea at tillering stage.
Soybean,Red,33,71,12,MOP (Muriate of Potash),0-0-60,"Potassium is severely deficient. MOP (60% K) improves drought tolerance, disease resistance, and grain quality.",Apply 60–80 kg/ha: 50% basal at sowing + 50% at flowering. Avoid during dry spells.
Soybean,Red,10,71,38,Urea,46-0-0,Nitrogen is severely deficient. Urea (46% N) rapidly restores soil nitrogen for vegetative growth.,Apply 100–120 kg/ha split: 50% at sowing + 50% at 30 DAS. Incorporate into moist soil.
Soybean,Red,33,24,32,SSP (Single Super Phosphate),0-16-0,Severe phosphorus deficiency. SSP provides P with calcium and sulphur — ideal for legumes and oilseeds.,Apply 200–250 kg/ha as basal dose incorporated into soil before sowing.
Soybean,Red,28,54,25,NPK 13-0-45,13-0-45,High potassium demand with adequate phosphorus. NPK 13-0-45 provides premium K and supplementary N for quality crops.,Apply 100–120 kg/ha: 40% basal + 60% at flowering/fruiting via fertigation.
Soybean,Red,6,48,18,NPK 13-0-45,13-0-45,High potassium demand with adequate phosphorus. NPK 13-0-45 provides premium K and supplementary N for quality crops.,Apply 100–120 kg/ha: 40% basal + 60% at flowering/fruiting via fertigation.
Soybean,Red,20,72,24,NPK 13-0-45,13-0-45,High potassium demand with adequate phosphorus. NPK 13-0-45 provides premium K and supplementary N for quality crops.,Apply 100–120 kg/ha: 40% basal + 60% at flowering/fruiting via fertigation.
Soybean,Red,32,23,36,SSP (Single Super Phosphate),0-16-0,Severe phosphorus deficiency. SSP provides P with calcium and sulphur — ideal for legumes and oilseeds.,Apply 200–250 kg/ha as basal dose incorporated into soil before sowing.
Soybean,Red,36,18,8,NPK 10-26-26,10-26-26,Phosphorus and potassium are deficient; nitrogen is adequate. NPK 10-26-26 corrects P & K without excess N.,Apply 120–150 kg/ha as basal dose before planting. Ideal for fruiting crops.
Soybean,Red,19,17,39,NPK 20-20-0,20-20-0,Nitrogen and phosphorus are deficient; potassium is adequate. NPK 20-20-0 targets N & P without excess K.,Apply 120–150 kg/ha at sowing. Supplement with 30 kg/ha urea at tillering stage.
Soybean,Red,34,39,18,NPK 13-0-45,13-0-45,High potassium demand with adequate phosphorus. NPK 13-0-45 provides premium K and supplementary N for quality crops.,Apply 100–120 kg/ha: 40% basal + 60% at flowering/fruiting via fertigation.
Soybean,Red,19,57,8,NPK 13-0-45,13-0-45,High potassium demand with adequate phosphorus. NPK 13-0-45 provides premium K and supplementary N for quality crops.,Apply 100–120 kg/ha: 40% basal + 60% at flowering/fruiting via fertigation.
Soybean,Red,24,50,34,NPK 17-17-17,17-17-17,"All three nutrients (N, P, K) are below optimal. Balanced 17-17-17 corrects deficiencies uniformly.",Apply 150–200 kg/ha basal + 50–75 kg/ha top-dress at 30 & 60 DAS.
Soybean,Red,13,56,11,NPK 13-0-45,13-0-45,High potassium demand with adequate phosphorus. NPK 13-0-45 provides premium K and supplementary N for quality crops.,Apply 100–120 kg/ha: 40% basal + 60% at flowering/fruiting via fertigation.
Soybean,Red,12,67,39,Urea,46-0-0,Nitrogen is severely deficient. Urea (46% N) rapidly restores soil nitrogen for vegetative growth.,Apply 100–120 kg/ha split: 50% at sowing + 50% at 30 DAS. Incorporate into moist soil.
Soybean,Red,6,27,17,NPK 17-17-17,17-17-17,"All three nutrients (N, P, K) are below optimal. Balanced 17-17-17 corrects deficiencies uniformly.",Apply 150–200 kg/ha basal + 50–75 kg/ha top-dress at 30 & 60 DAS.
Soybean,Red,14,27,10,NPK 17-17-17,17-17-17,"All three nutrients (N, P, K) are below optimal. Balanced 17-17-17 corrects deficiencies uniformly.",Apply 150–200 kg/ha basal + 50–75 kg/ha top-dress at 30 & 60 DAS.
Soybean,Red,20,58,33,Ammonium Sulphate,21-0-0,Nitrogen is moderately low. Ammonium Sulphate provides N + sulphur — ideal for alkaline/sulphur-deficient soils.,Apply 100–150 kg/ha in two splits: at planting and 30–40 DAS.
Soybean,Red,27,17,47,SSP (Single Super Phosphate),0-16-0,Severe phosphorus deficiency. SSP provides P with calcium and sulphur — ideal for legumes and oilseeds.,Apply 200–250 kg/ha as basal dose incorporated into soil before sowing.
Soybean,Red,32,62,42,NPK 17-17-17,17-17-17,"All three nutrients (N, P, K) are below optimal. Balanced 17-17-17 corrects deficiencies uniformly.",Apply 150–200 kg/ha basal + 50–75 kg/ha top-dress at 30 & 60 DAS.
Soybean,Red,35,46,16,MOP (Muriate of Potash),0-0-60,"Potassium is severely deficient. MOP (60% K) improves drought tolerance, disease resistance, and grain quality.",Apply 60–80 kg/ha: 50% basal at sowing + 50% at flowering. Avoid during dry spells.
Soybean,Red,25,58,38,NPK 17-17-17,17-17-17,"All three nutrients (N, P, K) are below optimal. Balanced 17-17-17 corrects deficiencies uniformly.",Apply 150–200 kg/ha basal + 50–75 kg/ha top-dress at 30 & 60 DAS.
Soybean,Red,22,16,23,NPK 10-26-26,10-26-26,Phosphorus and potassium are deficient; nitrogen is adequate. NPK 10-26-26 corrects P & K without excess N.,Apply 120–150 kg/ha as basal dose before planting. Ideal for fruiting crops.
Soybean,Red,35,48,30,NPK 17-17-17,17-17-17,"All three nutrients (N, P, K) are below optimal. Balanced 17-17-17 corrects deficiencies uniformly.",Apply 150–200 kg/ha basal + 50–75 kg/ha top-dress at 30 & 60 DAS.
Soybean,Red,14,35,45,NPK 20-20-0,20-20-0,Nitrogen and phosphorus are deficient; potassium is adequate. NPK 20-20-0 targets N & P without excess K.,Apply 120–150 kg/ha at sowing. Supplement with 30 kg/ha urea at tillering stage.
Soybean,Red,26,61,27,NPK 17-17-17,17-17-17,"All three nutrients (N, P, K) are below optimal. Balanced 17-17-17 corrects deficiencies uniformly.",Apply 150–200 kg/ha basal + 50–75 kg/ha top-dress at 30 & 60 DAS.
Sunflower,Sandy,77,27,56,DAP,18-46-0,Phosphorus is severely deficient. DAP delivers high P (46%) essential for root development and energy transfer.,"Apply 80–100 kg/ha as basal dose, 5–10 cm below seed level before planting."
Sunflower,Sandy,58,39,52,Ammonium Sulphate,21-0-0,Nitrogen is moderately low. Ammonium Sulphate provides N + sulphur — ideal for alkaline/sulphur-deficient soils.,Apply 100–150 kg/ha in two splits: at planting and 30–40 DAS.
Sunflower,Sandy,106,16,63,SSP (Single Super Phosphate),0-16-0,Severe phosphorus deficiency. SSP provides P with calcium and sulphur — ideal for legumes and oilseeds.,Apply 200–250 kg/ha as basal dose incorporated into soil before sowing.
Sunflower,Sandy,45,39,13,NPK 13-0-45,13-0-45,High potassium demand with adequate phosphorus. NPK 13-0-45 provides premium K and supplementary N for quality crops.,Apply 100–120 kg/ha: 40% basal + 60% at flowering/fruiting via fertigation.
Sunflower,Sandy,46,43,15,NPK 13-0-45,13-0-45,High potassium demand with adequate phosphorus. NPK 13-0-45 provides premium K and supplementary N for quality crops.,Apply 100–120 kg/ha: 40% basal + 60% at flowering/fruiting via fertigation.
Sunflower,Sandy,64,70,18,MOP (Muriate of Potash),0-0-60,"Potassium is severely deficient. MOP (60% K) improves drought tolerance, disease resistance, and grain quality.",Apply 60–80 kg/ha: 50% basal at sowing + 50% at flowering. Avoid during dry spells.
Sunflower,Sandy,90,37,53,DAP,18-46-0,Phosphorus is severely deficient. DAP delivers high P (46%) essential for root development and energy transfer.,"Apply 80–100 kg/ha as basal dose, 5–10 cm below seed level before planting."
Sunflower,Sandy,42,22,22,NPK 17-17-17,17-17-17,"All three nutrients (N, P, K) are below optimal. Balanced 17-17-17 corrects deficiencies uniformly.",Apply 150–200 kg/ha basal + 50–75 kg/ha top-dress at 30 & 60 DAS.
Sunflower,Sandy,24,23,53,NPK 20-20-0,20-20-0,Nitrogen and phosphorus are deficient; potassium is adequate. NPK 20-20-0 targets N & P without excess K.,Apply 120–150 kg/ha at sowing. Supplement with 30 kg/ha urea at tillering stage.
Sunflower,Sandy,101,63,55,NPK 17-17-17,17-17-17,"All three nutrients (N, P, K) are below optimal. Balanced 17-17-17 corrects deficiencies uniformly.",Apply 150–200 kg/ha basal + 50–75 kg/ha top-dress at 30 & 60 DAS.
Sunflower,Sandy,28,30,31,NPK 17-17-17,17-17-17,"All three nutrients (N, P, K) are below optimal. Balanced 17-17-17 corrects deficiencies uniformly.",Apply 150–200 kg/ha basal + 50–75 kg/ha top-dress at 30 & 60 DAS.
Sunflower,Sandy,41,44,45,Urea,46-0-0,Nitrogen is severely deficient. Urea (46% N) rapidly restores soil nitrogen for vegetative growth.,Apply 100–120 kg/ha split: 50% at sowing + 50% at 30 DAS. Incorporate into moist soil.
Sunflower,Sandy,51,34,64,NPK 20-20-0,20-20-0,Nitrogen and phosphorus are deficient; potassium is adequate. NPK 20-20-0 targets N & P without excess K.,Apply 120–150 kg/ha at sowing. Supplement with 30 kg/ha urea at tillering stage.
Sunflower,Sandy,92,31,69,DAP,18-46-0,Phosphorus is severely deficient. DAP delivers high P (46%) essential for root development and energy transfer.,"Apply 80–100 kg/ha as basal dose, 5–10 cm below seed level before planting."
Sunflower,Sandy,108,32,34,NPK 10-26-26,10-26-26,Phosphorus and potassium are deficient; nitrogen is adequate. NPK 10-26-26 corrects P & K without excess N.,Apply 120–150 kg/ha as basal dose before planting. Ideal for fruiting crops.
Sunflower,Sandy,65,71,67,Ammonium Sulphate,21-0-0,Nitrogen is moderately low. Ammonium Sulphate provides N + sulphur — ideal for alkaline/sulphur-deficient soils.,Apply 100–150 kg/ha in two splits: at planting and 30–40 DAS.
Sunflower,Sandy,27,36,46,NPK 20-20-0,20-20-0,Nitrogen and phosphorus are deficient; potassium is adequate. NPK 20-20-0 targets N & P without excess K.,Apply 120–150 kg/ha at sowing. Supplement with 30 kg/ha urea at tillering stage.
Sunflower,Sandy,65,24,66,SSP (Single Super Phosphate),0-16-0,Severe phosphorus deficiency. SSP provides P with calcium and sulphur — ideal for legumes and oilseeds.,Apply 200–250 kg/ha as basal dose incorporated into soil before sowing.
Sunflower,Sandy,81,64,66,NPK 17-17-17,17-17-17,"All three nutrients (N, P, K) are below optimal. Balanced 17-17-17 corrects deficiencies uniformly.",Apply 150–200 kg/ha basal + 50–75 kg/ha top-dress at 30 & 60 DAS.
Sunflower,Sandy,88,39,50,NPK 17-17-17,17-17-17,"All three nutrients (N, P, K) are below optimal. Balanced 17-17-17 corrects deficiencies uniformly.",Apply 150–200 kg/ha basal + 50–75 kg/ha top-dress at 30 & 60 DAS.
Sunflower,Sandy,33,54,23,NPK 13-0-45,13-0-45,High potassium demand with adequate phosphorus. NPK 13-0-45 provides premium K and supplementary N for quality crops.,Apply 100–120 kg/ha: 40% basal + 60% at flowering/fruiting via fertigation.
Sunflower,Sandy,83,26,19,NPK 10-26-26,10-26-26,Phosphorus and potassium are deficient; nitrogen is adequate. NPK 10-26-26 corrects P & K without excess N.,Apply 120–150 kg/ha as basal dose before planting. Ideal for fruiting crops.
Sunflower,Sandy,33,12,57,NPK 20-20-0,20-20-0,Nitrogen and phosphorus are deficient; potassium is adequate. NPK 20-20-0 targets N & P without excess K.,Apply 120–150 kg/ha at sowing. Supplement with 30 kg/ha urea at tillering stage.
Sunflower,Sandy,87,44,22,MOP (Muriate of Potash),0-0-60,"Potassium is severely deficient. MOP (60% K) improves drought tolerance, disease resistance, and grain quality.",Apply 60–80 kg/ha: 50% basal at sowing + 50% at flowering. Avoid during dry spells.
Sunflower,Sandy,25,13,22,NPK 17-17-17,17-17-17,"All three nutrients (N, P, K) are below optimal. Balanced 17-17-17 corrects deficiencies uniformly.",Apply 150–200 kg/ha basal + 50–75 kg/ha top-dress at 30 & 60 DAS.
Sunflower,Loamy,102,27,34,NPK 10-26-26,10-26-26,Phosphorus and potassium are deficient; nitrogen is adequate. NPK 10-26-26 corrects P & K without excess N.,Apply 120–150 kg/ha as basal dose before planting. Ideal for fruiting crops.
Sunflower,Loamy,27,26,44,NPK 20-20-0,20-20-0,Nitrogen and phosphorus are deficient; potassium is adequate. NPK 20-20-0 targets N & P without excess K.,Apply 120–150 kg/ha at sowing. Supplement with 30 kg/ha urea at tillering stage.
Sunflower,Loamy,75,27,15,NPK 10-26-26,10-26-26,Phosphorus and potassium are deficient; nitrogen is adequate. NPK 10-26-26 corrects P & K without excess N.,Apply 120–150 kg/ha as basal dose before planting. Ideal for fruiting crops.
Sunflower,Loamy,54,26,25,NPK 17-17-17,17-17-17,"All three nutrients (N, P, K) are below optimal. Balanced 17-17-17 corrects deficiencies uniformly.",Apply 150–200 kg/ha basal + 50–75 kg/ha top-dress at 30 & 60 DAS.
Sunflower,Loamy,108,50,47,NPK 17-17-17,17-17-17,"All three nutrients (N, P, K) are below optimal. Balanced 17-17-17 corrects deficiencies uniformly.",Apply 150–200 kg/ha basal + 50–75 kg/ha top-dress at 30 & 60 DAS.
Sunflower,Loamy,57,39,46,Ammonium Sulphate,21-0-0,Nitrogen is moderately low. Ammonium Sulphate provides N + sulphur — ideal for alkaline/sulphur-deficient soils.,Apply 100–150 kg/ha in two splits: at planting and 30–40 DAS.
Sunflower,Loamy,83,56,22,MOP (Muriate of Potash),0-0-60,"Potassium is severely deficient. MOP (60% K) improves drought tolerance, disease resistance, and grain quality.",Apply 60–80 kg/ha: 50% basal at sowing + 50% at flowering. Avoid during dry spells.
Sunflower,Loamy,65,37,66,DAP,18-46-0,Phosphorus is severely deficient. DAP delivers high P (46%) essential for root development and energy transfer.,"Apply 80–100 kg/ha as basal dose, 5–10 cm below seed level before planting."
Sunflower,Loamy,77,45,19,MOP (Muriate of Potash),0-0-60,"Potassium is severely deficient. MOP (60% K) improves drought tolerance, disease resistance, and grain quality.",Apply 60–80 kg/ha: 50% basal at sowing + 50% at flowering. Avoid during dry spells.
Sunflower,Loamy,75,19,33,NPK 10-26-26,10-26-26,Phosphorus and potassium are deficient; nitrogen is adequate. NPK 10-26-26 corrects P & K without excess N.,Apply 120–150 kg/ha as basal dose before planting. Ideal for fruiting crops.
Sunflower,Loamy,31,55,24,NPK 13-0-45,13-0-45,High potassium demand with adequate phosphorus. NPK 13-0-45 provides premium K and supplementary N for quality crops.,Apply 100–120 kg/ha: 40% basal + 60% at flowering/fruiting via fertigation.
Sunflower,Loamy,55,68,24,NPK 13-0-45,13-0-45,High potassium demand with adequate phosphorus. NPK 13-0-45 provides premium K and supplementary N for quality crops.,Apply 100–120 kg/ha: 40% basal + 60% at flowering/fruiting via fertigation.
Sunflower,Loamy,65,38,13,NPK 10-26-26,10-26-26,Phosphorus and potassium are deficient; nitrogen is adequate. NPK 10-26-26 corrects P & K without excess N.,Apply 120–150 kg/ha as basal dose before planting. Ideal for fruiting crops.
Sunflower,Loamy,92,16,41,SSP (Single Super Phosphate),0-16-0,Severe phosphorus deficiency. SSP provides P with calcium and sulphur — ideal for legumes and oilseeds.,Apply 200–250 kg/ha as basal dose incorporated into soil before sowing.
Sunflower,Loamy,70,51,55,Ammonium Sulphate,21-0-0,Nitrogen is moderately low. Ammonium Sulphate provides N + sulphur — ideal for alkaline/sulphur-deficient soils.,Apply 100–150 kg/ha in two splits: at planting and 30–40 DAS.
Sunflower,Loamy,41,12,57,NPK 20-20-0,20-20-0,Nitrogen and phosphorus are deficient; potassium is adequate. NPK 20-20-0 targets N & P without excess K.,Apply 120–150 kg/ha at sowing. Supplement with 30 kg/ha urea at tillering stage.
Sunflower,Loamy,68,64,63,Ammonium Sulphate,21-0-0,Nitrogen is moderately low. Ammonium Sulphate provides N + sulphur — ideal for alkaline/sulphur-deficient soils.,Apply 100–150 kg/ha in two splits: at planting and 30–40 DAS.
Sunflower,Loamy,97,42,33,NPK 13-0-45,13-0-45,High potassium demand with adequate phosphorus. NPK 13-0-45 provides premium K and supplementary N for quality crops.,Apply 100–120 kg/ha: 40% basal + 60% at flowering/fruiting via fertigation.
Sunflower,Loamy,92,40,23,MOP (Muriate of Potash),0-0-60,"Potassium is severely deficient. MOP (60% K) improves drought tolerance, disease resistance, and grain quality.",Apply 60–80 kg/ha: 50% basal at sowing + 50% at flowering. Avoid during dry spells.
Sunflower,Loamy,98,67,41,NPK 17-17-17,17-17-17,"All three nutrients (N, P, K) are below optimal. Balanced 17-17-17 corrects deficiencies uniformly.",Apply 150–200 kg/ha basal + 50–75 kg/ha top-dress at 30 & 60 DAS.
Sunflower,Loamy,25,36,62,NPK 20-20-0,20-20-0,Nitrogen and phosphorus are deficient; potassium is adequate. NPK 20-20-0 targets N & P without excess K.,Apply 120–150 kg/ha at sowing. Supplement with 30 kg/ha urea at tillering stage.
Sunflower,Loamy,103,24,16,NPK 10-26-26,10-26-26,Phosphorus and potassium are deficient; nitrogen is adequate. NPK 10-26-26 corrects P & K without excess N.,Apply 120–150 kg/ha as basal dose before planting. Ideal for fruiting crops.
Sunflower,Loamy,100,36,46,DAP,18-46-0,Phosphorus is severely deficient. DAP delivers high P (46%) essential for root development and energy transfer.,"Apply 80–100 kg/ha as basal dose, 5–10 cm below seed level before planting."
Sunflower,Loamy,109,16,52,SSP (Single Super Phosphate),0-16-0,Severe phosphorus deficiency. SSP provides P with calcium and sulphur — ideal for legumes and oilseeds.,Apply 200–250 kg/ha as basal dose incorporated into soil before sowing.
Sunflower,Loamy,25,35,62,NPK 20-20-0,20-20-0,Nitrogen and phosphorus are deficient; potassium is adequate. NPK 20-20-0 targets N & P without excess K.,Apply 120–150 kg/ha at sowing. Supplement with 30 kg/ha urea at tillering stage.
Sunflower,Clay,58,74,47,Ammonium Sulphate,21-0-0,Nitrogen is moderately low. Ammonium Sulphate provides N + sulphur — ideal for alkaline/sulphur-deficient soils.,Apply 100–150 kg/ha in two splits: at planting and 30–40 DAS.
Sunflower,Clay,48,25,34,NPK 17-17-17,17-17-17,"All three nutrients (N, P, K) are below optimal. Balanced 17-17-17 corrects deficiencies uniformly.",Apply 150–200 kg/ha basal + 50–75 kg/ha top-dress at 30 & 60 DAS.
Sunflower,Clay,53,16,35,NPK 17-17-17,17-17-17,"All three nutrients (N, P, K) are below optimal. Balanced 17-17-17 corrects deficiencies uniformly.",Apply 150–200 kg/ha basal + 50–75 kg/ha top-dress at 30 & 60 DAS.
Sunflower,Clay,61,57,53,Ammonium Sulphate,21-0-0,Nitrogen is moderately low. Ammonium Sulphate provides N + sulphur — ideal for alkaline/sulphur-deficient soils.,Apply 100–150 kg/ha in two splits: at planting and 30–40 DAS.
Sunflower,Clay,84,12,25,NPK 10-26-26,10-26-26,Phosphorus and potassium are deficient; nitrogen is adequate. NPK 10-26-26 corrects P & K without excess N.,Apply 120–150 kg/ha as basal dose before planting. Ideal for fruiting crops.
Sunflower,Clay,80,42,12,MOP (Muriate of Potash),0-0-60,"Potassium is severely deficient. MOP (60% K) improves drought tolerance, disease resistance, and grain quality.",Apply 60–80 kg/ha: 50% basal at sowing + 50% at flowering. Avoid during dry spells.
Sunflower,Clay,94,60,46,NPK 17-17-17,17-17-17,"All three nutrients (N, P, K) are below optimal. Balanced 17-17-17 corrects deficiencies uniformly.",Apply 150–200 kg/ha basal + 50–75 kg/ha top-dress at 30 & 60 DAS.
Sunflower,Clay,24,60,48,Urea,46-0-0,Nitrogen is severely deficient. Urea (46% N) rapidly restores soil nitrogen for vegetative growth.,Apply 100–120 kg/ha split: 50% at sowing + 50% at 30 DAS. Incorporate into moist soil.
Sunflower,Clay,91,59,62,NPK 17-17-17,17-17-17,"All three nutrients (N, P, K) are below optimal. Balanced 17-17-17 corrects deficiencies uniformly.",Apply 150–200 kg/ha basal + 50–75 kg/ha top-dress at 30 & 60 DAS.
Sunflower,Clay,66,20,54,SSP (Single Super Phosphate),0-16-0,Severe phosphorus deficiency. SSP provides P with calcium and sulphur — ideal for legumes and oilseeds.,Apply 200–250 kg/ha as basal dose incorporated into soil before sowing.
Sunflower,Clay,76,58,22,MOP (Muriate of Potash),0-0-60,"Potassium is severely deficient. MOP (60% K) improves drought tolerance, disease resistance, and grain quality.",Apply 60–80 kg/ha: 50% basal at sowing + 50% at flowering. Avoid during dry spells.
Sunflower,Clay,36,68,59,Urea,46-0-0,Nitrogen is severely deficient. Urea (46% N) rapidly restores soil nitrogen for vegetative growth.,Apply 100–120 kg/ha split: 50% at sowing + 50% at 30 DAS. Incorporate into moist soil.
Sunflower,Clay,103,59,49,NPK 17-17-17,17-17-17,"All three nutrients (N, P, K) are below optimal. Balanced 17-17-17 corrects deficiencies uniformly.",Apply 150–200 kg/ha basal + 50–75 kg/ha top-dress at 30 & 60 DAS.
Sunflower,Clay,79,68,48,NPK 17-17-17,17-17-17,"All three nutrients (N, P, K) are below optimal. Balanced 17-17-17 corrects deficiencies uniformly.",Apply 150–200 kg/ha basal + 50–75 kg/ha top-dress at 30 & 60 DAS.
Sunflower,Clay,77,21,41,SSP (Single Super Phosphate),0-16-0,Severe phosphorus deficiency. SSP provides P with calcium and sulphur — ideal for legumes and oilseeds.,Apply 200–250 kg/ha as basal dose incorporated into soil before sowing.
Sunflower,Clay,85,29,24,NPK 10-26-26,10-26-26,Phosphorus and potassium are deficient; nitrogen is adequate. NPK 10-26-26 corrects P & K without excess N.,Apply 120–150 kg/ha as basal dose before planting. Ideal for fruiting crops.
Sunflower,Clay,47,27,25,NPK 17-17-17,17-17-17,"All three nutrients (N, P, K) are below optimal. Balanced 17-17-17 corrects deficiencies uniformly.",Apply 150–200 kg/ha basal + 50–75 kg/ha top-dress at 30 & 60 DAS.
Sunflower,Clay,58,69,43,Ammonium Sulphate,21-0-0,Nitrogen is moderately low. Ammonium Sulphate provides N + sulphur — ideal for alkaline/sulphur-deficient soils.,Apply 100–150 kg/ha in two splits: at planting and 30–40 DAS.
Sunflower,Clay,35,16,55,NPK 20-20-0,20-20-0,Nitrogen and phosphorus are deficient; potassium is adequate. NPK 20-20-0 targets N & P without excess K.,Apply 120–150 kg/ha at sowing. Supplement with 30 kg/ha urea at tillering stage.
Sunflower,Clay,54,63,53,Ammonium Sulphate,21-0-0,Nitrogen is moderately low. Ammonium Sulphate provides N + sulphur — ideal for alkaline/sulphur-deficient soils.,Apply 100–150 kg/ha in two splits: at planting and 30–40 DAS.
Sunflower,Clay,93,29,55,DAP,18-46-0,Phosphorus is severely deficient. DAP delivers high P (46%) essential for root development and energy transfer.,"Apply 80–100 kg/ha as basal dose, 5–10 cm below seed level before planting."
Sunflower,Clay,42,71,52,Urea,46-0-0,Nitrogen is severely deficient. Urea (46% N) rapidly restores soil nitrogen for vegetative growth.,Apply 100–120 kg/ha split: 50% at sowing + 50% at 30 DAS. Incorporate into moist soil.
Sunflower,Clay,48,28,24,NPK 17-17-17,17-17-17,"All three nutrients (N, P, K) are below optimal. Balanced 17-17-17 corrects deficiencies uniformly.",Apply 150–200 kg/ha basal + 50–75 kg/ha top-dress at 30 & 60 DAS.
Sunflower,Clay,83,25,49,SSP (Single Super Phosphate),0-16-0,Severe phosphorus deficiency. SSP provides P with calcium and sulphur — ideal for legumes and oilseeds.,Apply 200–250 kg/ha as basal dose incorporated into soil before sowing.
Sunflower,Clay,43,53,63,Urea,46-0-0,Nitrogen is severely deficient. Urea (46% N) rapidly restores soil nitrogen for vegetative growth.,Apply 100–120 kg/ha split: 50% at sowing + 50% at 30 DAS. Incorporate into moist soil.
Sunflower,Silt,91,59,23,MOP (Muriate of Potash),0-0-60,"Potassium is severely deficient. MOP (60% K) improves drought tolerance, disease resistance, and grain quality.",Apply 60–80 kg/ha: 50% basal at sowing + 50% at flowering. Avoid during dry spells.
Sunflower,Silt,26,56,35,NPK 13-0-45,13-0-45,High potassium demand with adequate phosphorus. NPK 13-0-45 provides premium K and supplementary N for quality crops.,Apply 100–120 kg/ha: 40% basal + 60% at flowering/fruiting via fertigation.
Sunflower,Silt,58,13,28,NPK 17-17-17,17-17-17,"All three nutrients (N, P, K) are below optimal. Balanced 17-17-17 corrects deficiencies uniformly.",Apply 150–200 kg/ha basal + 50–75 kg/ha top-dress at 30 & 60 DAS.
Sunflower,Silt,21,67,27,NPK 13-0-45,13-0-45,High potassium demand with adequate phosphorus. NPK 13-0-45 provides premium K and supplementary N for quality crops.,Apply 100–120 kg/ha: 40% basal + 60% at flowering/fruiting via fertigation.
Sunflower,Silt,70,14,54,SSP (Single Super Phosphate),0-16-0,Severe phosphorus deficiency. SSP provides P with calcium and sulphur — ideal for legumes and oilseeds.,Apply 200–250 kg/ha as basal dose incorporated into soil before sowing.
Sunflower,Silt,48,68,67,Ammonium Sulphate,21-0-0,Nitrogen is moderately low. Ammonium Sulphate provides N + sulphur — ideal for alkaline/sulphur-deficient soils.,Apply 100–150 kg/ha in two splits: at planting and 30–40 DAS.
Sunflower,Silt,48,68,74,Ammonium Sulphate,21-0-0,Nitrogen is moderately low. Ammonium Sulphate provides N + sulphur — ideal for alkaline/sulphur-deficient soils.,Apply 100–150 kg/ha in two splits: at planting and 30–40 DAS.
Sunflower,Silt,96,65,27,NPK 13-0-45,13-0-45,High potassium demand with adequate phosphorus. NPK 13-0-45 provides premium K and supplementary N for quality crops.,Apply 100–120 kg/ha: 40% basal + 60% at flowering/fruiting via fertigation.
Sunflower,Silt,72,16,17,NPK 10-26-26,10-26-26,Phosphorus and potassium are deficient; nitrogen is adequate. NPK 10-26-26 corrects P & K without excess N.,Apply 120–150 kg/ha as basal dose before planting. Ideal for fruiting crops.
Sunflower,Silt,112,32,59,DAP,18-46-0,Phosphorus is severely deficient. DAP delivers high P (46%) essential for root development and energy transfer.,"Apply 80–100 kg/ha as basal dose, 5–10 cm below seed level before planting."
Sunflower,Silt,94,66,74,NPK 17-17-17,17-17-17,"All three nutrients (N, P, K) are below optimal. Balanced 17-17-17 corrects deficiencies uniformly.",Apply 150–200 kg/ha basal + 50–75 kg/ha top-dress at 30 & 60 DAS.
Sunflower,Silt,40,14,37,NPK 17-17-17,17-17-17,"All three nutrients (N, P, K) are below optimal. Balanced 17-17-17 corrects deficiencies uniformly.",Apply 150–200 kg/ha basal + 50–75 kg/ha top-dress at 30 & 60 DAS.
Sunflower,Silt,30,13,34,NPK 17-17-17,17-17-17,"All three nutrients (N, P, K) are below optimal. Balanced 17-17-17 corrects deficiencies uniformly.",Apply 150–200 kg/ha basal + 50–75 kg/ha top-dress at 30 & 60 DAS.
Sunflower,Silt,92,47,31,NPK 13-0-45,13-0-45,High potassium demand with adequate phosphorus. NPK 13-0-45 provides premium K and supplementary N for quality crops.,Apply 100–120 kg/ha: 40% basal + 60% at flowering/fruiting via fertigation.
Sunflower,Silt,79,26,12,NPK 10-26-26,10-26-26,Phosphorus and potassium are deficient; nitrogen is adequate. NPK 10-26-26 corrects P & K without excess N.,Apply 120–150 kg/ha as basal dose before planting. Ideal for fruiting crops.
Sunflower,Silt,90,51,60,NPK 17-17-17,17-17-17,"All three nutrients (N, P, K) are below optimal. Balanced 17-17-17 corrects deficiencies uniformly.",Apply 150–200 kg/ha basal + 50–75 kg/ha top-dress at 30 & 60 DAS.
Sunflower,Silt,21,64,51,Urea,46-0-0,Nitrogen is severely deficient. Urea (46% N) rapidly restores soil nitrogen for vegetative growth.,Apply 100–120 kg/ha split: 50% at sowing + 50% at 30 DAS. Incorporate into moist soil.
Sunflower,Silt,71,51,66,Ammonium Sulphate,21-0-0,Nitrogen is moderately low. Ammonium Sulphate provides N + sulphur — ideal for alkaline/sulphur-deficient soils.,Apply 100–150 kg/ha in two splits: at planting and 30–40 DAS.
Sunflower,Silt,73,48,74,NPK 17-17-17,17-17-17,"All three nutrients (N, P, K) are below optimal. Balanced 17-17-17 corrects deficiencies uniformly.",Apply 150–200 kg/ha basal + 50–75 kg/ha top-dress at 30 & 60 DAS.
Sunflower,Silt,89,39,56,NPK 17-17-17,17-17-17,"All three nutrients (N, P, K) are below optimal. Balanced 17-17-17 corrects deficiencies uniformly.",Apply 150–200 kg/ha basal + 50–75 kg/ha top-dress at 30 & 60 DAS.
Sunflower,Silt,54,26,49,NPK 20-20-0,20-20-0,Nitrogen and phosphorus are deficient; potassium is adequate. NPK 20-20-0 targets N & P without excess K.,Apply 120–150 kg/ha at sowing. Supplement with 30 kg/ha urea at tillering stage.
Sunflower,Silt,105,70,33,NPK 13-0-45,13-0-45,High potassium demand with adequate phosphorus. NPK 13-0-45 provides premium K and supplementary N for quality crops.,Apply 100–120 kg/ha: 40% basal + 60% at flowering/fruiting via fertigation.
Sunflower,Silt,67,25,74,SSP (Single Super Phosphate),0-16-0,Severe phosphorus deficiency. SSP provides P with calcium and sulphur — ideal for legumes and oilseeds.,Apply 200–250 kg/ha as basal dose incorporated into soil before sowing.
Sunflower,Silt,110,52,62,NPK 17-17-17,17-17-17,"All three nutrients (N, P, K) are below optimal. Balanced 17-17-17 corrects deficiencies uniformly.",Apply 150–200 kg/ha basal + 50–75 kg/ha top-dress at 30 & 60 DAS.
Sunflower,Silt,85,49,15,MOP (Muriate of Potash),0-0-60,"Potassium is severely deficient. MOP (60% K) improves drought tolerance, disease resistance, and grain quality.",Apply 60–80 kg/ha: 50% basal at sowing + 50% at flowering. Avoid during dry spells.
Sunflower,Black,60,54,54,Ammonium Sulphate,21-0-0,Nitrogen is moderately low. Ammonium Sulphate provides N + sulphur — ideal for alkaline/sulphur-deficient soils.,Apply 100–150 kg/ha in two splits: at planting and 30–40 DAS.
Sunflower,Black,53,71,22,NPK 13-0-45,13-0-45,High potassium demand with adequate phosphorus. NPK 13-0-45 provides premium K and supplementary N for quality crops.,Apply 100–120 kg/ha: 40% basal + 60% at flowering/fruiting via fertigation.
Sunflower,Black,65,55,55,Ammonium Sulphate,21-0-0,Nitrogen is moderately low. Ammonium Sulphate provides N + sulphur — ideal for alkaline/sulphur-deficient soils.,Apply 100–150 kg/ha in two splits: at planting and 30–40 DAS.
Sunflower,Black,79,29,21,NPK 10-26-26,10-26-26,Phosphorus and potassium are deficient; nitrogen is adequate. NPK 10-26-26 corrects P & K without excess N.,Apply 120–150 kg/ha as basal dose before planting. Ideal for fruiting crops.
Sunflower,Black,78,49,23,MOP (Muriate of Potash),0-0-60,"Potassium is severely deficient. MOP (60% K) improves drought tolerance, disease resistance, and grain quality.",Apply 60–80 kg/ha: 50% basal at sowing + 50% at flowering. Avoid during dry spells.
Sunflower,Black,84,40,54,NPK 17-17-17,17-17-17,"All three nutrients (N, P, K) are below optimal. Balanced 17-17-17 corrects deficiencies uniformly.",Apply 150–200 kg/ha basal + 50–75 kg/ha top-dress at 30 & 60 DAS.
Sunflower,Black,97,22,13,NPK 10-26-26,10-26-26,Phosphorus and potassium are deficient; nitrogen is adequate. NPK 10-26-26 corrects P & K without excess N.,Apply 120–150 kg/ha as basal dose before planting. Ideal for fruiting crops.
Sunflower,Black,91,50,56,NPK 17-17-17,17-17-17,"All three nutrients (N, P, K) are below optimal. Balanced 17-17-17 corrects deficiencies uniformly.",Apply 150–200 kg/ha basal + 50–75 kg/ha top-dress at 30 & 60 DAS.
Sunflower,Black,97,62,72,NPK 17-17-17,17-17-17,"All three nutrients (N, P, K) are below optimal. Balanced 17-17-17 corrects deficiencies uniformly.",Apply 150–200 kg/ha basal + 50–75 kg/ha top-dress at 30 & 60 DAS.
Sunflower,Black,68,42,37,NPK 13-0-45,13-0-45,High potassium demand with adequate phosphorus. NPK 13-0-45 provides premium K and supplementary N for quality crops.,Apply 100–120 kg/ha: 40% basal + 60% at flowering/fruiting via fertigation.
Sunflower,Black,32,48,29,NPK 13-0-45,13-0-45,High potassium demand with adequate phosphorus. NPK 13-0-45 provides premium K and supplementary N for quality crops.,Apply 100–120 kg/ha: 40% basal + 60% at flowering/fruiting via fertigation.
Sunflower,Black,105,48,49,NPK 17-17-17,17-17-17,"All three nutrients (N, P, K) are below optimal. Balanced 17-17-17 corrects deficiencies uniformly.",Apply 150–200 kg/ha basal + 50–75 kg/ha top-dress at 30 & 60 DAS.
Sunflower,Black,51,15,13,NPK 17-17-17,17-17-17,"All three nutrients (N, P, K) are below optimal. Balanced 17-17-17 corrects deficiencies uniformly.",Apply 150–200 kg/ha basal + 50–75 kg/ha top-dress at 30 & 60 DAS.
Sunflower,Black,58,17,50,NPK 20-20-0,20-20-0,Nitrogen and phosphorus are deficient; potassium is adequate. NPK 20-20-0 targets N & P without excess K.,Apply 120–150 kg/ha at sowing. Supplement with 30 kg/ha urea at tillering stage.
Sunflower,Black,101,67,53,NPK 17-17-17,17-17-17,"All three nutrients (N, P, K) are below optimal. Balanced 17-17-17 corrects deficiencies uniformly.",Apply 150–200 kg/ha basal + 50–75 kg/ha top-dress at 30 & 60 DAS.
Sunflower,Black,37,66,67,Urea,46-0-0,Nitrogen is severely deficient. Urea (46% N) rapidly restores soil nitrogen for vegetative growth.,Apply 100–120 kg/ha split: 50% at sowing + 50% at 30 DAS. Incorporate into moist soil.
Sunflower,Black,36,58,30,NPK 13-0-45,13-0-45,High potassium demand with adequate phosphorus. NPK 13-0-45 provides premium K and supplementary N for quality crops.,Apply 100–120 kg/ha: 40% basal + 60% at flowering/fruiting via fertigation.
Sunflower,Black,93,74,13,MOP (Muriate of Potash),0-0-60,"Potassium is severely deficient. MOP (60% K) improves drought tolerance, disease resistance, and grain quality.",Apply 60–80 kg/ha: 50% basal at sowing + 50% at flowering. Avoid during dry spells.
Sunflower,Black,102,51,73,NPK 17-17-17,17-17-17,"All three nutrients (N, P, K) are below optimal. Balanced 17-17-17 corrects deficiencies uniformly.",Apply 150–200 kg/ha basal + 50–75 kg/ha top-dress at 30 & 60 DAS.
Sunflower,Black,61,65,15,MOP (Muriate of Potash),0-0-60,"Potassium is severely deficient. MOP (60% K) improves drought tolerance, disease resistance, and grain quality.",Apply 60–80 kg/ha: 50% basal at sowing + 50% at flowering. Avoid during dry spells.
Sunflower,Black,49,16,73,NPK 20-20-0,20-20-0,Nitrogen and phosphorus are deficient; potassium is adequate. NPK 20-20-0 targets N & P without excess K.,Apply 120–150 kg/ha at sowing. Supplement with 30 kg/ha urea at tillering stage.
Sunflower,Black,95,65,71,NPK 17-17-17,17-17-17,"All three nutrients (N, P, K) are below optimal. Balanced 17-17-17 corrects deficiencies uniformly.",Apply 150–200 kg/ha basal + 50–75 kg/ha top-dress at 30 & 60 DAS.
Sunflower,Black,26,36,16,NPK 17-17-17,17-17-17,"All three nutrients (N, P, K) are below optimal. Balanced 17-17-17 corrects deficiencies uniformly.",Apply 150–200 kg/ha basal + 50–75 kg/ha top-dress at 30 & 60 DAS.
Sunflower,Black,37,26,41,NPK 20-20-0,20-20-0,Nitrogen and phosphorus are deficient; potassium is adequate. NPK 20-20-0 targets N & P without excess K.,Apply 120–150 kg/ha at sowing. Supplement with 30 kg/ha urea at tillering stage.
Sunflower,Black,43,18,22,NPK 17-17-17,17-17-17,"All three nutrients (N, P, K) are below optimal. Balanced 17-17-17 corrects deficiencies uniformly.",Apply 150–200 kg/ha basal + 50–75 kg/ha top-dress at 30 & 60 DAS.
Sunflower,Red,31,73,59,Urea,46-0-0,Nitrogen is severely deficient. Urea (46% N) rapidly restores soil nitrogen for vegetative growth.,Apply 100–120 kg/ha split: 50% at sowing + 50% at 30 DAS. Incorporate into moist soil.
Sunflower,Red,109,39,29,NPK 13-0-45,13-0-45,High potassium demand with adequate phosphorus. NPK 13-0-45 provides premium K and supplementary N for quality crops.,Apply 100–120 kg/ha: 40% basal + 60% at flowering/fruiting via fertigation.
Sunflower,Red,93,32,30,NPK 10-26-26,10-26-26,Phosphorus and potassium are deficient; nitrogen is adequate. NPK 10-26-26 corrects P & K without excess N.,Apply 120–150 kg/ha as basal dose before planting. Ideal for fruiting crops.
Sunflower,Red,39,20,28,NPK 17-17-17,17-17-17,"All three nutrients (N, P, K) are below optimal. Balanced 17-17-17 corrects deficiencies uniformly.",Apply 150–200 kg/ha basal + 50–75 kg/ha top-dress at 30 & 60 DAS.
Sunflower,Red,51,54,15,NPK 13-0-45,13-0-45,High potassium demand with adequate phosphorus. NPK 13-0-45 provides premium K and supplementary N for quality crops.,Apply 100–120 kg/ha: 40% basal + 60% at flowering/fruiting via fertigation.
Sunflower,Red,37,62,21,NPK 13-0-45,13-0-45,High potassium demand with adequate phosphorus. NPK 13-0-45 provides premium K and supplementary N for quality crops.,Apply 100–120 kg/ha: 40% basal + 60% at flowering/fruiting via fertigation.
Sunflower,Red,50,66,21,NPK 13-0-45,13-0-45,High potassium demand with adequate phosphorus. NPK 13-0-45 provides premium K and supplementary N for quality crops.,Apply 100–120 kg/ha: 40% basal + 60% at flowering/fruiting via fertigation.
Sunflower,Red,25,42,31,NPK 13-0-45,13-0-45,High potassium demand with adequate phosphorus. NPK 13-0-45 provides premium K and supplementary N for quality crops.,Apply 100–120 kg/ha: 40% basal + 60% at flowering/fruiting via fertigation.
Sunflower,Red,71,62,20,MOP (Muriate of Potash),0-0-60,"Potassium is severely deficient. MOP (60% K) improves drought tolerance, disease resistance, and grain quality.",Apply 60–80 kg/ha: 50% basal at sowing + 50% at flowering. Avoid during dry spells.
Sunflower,Red,72,43,21,MOP (Muriate of Potash),0-0-60,"Potassium is severely deficient. MOP (60% K) improves drought tolerance, disease resistance, and grain quality.",Apply 60–80 kg/ha: 50% basal at sowing + 50% at flowering. Avoid during dry spells.
Sunflower,Red,76,29,42,DAP,18-46-0,Phosphorus is severely deficient. DAP delivers high P (46%) essential for root development and energy transfer.,"Apply 80–100 kg/ha as basal dose, 5–10 cm below seed level before planting."
Sunflower,Red,25,40,31,NPK 13-0-45,13-0-45,High potassium demand with adequate phosphorus. NPK 13-0-45 provides premium K and supplementary N for quality crops.,Apply 100–120 kg/ha: 40% basal + 60% at flowering/fruiting via fertigation.
Sunflower,Red,95,15,38,NPK 10-26-26,10-26-26,Phosphorus and potassium are deficient; nitrogen is adequate. NPK 10-26-26 corrects P & K without excess N.,Apply 120–150 kg/ha as basal dose before planting. Ideal for fruiting crops.
Sunflower,Red,61,57,48,Ammonium Sulphate,21-0-0,Nitrogen is moderately low. Ammonium Sulphate provides N + sulphur — ideal for alkaline/sulphur-deficient soils.,Apply 100–150 kg/ha in two splits: at planting and 30–40 DAS.
Sunflower,Red,81,60,66,NPK 17-17-17,17-17-17,"All three nutrients (N, P, K) are below optimal. Balanced 17-17-17 corrects deficiencies uniformly.",Apply 150–200 kg/ha basal + 50–75 kg/ha top-dress at 30 & 60 DAS.
Sunflower,Red,47,45,64,Ammonium Sulphate,21-0-0,Nitrogen is moderately low. Ammonium Sulphate provides N + sulphur — ideal for alkaline/sulphur-deficient soils.,Apply 100–150 kg/ha in two splits: at planting and 30–40 DAS.
Sunflower,Red,111,68,35,NPK 13-0-45,13-0-45,High potassium demand with adequate phosphorus. NPK 13-0-45 provides premium K and supplementary N for quality crops.,Apply 100–120 kg/ha: 40% basal + 60% at flowering/fruiting via fertigation.
Sunflower,Red,36,42,58,Urea,46-0-0,Nitrogen is severely deficient. Urea (46% N) rapidly restores soil nitrogen for vegetative growth.,Apply 100–120 kg/ha split: 50% at sowing + 50% at 30 DAS. Incorporate into moist soil.
Sunflower,Red,64,42,64,NPK 17-17-17,17-17-17,"All three nutrients (N, P, K) are below optimal. Balanced 17-17-17 corrects deficiencies uniformly.",Apply 150–200 kg/ha basal + 50–75 kg/ha top-dress at 30 & 60 DAS.
Sunflower,Red,52,66,37,NPK 13-0-45,13-0-45,High potassium demand with adequate phosphorus. NPK 13-0-45 provides premium K and supplementary N for quality crops.,Apply 100–120 kg/ha: 40% basal + 60% at flowering/fruiting via fertigation.
Sunflower,Red,49,40,60,Ammonium Sulphate,21-0-0,Nitrogen is moderately low. Ammonium Sulphate provides N + sulphur — ideal for alkaline/sulphur-deficient soils.,Apply 100–150 kg/ha in two splits: at planting and 30–40 DAS.
Sunflower,Red,29,24,71,NPK 20-20-0,20-20-0,Nitrogen and phosphorus are deficient; potassium is adequate. NPK 20-20-0 targets N & P without excess K.,Apply 120–150 kg/ha at sowing. Supplement with 30 kg/ha urea at tillering stage.
Sunflower,Red,34,47,48,Urea,46-0-0,Nitrogen is severely deficient. Urea (46% N) rapidly restores soil nitrogen for vegetative growth.,Apply 100–120 kg/ha split: 50% at sowing + 50% at 30 DAS. Incorporate into moist soil.
Sunflower,Red,64,52,26,MOP (Muriate of Potash),0-0-60,"Potassium is severely deficient. MOP (60% K) improves drought tolerance, disease resistance, and grain quality.",Apply 60–80 kg/ha: 50% basal at sowing + 50% at flowering. Avoid during dry spells.
Sunflower,Red,70,35,53,DAP,18-46-0,Phosphorus is severely deficient. DAP delivers high P (46%) essential for root development and energy transfer.,"Apply 80–100 kg/ha as basal dose, 5–10 cm below seed level before planting."
Potato,Sandy,41,47,59,NPK 13-0-45,13-0-45,High potassium demand with adequate phosphorus. NPK 13-0-45 provides premium K and supplementary N for quality crops.,Apply 100–120 kg/ha: 40% basal + 60% at flowering/fruiting via fertigation.
Potato,Sandy,59,25,58,NPK 17-17-17,17-17-17,"All three nutrients (N, P, K) are below optimal. Balanced 17-17-17 corrects deficiencies uniformly.",Apply 150–200 kg/ha basal + 50–75 kg/ha top-dress at 30 & 60 DAS.
Potato,Sandy,128,29,176,DAP,18-46-0,Phosphorus is severely deficient. DAP delivers high P (46%) essential for root development and energy transfer.,"Apply 80–100 kg/ha as basal dose, 5–10 cm below seed level before planting."
Potato,Sandy,146,47,52,MOP (Muriate of Potash),0-0-60,"Potassium is severely deficient. MOP (60% K) improves drought tolerance, disease resistance, and grain quality.",Apply 60–80 kg/ha: 50% basal at sowing + 50% at flowering. Avoid during dry spells.
Potato,Sandy,71,62,87,NPK 13-0-45,13-0-45,High potassium demand with adequate phosphorus. NPK 13-0-45 provides premium K and supplementary N for quality crops.,Apply 100–120 kg/ha: 40% basal + 60% at flowering/fruiting via fertigation.
Potato,Sandy,34,47,163,Urea,46-0-0,Nitrogen is severely deficient. Urea (46% N) rapidly restores soil nitrogen for vegetative growth.,Apply 100–120 kg/ha split: 50% at sowing + 50% at 30 DAS. Incorporate into moist soil.
Potato,Sandy,124,23,135,SSP (Single Super Phosphate),0-16-0,Severe phosphorus deficiency. SSP provides P with calcium and sulphur — ideal for legumes and oilseeds.,Apply 200–250 kg/ha as basal dose incorporated into soil before sowing.
Potato,Sandy,51,25,167,NPK 20-20-0,20-20-0,Nitrogen and phosphorus are deficient; potassium is adequate. NPK 20-20-0 targets N & P without excess K.,Apply 120–150 kg/ha at sowing. Supplement with 30 kg/ha urea at tillering stage.
Potato,Sandy,55,28,30,NPK 17-17-17,17-17-17,"All three nutrients (N, P, K) are below optimal. Balanced 17-17-17 corrects deficiencies uniformly.",Apply 150–200 kg/ha basal + 50–75 kg/ha top-dress at 30 & 60 DAS.
Potato,Sandy,133,61,128,NPK 17-17-17,17-17-17,"All three nutrients (N, P, K) are below optimal. Balanced 17-17-17 corrects deficiencies uniformly.",Apply 150–200 kg/ha basal + 50–75 kg/ha top-dress at 30 & 60 DAS.
Potato,Sandy,118,21,102,SSP (Single Super Phosphate),0-16-0,Severe phosphorus deficiency. SSP provides P with calcium and sulphur — ideal for legumes and oilseeds.,Apply 200–250 kg/ha as basal dose incorporated into soil before sowing.
Potato,Sandy,68,17,106,NPK 20-20-0,20-20-0,Nitrogen and phosphorus are deficient; potassium is adequate. NPK 20-20-0 targets N & P without excess K.,Apply 120–150 kg/ha at sowing. Supplement with 30 kg/ha urea at tillering stage.
Potato,Sandy,140,14,75,NPK 10-26-26,10-26-26,Phosphorus and potassium are deficient; nitrogen is adequate. NPK 10-26-26 corrects P & K without excess N.,Apply 120–150 kg/ha as basal dose before planting. Ideal for fruiting crops.
Potato,Sandy,50,27,173,NPK 20-20-0,20-20-0,Nitrogen and phosphorus are deficient; potassium is adequate. NPK 20-20-0 targets N & P without excess K.,Apply 120–150 kg/ha at sowing. Supplement with 30 kg/ha urea at tillering stage.
Potato,Sandy,82,41,149,NPK 17-17-17,17-17-17,"All three nutrients (N, P, K) are below optimal. Balanced 17-17-17 corrects deficiencies uniformly.",Apply 150–200 kg/ha basal + 50–75 kg/ha top-dress at 30 & 60 DAS.
Potato,Sandy,43,42,97,NPK 13-0-45,13-0-45,High potassium demand with adequate phosphorus. NPK 13-0-45 provides premium K and supplementary N for quality crops.,Apply 100–120 kg/ha: 40% basal + 60% at flowering/fruiting via fertigation.
Potato,Sandy,99,74,151,NPK 17-17-17,17-17-17,"All three nutrients (N, P, K) are below optimal. Balanced 17-17-17 corrects deficiencies uniformly.",Apply 150–200 kg/ha basal + 50–75 kg/ha top-dress at 30 & 60 DAS.
Potato,Sandy,74,64,56,NPK 13-0-45,13-0-45,High potassium demand with adequate phosphorus. NPK 13-0-45 provides premium K and supplementary N for quality crops.,Apply 100–120 kg/ha: 40% basal + 60% at flowering/fruiting via fertigation.
Potato,Sandy,27,24,83,NPK 17-17-17,17-17-17,"All three nutrients (N, P, K) are below optimal. Balanced 17-17-17 corrects deficiencies uniformly.",Apply 150–200 kg/ha basal + 50–75 kg/ha top-dress at 30 & 60 DAS.
Potato,Sandy,88,50,173,Ammonium Sulphate,21-0-0,Nitrogen is moderately low. Ammonium Sulphate provides N + sulphur — ideal for alkaline/sulphur-deficient soils.,Apply 100–150 kg/ha in two splits: at planting and 30–40 DAS.
Potato,Sandy,88,43,37,MOP (Muriate of Potash),0-0-60,"Potassium is severely deficient. MOP (60% K) improves drought tolerance, disease resistance, and grain quality.",Apply 60–80 kg/ha: 50% basal at sowing + 50% at flowering. Avoid during dry spells.
Potato,Sandy,28,46,99,Urea,46-0-0,Nitrogen is severely deficient. Urea (46% N) rapidly restores soil nitrogen for vegetative growth.,Apply 100–120 kg/ha split: 50% at sowing + 50% at 30 DAS. Incorporate into moist soil.
Potato,Sandy,129,22,33,NPK 10-26-26,10-26-26,Phosphorus and potassium are deficient; nitrogen is adequate. NPK 10-26-26 corrects P & K without excess N.,Apply 120–150 kg/ha as basal dose before planting. Ideal for fruiting crops.
Potato,Sandy,80,26,37,NPK 10-26-26,10-26-26,Phosphorus and potassium are deficient; nitrogen is adequate. NPK 10-26-26 corrects P & K without excess N.,Apply 120–150 kg/ha as basal dose before planting. Ideal for fruiting crops.
Potato,Sandy,115,19,125,SSP (Single Super Phosphate),0-16-0,Severe phosphorus deficiency. SSP provides P with calcium and sulphur — ideal for legumes and oilseeds.,Apply 200–250 kg/ha as basal dose incorporated into soil before sowing.
Potato,Loamy,59,22,89,NPK 17-17-17,17-17-17,"All three nutrients (N, P, K) are below optimal. Balanced 17-17-17 corrects deficiencies uniformly.",Apply 150–200 kg/ha basal + 50–75 kg/ha top-dress at 30 & 60 DAS.
Potato,Loamy,124,36,148,DAP,18-46-0,Phosphorus is severely deficient. DAP delivers high P (46%) essential for root development and energy transfer.,"Apply 80–100 kg/ha as basal dose, 5–10 cm below seed level before planting."
Potato,Loamy,39,60,67,NPK 13-0-45,13-0-45,High potassium demand with adequate phosphorus. NPK 13-0-45 provides premium K and supplementary N for quality crops.,Apply 100–120 kg/ha: 40% basal + 60% at flowering/fruiting via fertigation.
Potato,Loamy,109,47,176,NPK 17-17-17,17-17-17,"All three nutrients (N, P, K) are below optimal. Balanced 17-17-17 corrects deficiencies uniformly.",Apply 150–200 kg/ha basal + 50–75 kg/ha top-dress at 30 & 60 DAS.
Potato,Loamy,72,16,33,NPK 17-17-17,17-17-17,"All three nutrients (N, P, K) are below optimal. Balanced 17-17-17 corrects deficiencies uniformly.",Apply 150–200 kg/ha basal + 50–75 kg/ha top-dress at 30 & 60 DAS.
Potato,Loamy,128,45,152,NPK 17-17-17,17-17-17,"All three nutrients (N, P, K) are below optimal. Balanced 17-17-17 corrects deficiencies uniformly.",Apply 150–200 kg/ha basal + 50–75 kg/ha top-dress at 30 & 60 DAS.
Potato,Loamy,53,33,34,NPK 17-17-17,17-17-17,"All three nutrients (N, P, K) are below optimal. Balanced 17-17-17 corrects deficiencies uniformly.",Apply 150–200 kg/ha basal + 50–75 kg/ha top-dress at 30 & 60 DAS.
Potato,Loamy,145,54,176,NPK 17-17-17,17-17-17,"All three nutrients (N, P, K) are below optimal. Balanced 17-17-17 corrects deficiencies uniformly.",Apply 150–200 kg/ha basal + 50–75 kg/ha top-dress at 30 & 60 DAS.
Potato,Loamy,57,50,136,Urea,46-0-0,Nitrogen is severely deficient. Urea (46% N) rapidly restores soil nitrogen for vegetative growth.,Apply 100–120 kg/ha split: 50% at sowing + 50% at 30 DAS. Incorporate into moist soil.
Potato,Loamy,64,65,179,Ammonium Sulphate,21-0-0,Nitrogen is moderately low. Ammonium Sulphate provides N + sulphur — ideal for alkaline/sulphur-deficient soils.,Apply 100–150 kg/ha in two splits: at planting and 30–40 DAS.
Potato,Loamy,135,58,73,NPK 13-0-45,13-0-45,High potassium demand with adequate phosphorus. NPK 13-0-45 provides premium K and supplementary N for quality crops.,Apply 100–120 kg/ha: 40% basal + 60% at flowering/fruiting via fertigation.
Potato,Loamy,59,72,31,NPK 13-0-45,13-0-45,High potassium demand with adequate phosphorus. NPK 13-0-45 provides premium K and supplementary N for quality crops.,Apply 100–120 kg/ha: 40% basal + 60% at flowering/fruiting via fertigation.
Potato,Loamy,114,56,128,NPK 17-17-17,17-17-17,"All three nutrients (N, P, K) are below optimal. Balanced 17-17-17 corrects deficiencies uniformly.",Apply 150–200 kg/ha basal + 50–75 kg/ha top-dress at 30 & 60 DAS.
Potato,Loamy,148,31,83,NPK 10-26-26,10-26-26,Phosphorus and potassium are deficient; nitrogen is adequate. NPK 10-26-26 corrects P & K without excess N.,Apply 120–150 kg/ha as basal dose before planting. Ideal for fruiting crops.
Potato,Loamy,33,39,71,NPK 13-0-45,13-0-45,High potassium demand with adequate phosphorus. NPK 13-0-45 provides premium K and supplementary N for quality crops.,Apply 100–120 kg/ha: 40% basal + 60% at flowering/fruiting via fertigation.
Potato,Loamy,67,64,177,Ammonium Sulphate,21-0-0,Nitrogen is moderately low. Ammonium Sulphate provides N + sulphur — ideal for alkaline/sulphur-deficient soils.,Apply 100–150 kg/ha in two splits: at planting and 30–40 DAS.
Potato,Loamy,47,35,176,NPK 20-20-0,20-20-0,Nitrogen and phosphorus are deficient; potassium is adequate. NPK 20-20-0 targets N & P without excess K.,Apply 120–150 kg/ha at sowing. Supplement with 30 kg/ha urea at tillering stage.
Potato,Loamy,31,17,55,NPK 17-17-17,17-17-17,"All three nutrients (N, P, K) are below optimal. Balanced 17-17-17 corrects deficiencies uniformly.",Apply 150–200 kg/ha basal + 50–75 kg/ha top-dress at 30 & 60 DAS.
Potato,Loamy,98,21,182,SSP (Single Super Phosphate),0-16-0,Severe phosphorus deficiency. SSP provides P with calcium and sulphur — ideal for legumes and oilseeds.,Apply 200–250 kg/ha as basal dose incorporated into soil before sowing.
Potato,Loamy,80,43,68,NPK 13-0-45,13-0-45,High potassium demand with adequate phosphorus. NPK 13-0-45 provides premium K and supplementary N for quality crops.,Apply 100–120 kg/ha: 40% basal + 60% at flowering/fruiting via fertigation.
Potato,Loamy,83,53,148,Ammonium Sulphate,21-0-0,Nitrogen is moderately low. Ammonium Sulphate provides N + sulphur — ideal for alkaline/sulphur-deficient soils.,Apply 100–150 kg/ha in two splits: at planting and 30–40 DAS.
Potato,Loamy,118,48,172,NPK 17-17-17,17-17-17,"All three nutrients (N, P, K) are below optimal. Balanced 17-17-17 corrects deficiencies uniformly.",Apply 150–200 kg/ha basal + 50–75 kg/ha top-dress at 30 & 60 DAS.
Potato,Loamy,126,59,38,MOP (Muriate of Potash),0-0-60,"Potassium is severely deficient. MOP (60% K) improves drought tolerance, disease resistance, and grain quality.",Apply 60–80 kg/ha: 50% basal at sowing + 50% at flowering. Avoid during dry spells.
Potato,Loamy,24,25,134,NPK 20-20-0,20-20-0,Nitrogen and phosphorus are deficient; potassium is adequate. NPK 20-20-0 targets N & P without excess K.,Apply 120–150 kg/ha at sowing. Supplement with 30 kg/ha urea at tillering stage.
Potato,Loamy,75,37,169,NPK 20-20-0,20-20-0,Nitrogen and phosphorus are deficient; potassium is adequate. NPK 20-20-0 targets N & P without excess K.,Apply 120–150 kg/ha at sowing. Supplement with 30 kg/ha urea at tillering stage.
Potato,Clay,136,69,79,NPK 13-0-45,13-0-45,High potassium demand with adequate phosphorus. NPK 13-0-45 provides premium K and supplementary N for quality crops.,Apply 100–120 kg/ha: 40% basal + 60% at flowering/fruiting via fertigation.
Potato,Clay,111,29,60,NPK 10-26-26,10-26-26,Phosphorus and potassium are deficient; nitrogen is adequate. NPK 10-26-26 corrects P & K without excess N.,Apply 120–150 kg/ha as basal dose before planting. Ideal for fruiting crops.
Potato,Clay,47,33,97,NPK 17-17-17,17-17-17,"All three nutrients (N, P, K) are below optimal. Balanced 17-17-17 corrects deficiencies uniformly.",Apply 150–200 kg/ha basal + 50–75 kg/ha top-dress at 30 & 60 DAS.
Potato,Clay,128,19,145,SSP (Single Super Phosphate),0-16-0,Severe phosphorus deficiency. SSP provides P with calcium and sulphur — ideal for legumes and oilseeds.,Apply 200–250 kg/ha as basal dose incorporated into soil before sowing.
Potato,Clay,90,30,107,DAP,18-46-0,Phosphorus is severely deficient. DAP delivers high P (46%) essential for root development and energy transfer.,"Apply 80–100 kg/ha as basal dose, 5–10 cm below seed level before planting."
Potato,Clay,61,49,98,Ammonium Sulphate,21-0-0,Nitrogen is moderately low. Ammonium Sulphate provides N + sulphur — ideal for alkaline/sulphur-deficient soils.,Apply 100–150 kg/ha in two splits: at planting and 30–40 DAS.
Potato,Clay,44,19,116,NPK 20-20-0,20-20-0,Nitrogen and phosphorus are deficient; potassium is adequate. NPK 20-20-0 targets N & P without excess K.,Apply 120–150 kg/ha at sowing. Supplement with 30 kg/ha urea at tillering stage.
Potato,Clay,137,33,145,DAP,18-46-0,Phosphorus is severely deficient. DAP delivers high P (46%) essential for root development and energy transfer.,"Apply 80–100 kg/ha as basal dose, 5–10 cm below seed level before planting."
Potato,Clay,106,70,159,NPK 17-17-17,17-17-17,"All three nutrients (N, P, K) are below optimal. Balanced 17-17-17 corrects deficiencies uniformly.",Apply 150–200 kg/ha basal + 50–75 kg/ha top-dress at 30 & 60 DAS.
Potato,Clay,95,53,171,Ammonium Sulphate,21-0-0,Nitrogen is moderately low. Ammonium Sulphate provides N + sulphur — ideal for alkaline/sulphur-deficient soils.,Apply 100–150 kg/ha in two splits: at planting and 30–40 DAS.
Potato,Clay,74,32,31,NPK 17-17-17,17-17-17,"All three nutrients (N, P, K) are below optimal. Balanced 17-17-17 corrects deficiencies uniformly.",Apply 150–200 kg/ha basal + 50–75 kg/ha top-dress at 30 & 60 DAS.
Potato,Clay,128,62,46,MOP (Muriate of Potash),0-0-60,"Potassium is severely deficient. MOP (60% K) improves drought tolerance, disease resistance, and grain quality.",Apply 60–80 kg/ha: 50% basal at sowing + 50% at flowering. Avoid during dry spells.
Potato,Clay,96,41,48,MOP (Muriate of Potash),0-0-60,"Potassium is severely deficient. MOP (60% K) improves drought tolerance, disease resistance, and grain quality.",Apply 60–80 kg/ha: 50% basal at sowing + 50% at flowering. Avoid during dry spells.
Potato,Clay,147,25,40,NPK 10-26-26,10-26-26,Phosphorus and potassium are deficient; nitrogen is adequate. NPK 10-26-26 corrects P & K without excess N.,Apply 120–150 kg/ha as basal dose before planting. Ideal for fruiting crops.
Potato,Clay,98,58,35,MOP (Muriate of Potash),0-0-60,"Potassium is severely deficient. MOP (60% K) improves drought tolerance, disease resistance, and grain quality.",Apply 60–80 kg/ha: 50% basal at sowing + 50% at flowering. Avoid during dry spells.
Potato,Clay,106,45,46,MOP (Muriate of Potash),0-0-60,"Potassium is severely deficient. MOP (60% K) improves drought tolerance, disease resistance, and grain quality.",Apply 60–80 kg/ha: 50% basal at sowing + 50% at flowering. Avoid during dry spells.
Potato,Clay,45,47,76,NPK 13-0-45,13-0-45,High potassium demand with adequate phosphorus. NPK 13-0-45 provides premium K and supplementary N for quality crops.,Apply 100–120 kg/ha: 40% basal + 60% at flowering/fruiting via fertigation.
Potato,Clay,142,63,184,NPK 17-17-17,17-17-17,"All three nutrients (N, P, K) are below optimal. Balanced 17-17-17 corrects deficiencies uniformly.",Apply 150–200 kg/ha basal + 50–75 kg/ha top-dress at 30 & 60 DAS.
Potato,Clay,56,73,97,NPK 13-0-45,13-0-45,High potassium demand with adequate phosphorus. NPK 13-0-45 provides premium K and supplementary N for quality crops.,Apply 100–120 kg/ha: 40% basal + 60% at flowering/fruiting via fertigation.
Potato,Clay,67,15,38,NPK 17-17-17,17-17-17,"All three nutrients (N, P, K) are below optimal. Balanced 17-17-17 corrects deficiencies uniformly.",Apply 150–200 kg/ha basal + 50–75 kg/ha top-dress at 30 & 60 DAS.
Potato,Clay,111,40,65,MOP (Muriate of Potash),0-0-60,"Potassium is severely deficient. MOP (60% K) improves drought tolerance, disease resistance, and grain quality.",Apply 60–80 kg/ha: 50% basal at sowing + 50% at flowering. Avoid during dry spells.
Potato,Clay,101,27,120,DAP,18-46-0,Phosphorus is severely deficient. DAP delivers high P (46%) essential for root development and energy transfer.,"Apply 80–100 kg/ha as basal dose, 5–10 cm below seed level before planting."
Potato,Clay,69,63,159,Ammonium Sulphate,21-0-0,Nitrogen is moderately low. Ammonium Sulphate provides N + sulphur — ideal for alkaline/sulphur-deficient soils.,Apply 100–150 kg/ha in two splits: at planting and 30–40 DAS.
Potato,Clay,84,34,87,NPK 10-26-26,10-26-26,Phosphorus and potassium are deficient; nitrogen is adequate. NPK 10-26-26 corrects P & K without excess N.,Apply 120–150 kg/ha as basal dose before planting. Ideal for fruiting crops.
Potato,Clay,125,32,62,NPK 10-26-26,10-26-26,Phosphorus and potassium are deficient; nitrogen is adequate. NPK 10-26-26 corrects P & K without excess N.,Apply 120–150 kg/ha as basal dose before planting. Ideal for fruiting crops.
Potato,Silt,34,41,105,Urea,46-0-0,Nitrogen is severely deficient. Urea (46% N) rapidly restores soil nitrogen for vegetative growth.,Apply 100–120 kg/ha split: 50% at sowing + 50% at 30 DAS. Incorporate into moist soil.
Potato,Silt,129,25,90,NPK 10-26-26,10-26-26,Phosphorus and potassium are deficient; nitrogen is adequate. NPK 10-26-26 corrects P & K without excess N.,Apply 120–150 kg/ha as basal dose before planting. Ideal for fruiting crops.
Potato,Silt,125,63,90,NPK 13-0-45,13-0-45,High potassium demand with adequate phosphorus. NPK 13-0-45 provides premium K and supplementary N for quality crops.,Apply 100–120 kg/ha: 40% basal + 60% at flowering/fruiting via fertigation.
Potato,Silt,81,31,176,DAP,18-46-0,Phosphorus is severely deficient. DAP delivers high P (46%) essential for root development and energy transfer.,"Apply 80–100 kg/ha as basal dose, 5–10 cm below seed level before planting."
Potato,Silt,38,70,137,Urea,46-0-0,Nitrogen is severely deficient. Urea (46% N) rapidly restores soil nitrogen for vegetative growth.,Apply 100–120 kg/ha split: 50% at sowing + 50% at 30 DAS. Incorporate into moist soil.
Potato,Silt,90,14,104,SSP (Single Super Phosphate),0-16-0,Severe phosphorus deficiency. SSP provides P with calcium and sulphur — ideal for legumes and oilseeds.,Apply 200–250 kg/ha as basal dose incorporated into soil before sowing.
Potato,Silt,75,22,133,NPK 20-20-0,20-20-0,Nitrogen and phosphorus are deficient; potassium is adequate. NPK 20-20-0 targets N & P without excess K.,Apply 120–150 kg/ha at sowing. Supplement with 30 kg/ha urea at tillering stage.
Potato,Silt,146,47,142,NPK 17-17-17,17-17-17,"All three nutrients (N, P, K) are below optimal. Balanced 17-17-17 corrects deficiencies uniformly.",Apply 150–200 kg/ha basal + 50–75 kg/ha top-dress at 30 & 60 DAS.
Potato,Silt,32,38,48,NPK 17-17-17,17-17-17,"All three nutrients (N, P, K) are below optimal. Balanced 17-17-17 corrects deficiencies uniformly.",Apply 150–200 kg/ha basal + 50–75 kg/ha top-dress at 30 & 60 DAS.
Potato,Silt,101,71,134,NPK 17-17-17,17-17-17,"All three nutrients (N, P, K) are below optimal. Balanced 17-17-17 corrects deficiencies uniformly.",Apply 150–200 kg/ha basal + 50–75 kg/ha top-dress at 30 & 60 DAS.
Potato,Silt,33,34,116,NPK 20-20-0,20-20-0,Nitrogen and phosphorus are deficient; potassium is adequate. NPK 20-20-0 targets N & P without excess K.,Apply 120–150 kg/ha at sowing. Supplement with 30 kg/ha urea at tillering stage.
Potato,Silt,74,64,158,Ammonium Sulphate,21-0-0,Nitrogen is moderately low. Ammonium Sulphate provides N + sulphur — ideal for alkaline/sulphur-deficient soils.,Apply 100–150 kg/ha in two splits: at planting and 30–40 DAS.
Potato,Silt,101,35,70,NPK 10-26-26,10-26-26,Phosphorus and potassium are deficient; nitrogen is adequate. NPK 10-26-26 corrects P & K without excess N.,Apply 120–150 kg/ha as basal dose before planting. Ideal for fruiting crops.
Potato,Silt,37,34,95,NPK 17-17-17,17-17-17,"All three nutrients (N, P, K) are below optimal. Balanced 17-17-17 corrects deficiencies uniformly.",Apply 150–200 kg/ha basal + 50–75 kg/ha top-dress at 30 & 60 DAS.
Potato,Silt,109,53,41,MOP (Muriate of Potash),0-0-60,"Potassium is severely deficient. MOP (60% K) improves drought tolerance, disease resistance, and grain quality.",Apply 60–80 kg/ha: 50% basal at sowing + 50% at flowering. Avoid during dry spells.
Potato,Silt,73,23,54,NPK 17-17-17,17-17-17,"All three nutrients (N, P, K) are below optimal. Balanced 17-17-17 corrects deficiencies uniformly.",Apply 150–200 kg/ha basal + 50–75 kg/ha top-dress at 30 & 60 DAS.
Potato,Silt,128,14,96,NPK 10-26-26,10-26-26,Phosphorus and potassium are deficient; nitrogen is adequate. NPK 10-26-26 corrects P & K without excess N.,Apply 120–150 kg/ha as basal dose before planting. Ideal for fruiting crops.
Potato,Silt,45,67,117,Urea,46-0-0,Nitrogen is severely deficient. Urea (46% N) rapidly restores soil nitrogen for vegetative growth.,Apply 100–120 kg/ha split: 50% at sowing + 50% at 30 DAS. Incorporate into moist soil.
Potato,Silt,53,43,145,Urea,46-0-0,Nitrogen is severely deficient. Urea (46% N) rapidly restores soil nitrogen for vegetative growth.,Apply 100–120 kg/ha split: 50% at sowing + 50% at 30 DAS. Incorporate into moist soil.
Potato,Silt,144,25,169,SSP (Single Super Phosphate),0-16-0,Severe phosphorus deficiency. SSP provides P with calcium and sulphur — ideal for legumes and oilseeds.,Apply 200–250 kg/ha as basal dose incorporated into soil before sowing.
Potato,Silt,141,69,130,NPK 17-17-17,17-17-17,"All three nutrients (N, P, K) are below optimal. Balanced 17-17-17 corrects deficiencies uniformly.",Apply 150–200 kg/ha basal + 50–75 kg/ha top-dress at 30 & 60 DAS.
Potato,Silt,103,37,148,DAP,18-46-0,Phosphorus is severely deficient. DAP delivers high P (46%) essential for root development and energy transfer.,"Apply 80–100 kg/ha as basal dose, 5–10 cm below seed level before planting."
Potato,Silt,90,54,97,NPK 13-0-45,13-0-45,High potassium demand with adequate phosphorus. NPK 13-0-45 provides premium K and supplementary N for quality crops.,Apply 100–120 kg/ha: 40% basal + 60% at flowering/fruiting via fertigation.
Potato,Silt,116,63,53,MOP (Muriate of Potash),0-0-60,"Potassium is severely deficient. MOP (60% K) improves drought tolerance, disease resistance, and grain quality.",Apply 60–80 kg/ha: 50% basal at sowing + 50% at flowering. Avoid during dry spells.
Potato,Silt,128,46,163,NPK 17-17-17,17-17-17,"All three nutrients (N, P, K) are below optimal. Balanced 17-17-17 corrects deficiencies uniformly.",Apply 150–200 kg/ha basal + 50–75 kg/ha top-dress at 30 & 60 DAS.
Potato,Black,78,35,174,DAP,18-46-0,Phosphorus is severely deficient. DAP delivers high P (46%) essential for root development and energy transfer.,"Apply 80–100 kg/ha as basal dose, 5–10 cm below seed level before planting."
Potato,Black,55,65,106,Urea,46-0-0,Nitrogen is severely deficient. Urea (46% N) rapidly restores soil nitrogen for vegetative growth.,Apply 100–120 kg/ha split: 50% at sowing + 50% at 30 DAS. Incorporate into moist soil.
Potato,Black,88,31,120,DAP,18-46-0,Phosphorus is severely deficient. DAP delivers high P (46%) essential for root development and energy transfer.,"Apply 80–100 kg/ha as basal dose, 5–10 cm below seed level before planting."
Potato,Black,64,14,72,NPK 17-17-17,17-17-17,"All three nutrients (N, P, K) are below optimal. Balanced 17-17-17 corrects deficiencies uniformly.",Apply 150–200 kg/ha basal + 50–75 kg/ha top-dress at 30 & 60 DAS.
Potato,Black,24,73,182,Urea,46-0-0,Nitrogen is severely deficient. Urea (46% N) rapidly restores soil nitrogen for vegetative growth.,Apply 100–120 kg/ha split: 50% at sowing + 50% at 30 DAS. Incorporate into moist soil.
Potato,Black,73,57,84,NPK 13-0-45,13-0-45,High potassium demand with adequate phosphorus. NPK 13-0-45 provides premium K and supplementary N for quality crops.,Apply 100–120 kg/ha: 40% basal + 60% at flowering/fruiting via fertigation.
Potato,Black,108,62,179,NPK 17-17-17,17-17-17,"All three nutrients (N, P, K) are below optimal. Balanced 17-17-17 corrects deficiencies uniformly.",Apply 150–200 kg/ha basal + 50–75 kg/ha top-dress at 30 & 60 DAS.
Potato,Black,74,61,71,NPK 13-0-45,13-0-45,High potassium demand with adequate phosphorus. NPK 13-0-45 provides premium K and supplementary N for quality crops.,Apply 100–120 kg/ha: 40% basal + 60% at flowering/fruiting via fertigation.
Potato,Black,148,13,125,SSP (Single Super Phosphate),0-16-0,Severe phosphorus deficiency. SSP provides P with calcium and sulphur — ideal for legumes and oilseeds.,Apply 200–250 kg/ha as basal dose incorporated into soil before sowing.
Potato,Black,107,55,48,MOP (Muriate of Potash),0-0-60,"Potassium is severely deficient. MOP (60% K) improves drought tolerance, disease resistance, and grain quality.",Apply 60–80 kg/ha: 50% basal at sowing + 50% at flowering. Avoid during dry spells.
Potato,Black,142,23,128,SSP (Single Super Phosphate),0-16-0,Severe phosphorus deficiency. SSP provides P with calcium and sulphur — ideal for legumes and oilseeds.,Apply 200–250 kg/ha as basal dose incorporated into soil before sowing.
Potato,Black,52,31,116,NPK 20-20-0,20-20-0,Nitrogen and phosphorus are deficient; potassium is adequate. NPK 20-20-0 targets N & P without excess K.,Apply 120–150 kg/ha at sowing. Supplement with 30 kg/ha urea at tillering stage.
Potato,Black,76,22,56,NPK 17-17-17,17-17-17,"All three nutrients (N, P, K) are below optimal. Balanced 17-17-17 corrects deficiencies uniformly.",Apply 150–200 kg/ha basal + 50–75 kg/ha top-dress at 30 & 60 DAS.
Potato,Black,76,59,171,Ammonium Sulphate,21-0-0,Nitrogen is moderately low. Ammonium Sulphate provides N + sulphur — ideal for alkaline/sulphur-deficient soils.,Apply 100–150 kg/ha in two splits: at planting and 30–40 DAS.
Potato,Black,34,36,45,NPK 17-17-17,17-17-17,"All three nutrients (N, P, K) are below optimal. Balanced 17-17-17 corrects deficiencies uniformly.",Apply 150–200 kg/ha basal + 50–75 kg/ha top-dress at 30 & 60 DAS.
Potato,Black,26,53,124,Urea,46-0-0,Nitrogen is severely deficient. Urea (46% N) rapidly restores soil nitrogen for vegetative growth.,Apply 100–120 kg/ha split: 50% at sowing + 50% at 30 DAS. Incorporate into moist soil.
Potato,Black,44,26,33,NPK 17-17-17,17-17-17,"All three nutrients (N, P, K) are below optimal. Balanced 17-17-17 corrects deficiencies uniformly.",Apply 150–200 kg/ha basal + 50–75 kg/ha top-dress at 30 & 60 DAS.
Potato,Black,129,73,51,MOP (Muriate of Potash),0-0-60,"Potassium is severely deficient. MOP (60% K) improves drought tolerance, disease resistance, and grain quality.",Apply 60–80 kg/ha: 50% basal at sowing + 50% at flowering. Avoid during dry spells.
Potato,Black,53,66,175,Urea,46-0-0,Nitrogen is severely deficient. Urea (46% N) rapidly restores soil nitrogen for vegetative growth.,Apply 100–120 kg/ha split: 50% at sowing + 50% at 30 DAS. Incorporate into moist soil.
Potato,Black,76,15,36,NPK 17-17-17,17-17-17,"All three nutrients (N, P, K) are below optimal. Balanced 17-17-17 corrects deficiencies uniformly.",Apply 150–200 kg/ha basal + 50–75 kg/ha top-dress at 30 & 60 DAS.
Potato,Black,96,36,34,NPK 10-26-26,10-26-26,Phosphorus and potassium are deficient; nitrogen is adequate. NPK 10-26-26 corrects P & K without excess N.,Apply 120–150 kg/ha as basal dose before planting. Ideal for fruiting crops.
Potato,Black,97,12,154,SSP (Single Super Phosphate),0-16-0,Severe phosphorus deficiency. SSP provides P with calcium and sulphur — ideal for legumes and oilseeds.,Apply 200–250 kg/ha as basal dose incorporated into soil before sowing.
Potato,Black,62,14,122,NPK 20-20-0,20-20-0,Nitrogen and phosphorus are deficient; potassium is adequate. NPK 20-20-0 targets N & P without excess K.,Apply 120–150 kg/ha at sowing. Supplement with 30 kg/ha urea at tillering stage.
Potato,Black,74,73,115,Ammonium Sulphate,21-0-0,Nitrogen is moderately low. Ammonium Sulphate provides N + sulphur — ideal for alkaline/sulphur-deficient soils.,Apply 100–150 kg/ha in two splits: at planting and 30–40 DAS.
Potato,Black,58,56,72,NPK 13-0-45,13-0-45,High potassium demand with adequate phosphorus. NPK 13-0-45 provides premium K and supplementary N for quality crops.,Apply 100–120 kg/ha: 40% basal + 60% at flowering/fruiting via fertigation.
Potato,Red,137,35,116,DAP,18-46-0,Phosphorus is severely deficient. DAP delivers high P (46%) essential for root development and energy transfer.,"Apply 80–100 kg/ha as basal dose, 5–10 cm below seed level before planting."
Potato,Red,30,38,161,NPK 20-20-0,20-20-0,Nitrogen and phosphorus are deficient; potassium is adequate. NPK 20-20-0 targets N & P without excess K.,Apply 120–150 kg/ha at sowing. Supplement with 30 kg/ha urea at tillering stage.
Potato,Red,125,26,65,NPK 10-26-26,10-26-26,Phosphorus and potassium are deficient; nitrogen is adequate. NPK 10-26-26 corrects P & K without excess N.,Apply 120–150 kg/ha as basal dose before planting. Ideal for fruiting crops.
Potato,Red,126,70,45,MOP (Muriate of Potash),0-0-60,"Potassium is severely deficient. MOP (60% K) improves drought tolerance, disease resistance, and grain quality.",Apply 60–80 kg/ha: 50% basal at sowing + 50% at flowering. Avoid during dry spells.
Potato,Red,80,33,167,DAP,18-46-0,Phosphorus is severely deficient. DAP delivers high P (46%) essential for root development and energy transfer.,"Apply 80–100 kg/ha as basal dose, 5–10 cm below seed level before planting."
Potato,Red,34,25,148,NPK 20-20-0,20-20-0,Nitrogen and phosphorus are deficient; potassium is adequate. NPK 20-20-0 targets N & P without excess K.,Apply 120–150 kg/ha at sowing. Supplement with 30 kg/ha urea at tillering stage.
Potato,Red,30,43,99,Urea,46-0-0,Nitrogen is severely deficient. Urea (46% N) rapidly restores soil nitrogen for vegetative growth.,Apply 100–120 kg/ha split: 50% at sowing + 50% at 30 DAS. Incorporate into moist soil.
Potato,Red,66,36,113,NPK 20-20-0,20-20-0,Nitrogen and phosphorus are deficient; potassium is adequate. NPK 20-20-0 targets N & P without excess K.,Apply 120–150 kg/ha at sowing. Supplement with 30 kg/ha urea at tillering stage.
Potato,Red,44,48,156,Urea,46-0-0,Nitrogen is severely deficient. Urea (46% N) rapidly restores soil nitrogen for vegetative growth.,Apply 100–120 kg/ha split: 50% at sowing + 50% at 30 DAS. Incorporate into moist soil.
Potato,Red,119,21,53,NPK 10-26-26,10-26-26,Phosphorus and potassium are deficient; nitrogen is adequate. NPK 10-26-26 corrects P & K without excess N.,Apply 120–150 kg/ha as basal dose before planting. Ideal for fruiting crops.
Potato,Red,57,34,94,NPK 17-17-17,17-17-17,"All three nutrients (N, P, K) are below optimal. Balanced 17-17-17 corrects deficiencies uniformly.",Apply 150–200 kg/ha basal + 50–75 kg/ha top-dress at 30 & 60 DAS.
Potato,Red,109,15,35,NPK 10-26-26,10-26-26,Phosphorus and potassium are deficient; nitrogen is adequate. NPK 10-26-26 corrects P & K without excess N.,Apply 120–150 kg/ha as basal dose before planting. Ideal for fruiting crops.
Potato,Red,73,55,60,NPK 13-0-45,13-0-45,High potassium demand with adequate phosphorus. NPK 13-0-45 provides premium K and supplementary N for quality crops.,Apply 100–120 kg/ha: 40% basal + 60% at flowering/fruiting via fertigation.
Potato,Red,104,28,169,DAP,18-46-0,Phosphorus is severely deficient. DAP delivers high P (46%) essential for root development and energy transfer.,"Apply 80–100 kg/ha as basal dose, 5–10 cm below seed level before planting."
Potato,Red,136,30,66,NPK 10-26-26,10-26-26,Phosphorus and potassium are deficient; nitrogen is adequate. NPK 10-26-26 corrects P & K without excess N.,Apply 120–150 kg/ha as basal dose before planting. Ideal for fruiting crops.
Potato,Red,75,27,135,NPK 20-20-0,20-20-0,Nitrogen and phosphorus are deficient; potassium is adequate. NPK 20-20-0 targets N & P without excess K.,Apply 120–150 kg/ha at sowing. Supplement with 30 kg/ha urea at tillering stage.
Potato,Red,128,54,159,NPK 17-17-17,17-17-17,"All three nutrients (N, P, K) are below optimal. Balanced 17-17-17 corrects deficiencies uniformly.",Apply 150–200 kg/ha basal + 50–75 kg/ha top-dress at 30 & 60 DAS.
Potato,Red,74,21,146,NPK 20-20-0,20-20-0,Nitrogen and phosphorus are deficient; potassium is adequate. NPK 20-20-0 targets N & P without excess K.,Apply 120–150 kg/ha at sowing. Supplement with 30 kg/ha urea at tillering stage.
Potato,Red,69,54,72,NPK 13-0-45,13-0-45,High potassium demand with adequate phosphorus. NPK 13-0-45 provides premium K and supplementary N for quality crops.,Apply 100–120 kg/ha: 40% basal + 60% at flowering/fruiting via fertigation.
Potato,Red,34,74,54,NPK 13-0-45,13-0-45,High potassium demand with adequate phosphorus. NPK 13-0-45 provides premium K and supplementary N for quality crops.,Apply 100–120 kg/ha: 40% basal + 60% at flowering/fruiting via fertigation.
Potato,Red,148,73,155,NPK 17-17-17,17-17-17,"All three nutrients (N, P, K) are below optimal. Balanced 17-17-17 corrects deficiencies uniformly.",Apply 150–200 kg/ha basal + 50–75 kg/ha top-dress at 30 & 60 DAS.
Potato,Red,107,48,166,NPK 17-17-17,17-17-17,"All three nutrients (N, P, K) are below optimal. Balanced 17-17-17 corrects deficiencies uniformly.",Apply 150–200 kg/ha basal + 50–75 kg/ha top-dress at 30 & 60 DAS.
Potato,Red,60,41,127,Ammonium Sulphate,21-0-0,Nitrogen is moderately low. Ammonium Sulphate provides N + sulphur — ideal for alkaline/sulphur-deficient soils.,Apply 100–150 kg/ha in two splits: at planting and 30–40 DAS.
Potato,Red,75,38,82,NPK 17-17-17,17-17-17,"All three nutrients (N, P, K) are below optimal. Balanced 17-17-17 corrects deficiencies uniformly.",Apply 150–200 kg/ha basal + 50–75 kg/ha top-dress at 30 & 60 DAS.
Potato,Red,95,65,61,MOP (Muriate of Potash),0-0-60,"Potassium is severely deficient. MOP (60% K) improves drought tolerance, disease resistance, and grain quality.",Apply 60–80 kg/ha: 50% basal at sowing + 50% at flowering. Avoid during dry spells.
Tomato,Sandy,118,55,127,NPK 17-17-17,17-17-17,"All three nutrients (N, P, K) are below optimal. Balanced 17-17-17 corrects deficiencies uniformly.",Apply 150–200 kg/ha basal + 50–75 kg/ha top-dress at 30 & 60 DAS.
Tomato,Sandy,78,61,26,MOP (Muriate of Potash),0-0-60,"Potassium is severely deficient. MOP (60% K) improves drought tolerance, disease resistance, and grain quality.",Apply 60–80 kg/ha: 50% basal at sowing + 50% at flowering. Avoid during dry spells.
Tomato,Sandy,105,14,136,SSP (Single Super Phosphate),0-16-0,Severe phosphorus deficiency. SSP provides P with calcium and sulphur — ideal for legumes and oilseeds.,Apply 200–250 kg/ha as basal dose incorporated into soil before sowing.
Tomato,Sandy,124,30,50,NPK 10-26-26,10-26-26,Phosphorus and potassium are deficient; nitrogen is adequate. NPK 10-26-26 corrects P & K without excess N.,Apply 120–150 kg/ha as basal dose before planting. Ideal for fruiting crops.
Tomato,Sandy,100,27,133,DAP,18-46-0,Phosphorus is severely deficient. DAP delivers high P (46%) essential for root development and energy transfer.,"Apply 80–100 kg/ha as basal dose, 5–10 cm below seed level before planting."
Tomato,Sandy,30,19,147,NPK 20-20-0,20-20-0,Nitrogen and phosphorus are deficient; potassium is adequate. NPK 20-20-0 targets N & P without excess K.,Apply 120–150 kg/ha at sowing. Supplement with 30 kg/ha urea at tillering stage.
Tomato,Sandy,90,65,64,NPK 13-0-45,13-0-45,High potassium demand with adequate phosphorus. NPK 13-0-45 provides premium K and supplementary N for quality crops.,Apply 100–120 kg/ha: 40% basal + 60% at flowering/fruiting via fertigation.
Tomato,Sandy,91,49,99,NPK 17-17-17,17-17-17,"All three nutrients (N, P, K) are below optimal. Balanced 17-17-17 corrects deficiencies uniformly.",Apply 150–200 kg/ha basal + 50–75 kg/ha top-dress at 30 & 60 DAS.
Tomato,Sandy,91,48,78,NPK 17-17-17,17-17-17,"All three nutrients (N, P, K) are below optimal. Balanced 17-17-17 corrects deficiencies uniformly.",Apply 150–200 kg/ha basal + 50–75 kg/ha top-dress at 30 & 60 DAS.
Tomato,Sandy,48,60,52,NPK 13-0-45,13-0-45,High potassium demand with adequate phosphorus. NPK 13-0-45 provides premium K and supplementary N for quality crops.,Apply 100–120 kg/ha: 40% basal + 60% at flowering/fruiting via fertigation.
Tomato,Sandy,92,26,102,SSP (Single Super Phosphate),0-16-0,Severe phosphorus deficiency. SSP provides P with calcium and sulphur — ideal for legumes and oilseeds.,Apply 200–250 kg/ha as basal dose incorporated into soil before sowing.
Tomato,Sandy,98,25,31,NPK 10-26-26,10-26-26,Phosphorus and potassium are deficient; nitrogen is adequate. NPK 10-26-26 corrects P & K without excess N.,Apply 120–150 kg/ha as basal dose before planting. Ideal for fruiting crops.
Tomato,Sandy,33,50,131,Urea,46-0-0,Nitrogen is severely deficient. Urea (46% N) rapidly restores soil nitrogen for vegetative growth.,Apply 100–120 kg/ha split: 50% at sowing + 50% at 30 DAS. Incorporate into moist soil.
Tomato,Sandy,24,58,67,NPK 13-0-45,13-0-45,High potassium demand with adequate phosphorus. NPK 13-0-45 provides premium K and supplementary N for quality crops.,Apply 100–120 kg/ha: 40% basal + 60% at flowering/fruiting via fertigation.
Tomato,Sandy,70,70,65,NPK 13-0-45,13-0-45,High potassium demand with adequate phosphorus. NPK 13-0-45 provides premium K and supplementary N for quality crops.,Apply 100–120 kg/ha: 40% basal + 60% at flowering/fruiting via fertigation.
Tomato,Sandy,68,12,34,NPK 10-26-26,10-26-26,Phosphorus and potassium are deficient; nitrogen is adequate. NPK 10-26-26 corrects P & K without excess N.,Apply 120–150 kg/ha as basal dose before planting. Ideal for fruiting crops.
Tomato,Sandy,47,13,103,NPK 20-20-0,20-20-0,Nitrogen and phosphorus are deficient; potassium is adequate. NPK 20-20-0 targets N & P without excess K.,Apply 120–150 kg/ha at sowing. Supplement with 30 kg/ha urea at tillering stage.
Tomato,Sandy,64,46,46,NPK 13-0-45,13-0-45,High potassium demand with adequate phosphorus. NPK 13-0-45 provides premium K and supplementary N for quality crops.,Apply 100–120 kg/ha: 40% basal + 60% at flowering/fruiting via fertigation.
Tomato,Sandy,51,53,145,Ammonium Sulphate,21-0-0,Nitrogen is moderately low. Ammonium Sulphate provides N + sulphur — ideal for alkaline/sulphur-deficient soils.,Apply 100–150 kg/ha in two splits: at planting and 30–40 DAS.
Tomato,Sandy,25,68,96,Urea,46-0-0,Nitrogen is severely deficient. Urea (46% N) rapidly restores soil nitrogen for vegetative growth.,Apply 100–120 kg/ha split: 50% at sowing + 50% at 30 DAS. Incorporate into moist soil.
Tomato,Sandy,79,43,32,MOP (Muriate of Potash),0-0-60,"Potassium is severely deficient. MOP (60% K) improves drought tolerance, disease resistance, and grain quality.",Apply 60–80 kg/ha: 50% basal at sowing + 50% at flowering. Avoid during dry spells.
Tomato,Sandy,29,49,66,NPK 13-0-45,13-0-45,High potassium demand with adequate phosphorus. NPK 13-0-45 provides premium K and supplementary N for quality crops.,Apply 100–120 kg/ha: 40% basal + 60% at flowering/fruiting via fertigation.
Tomato,Sandy,116,37,42,NPK 10-26-26,10-26-26,Phosphorus and potassium are deficient; nitrogen is adequate. NPK 10-26-26 corrects P & K without excess N.,Apply 120–150 kg/ha as basal dose before planting. Ideal for fruiting crops.
Tomato,Sandy,95,30,90,DAP,18-46-0,Phosphorus is severely deficient. DAP delivers high P (46%) essential for root development and energy transfer.,"Apply 80–100 kg/ha as basal dose, 5–10 cm below seed level before planting."
Tomato,Sandy,93,68,123,NPK 17-17-17,17-17-17,"All three nutrients (N, P, K) are below optimal. Balanced 17-17-17 corrects deficiencies uniformly.",Apply 150–200 kg/ha basal + 50–75 kg/ha top-dress at 30 & 60 DAS.
Tomato,Loamy,91,54,143,NPK 17-17-17,17-17-17,"All three nutrients (N, P, K) are below optimal. Balanced 17-17-17 corrects deficiencies uniformly.",Apply 150–200 kg/ha basal + 50–75 kg/ha top-dress at 30 & 60 DAS.
Tomato,Loamy,51,12,58,NPK 17-17-17,17-17-17,"All three nutrients (N, P, K) are below optimal. Balanced 17-17-17 corrects deficiencies uniformly.",Apply 150–200 kg/ha basal + 50–75 kg/ha top-dress at 30 & 60 DAS.
Tomato,Loamy,42,53,103,Urea,46-0-0,Nitrogen is severely deficient. Urea (46% N) rapidly restores soil nitrogen for vegetative growth.,Apply 100–120 kg/ha split: 50% at sowing + 50% at 30 DAS. Incorporate into moist soil.
Tomato,Loamy,82,13,115,SSP (Single Super Phosphate),0-16-0,Severe phosphorus deficiency. SSP provides P with calcium and sulphur — ideal for legumes and oilseeds.,Apply 200–250 kg/ha as basal dose incorporated into soil before sowing.
Tomato,Loamy,53,53,94,Ammonium Sulphate,21-0-0,Nitrogen is moderately low. Ammonium Sulphate provides N + sulphur — ideal for alkaline/sulphur-deficient soils.,Apply 100–150 kg/ha in two splits: at planting and 30–40 DAS.
Tomato,Loamy,55,20,35,NPK 17-17-17,17-17-17,"All three nutrients (N, P, K) are below optimal. Balanced 17-17-17 corrects deficiencies uniformly.",Apply 150–200 kg/ha basal + 50–75 kg/ha top-dress at 30 & 60 DAS.
Tomato,Loamy,107,69,105,NPK 17-17-17,17-17-17,"All three nutrients (N, P, K) are below optimal. Balanced 17-17-17 corrects deficiencies uniformly.",Apply 150–200 kg/ha basal + 50–75 kg/ha top-dress at 30 & 60 DAS.
Tomato,Loamy,30,37,115,NPK 20-20-0,20-20-0,Nitrogen and phosphorus are deficient; potassium is adequate. NPK 20-20-0 targets N & P without excess K.,Apply 120–150 kg/ha at sowing. Supplement with 30 kg/ha urea at tillering stage.
Tomato,Loamy,101,19,24,NPK 10-26-26,10-26-26,Phosphorus and potassium are deficient; nitrogen is adequate. NPK 10-26-26 corrects P & K without excess N.,Apply 120–150 kg/ha as basal dose before planting. Ideal for fruiting crops.
Tomato,Loamy,94,34,56,NPK 10-26-26,10-26-26,Phosphorus and potassium are deficient; nitrogen is adequate. NPK 10-26-26 corrects P & K without excess N.,Apply 120–150 kg/ha as basal dose before planting. Ideal for fruiting crops.
Tomato,Loamy,21,46,131,Urea,46-0-0,Nitrogen is severely deficient. Urea (46% N) rapidly restores soil nitrogen for vegetative growth.,Apply 100–120 kg/ha split: 50% at sowing + 50% at 30 DAS. Incorporate into moist soil.
Tomato,Loamy,120,47,88,NPK 12-32-16,12-32-16,High phosphorus demand with moderate N and K deficiency. NPK 12-32-16 emphasises P with balanced N & K.,Apply 100–125 kg/ha as basal. Supplement with 30 kg/ha urea at 30 DAS.
Tomato,Loamy,28,46,71,NPK 13-0-45,13-0-45,High potassium demand with adequate phosphorus. NPK 13-0-45 provides premium K and supplementary N for quality crops.,Apply 100–120 kg/ha: 40% basal + 60% at flowering/fruiting via fertigation.
Tomato,Loamy,83,36,54,NPK 10-26-26,10-26-26,Phosphorus and potassium are deficient; nitrogen is adequate. NPK 10-26-26 corrects P & K without excess N.,Apply 120–150 kg/ha as basal dose before planting. Ideal for fruiting crops.
Tomato,Loamy,29,31,36,NPK 17-17-17,17-17-17,"All three nutrients (N, P, K) are below optimal. Balanced 17-17-17 corrects deficiencies uniformly.",Apply 150–200 kg/ha basal + 50–75 kg/ha top-dress at 30 & 60 DAS.
Tomato,Loamy,38,74,79,Urea,46-0-0,Nitrogen is severely deficient. Urea (46% N) rapidly restores soil nitrogen for vegetative growth.,Apply 100–120 kg/ha split: 50% at sowing + 50% at 30 DAS. Incorporate into moist soil.
Tomato,Loamy,75,67,149,Ammonium Sulphate,21-0-0,Nitrogen is moderately low. Ammonium Sulphate provides N + sulphur — ideal for alkaline/sulphur-deficient soils.,Apply 100–150 kg/ha in two splits: at planting and 30–40 DAS.
Tomato,Loamy,81,63,65,NPK 13-0-45,13-0-45,High potassium demand with adequate phosphorus. NPK 13-0-45 provides premium K and supplementary N for quality crops.,Apply 100–120 kg/ha: 40% basal + 60% at flowering/fruiting via fertigation.
Tomato,Loamy,52,37,108,NPK 20-20-0,20-20-0,Nitrogen and phosphorus are deficient; potassium is adequate. NPK 20-20-0 targets N & P without excess K.,Apply 120–150 kg/ha at sowing. Supplement with 30 kg/ha urea at tillering stage.
Tomato,Loamy,91,31,40,NPK 10-26-26,10-26-26,Phosphorus and potassium are deficient; nitrogen is adequate. NPK 10-26-26 corrects P & K without excess N.,Apply 120–150 kg/ha as basal dose before planting. Ideal for fruiting crops.
Tomato,Loamy,86,20,96,SSP (Single Super Phosphate),0-16-0,Severe phosphorus deficiency. SSP provides P with calcium and sulphur — ideal for legumes and oilseeds.,Apply 200–250 kg/ha as basal dose incorporated into soil before sowing.
Tomato,Loamy,92,56,118,NPK 17-17-17,17-17-17,"All three nutrients (N, P, K) are below optimal. Balanced 17-17-17 corrects deficiencies uniformly.",Apply 150–200 kg/ha basal + 50–75 kg/ha top-dress at 30 & 60 DAS.
Tomato,Loamy,111,43,116,NPK 17-17-17,17-17-17,"All three nutrients (N, P, K) are below optimal. Balanced 17-17-17 corrects deficiencies uniformly.",Apply 150–200 kg/ha basal + 50–75 kg/ha top-dress at 30 & 60 DAS.
Tomato,Loamy,85,23,27,NPK 10-26-26,10-26-26,Phosphorus and potassium are deficient; nitrogen is adequate. NPK 10-26-26 corrects P & K without excess N.,Apply 120–150 kg/ha as basal dose before planting. Ideal for fruiting crops.
Tomato,Loamy,49,39,101,Urea,46-0-0,Nitrogen is severely deficient. Urea (46% N) rapidly restores soil nitrogen for vegetative growth.,Apply 100–120 kg/ha split: 50% at sowing + 50% at 30 DAS. Incorporate into moist soil.
Tomato,Clay,109,24,39,NPK 10-26-26,10-26-26,Phosphorus and potassium are deficient; nitrogen is adequate. NPK 10-26-26 corrects P & K without excess N.,Apply 120–150 kg/ha as basal dose before planting. Ideal for fruiting crops.
Tomato,Clay,121,18,84,SSP (Single Super Phosphate),0-16-0,Severe phosphorus deficiency. SSP provides P with calcium and sulphur — ideal for legumes and oilseeds.,Apply 200–250 kg/ha as basal dose incorporated into soil before sowing.
Tomato,Clay,81,46,34,MOP (Muriate of Potash),0-0-60,"Potassium is severely deficient. MOP (60% K) improves drought tolerance, disease resistance, and grain quality.",Apply 60–80 kg/ha: 50% basal at sowing + 50% at flowering. Avoid during dry spells.
Tomato,Clay,25,18,97,NPK 20-20-0,20-20-0,Nitrogen and phosphorus are deficient; potassium is adequate. NPK 20-20-0 targets N & P without excess K.,Apply 120–150 kg/ha at sowing. Supplement with 30 kg/ha urea at tillering stage.
Tomato,Clay,77,26,104,SSP (Single Super Phosphate),0-16-0,Severe phosphorus deficiency. SSP provides P with calcium and sulphur — ideal for legumes and oilseeds.,Apply 200–250 kg/ha as basal dose incorporated into soil before sowing.
Tomato,Clay,106,14,86,SSP (Single Super Phosphate),0-16-0,Severe phosphorus deficiency. SSP provides P with calcium and sulphur — ideal for legumes and oilseeds.,Apply 200–250 kg/ha as basal dose incorporated into soil before sowing.
Tomato,Clay,92,27,62,NPK 10-26-26,10-26-26,Phosphorus and potassium are deficient; nitrogen is adequate. NPK 10-26-26 corrects P & K without excess N.,Apply 120–150 kg/ha as basal dose before planting. Ideal for fruiting crops.
Tomato,Clay,84,68,126,NPK 17-17-17,17-17-17,"All three nutrients (N, P, K) are below optimal. Balanced 17-17-17 corrects deficiencies uniformly.",Apply 150–200 kg/ha basal + 50–75 kg/ha top-dress at 30 & 60 DAS.
Tomato,Clay,81,58,69,NPK 13-0-45,13-0-45,High potassium demand with adequate phosphorus. NPK 13-0-45 provides premium K and supplementary N for quality crops.,Apply 100–120 kg/ha: 40% basal + 60% at flowering/fruiting via fertigation.
Tomato,Clay,87,41,47,MOP (Muriate of Potash),0-0-60,"Potassium is severely deficient. MOP (60% K) improves drought tolerance, disease resistance, and grain quality.",Apply 60–80 kg/ha: 50% basal at sowing + 50% at flowering. Avoid during dry spells.
Tomato,Clay,93,47,69,NPK 13-0-45,13-0-45,High potassium demand with adequate phosphorus. NPK 13-0-45 provides premium K and supplementary N for quality crops.,Apply 100–120 kg/ha: 40% basal + 60% at flowering/fruiting via fertigation.
Tomato,Clay,115,13,63,NPK 10-26-26,10-26-26,Phosphorus and potassium are deficient; nitrogen is adequate. NPK 10-26-26 corrects P & K without excess N.,Apply 120–150 kg/ha as basal dose before planting. Ideal for fruiting crops.
Tomato,Clay,25,60,112,Urea,46-0-0,Nitrogen is severely deficient. Urea (46% N) rapidly restores soil nitrogen for vegetative growth.,Apply 100–120 kg/ha split: 50% at sowing + 50% at 30 DAS. Incorporate into moist soil.
Tomato,Clay,54,54,73,NPK 13-0-45,13-0-45,High potassium demand with adequate phosphorus. NPK 13-0-45 provides premium K and supplementary N for quality crops.,Apply 100–120 kg/ha: 40% basal + 60% at flowering/fruiting via fertigation.
Tomato,Clay,99,40,75,NPK 13-0-45,13-0-45,High potassium demand with adequate phosphorus. NPK 13-0-45 provides premium K and supplementary N for quality crops.,Apply 100–120 kg/ha: 40% basal + 60% at flowering/fruiting via fertigation.
Tomato,Clay,118,27,39,NPK 10-26-26,10-26-26,Phosphorus and potassium are deficient; nitrogen is adequate. NPK 10-26-26 corrects P & K without excess N.,Apply 120–150 kg/ha as basal dose before planting. Ideal for fruiting crops.
Tomato,Clay,81,73,71,NPK 13-0-45,13-0-45,High potassium demand with adequate phosphorus. NPK 13-0-45 provides premium K and supplementary N for quality crops.,Apply 100–120 kg/ha: 40% basal + 60% at flowering/fruiting via fertigation.
Tomato,Clay,26,33,87,NPK 20-20-0,20-20-0,Nitrogen and phosphorus are deficient; potassium is adequate. NPK 20-20-0 targets N & P without excess K.,Apply 120–150 kg/ha at sowing. Supplement with 30 kg/ha urea at tillering stage.
Tomato,Clay,37,53,149,Urea,46-0-0,Nitrogen is severely deficient. Urea (46% N) rapidly restores soil nitrogen for vegetative growth.,Apply 100–120 kg/ha split: 50% at sowing + 50% at 30 DAS. Incorporate into moist soil.
Tomato,Clay,67,34,74,NPK 10-26-26,10-26-26,Phosphorus and potassium are deficient; nitrogen is adequate. NPK 10-26-26 corrects P & K without excess N.,Apply 120–150 kg/ha as basal dose before planting. Ideal for fruiting crops.
Tomato,Clay,32,67,76,NPK 13-0-45,13-0-45,High potassium demand with adequate phosphorus. NPK 13-0-45 provides premium K and supplementary N for quality crops.,Apply 100–120 kg/ha: 40% basal + 60% at flowering/fruiting via fertigation.
Tomato,Clay,60,53,79,Ammonium Sulphate,21-0-0,Nitrogen is moderately low. Ammonium Sulphate provides N + sulphur — ideal for alkaline/sulphur-deficient soils.,Apply 100–150 kg/ha in two splits: at planting and 30–40 DAS.
Tomato,Clay,88,15,126,SSP (Single Super Phosphate),0-16-0,Severe phosphorus deficiency. SSP provides P with calcium and sulphur — ideal for legumes and oilseeds.,Apply 200–250 kg/ha as basal dose incorporated into soil before sowing.
Tomato,Clay,118,52,144,NPK 17-17-17,17-17-17,"All three nutrients (N, P, K) are below optimal. Balanced 17-17-17 corrects deficiencies uniformly.",Apply 150–200 kg/ha basal + 50–75 kg/ha top-dress at 30 & 60 DAS.
Tomato,Clay,35,42,99,Urea,46-0-0,Nitrogen is severely deficient. Urea (46% N) rapidly restores soil nitrogen for vegetative growth.,Apply 100–120 kg/ha split: 50% at sowing + 50% at 30 DAS. Incorporate into moist soil.
Tomato,Silt,81,37,66,NPK 10-26-26,10-26-26,Phosphorus and potassium are deficient; nitrogen is adequate. NPK 10-26-26 corrects P & K without excess N.,Apply 120–150 kg/ha as basal dose before planting. Ideal for fruiting crops.
Tomato,Silt,33,36,44,NPK 17-17-17,17-17-17,"All three nutrients (N, P, K) are below optimal. Balanced 17-17-17 corrects deficiencies uniformly.",Apply 150–200 kg/ha basal + 50–75 kg/ha top-dress at 30 & 60 DAS.
Tomato,Silt,97,25,31,NPK 10-26-26,10-26-26,Phosphorus and potassium are deficient; nitrogen is adequate. NPK 10-26-26 corrects P & K without excess N.,Apply 120–150 kg/ha as basal dose before planting. Ideal for fruiting crops.
Tomato,Silt,77,49,133,Ammonium Sulphate,21-0-0,Nitrogen is moderately low. Ammonium Sulphate provides N + sulphur — ideal for alkaline/sulphur-deficient soils.,Apply 100–150 kg/ha in two splits: at planting and 30–40 DAS.
Tomato,Silt,80,33,125,DAP,18-46-0,Phosphorus is severely deficient. DAP delivers high P (46%) essential for root development and energy transfer.,"Apply 80–100 kg/ha as basal dose, 5–10 cm below seed level before planting."
Tomato,Silt,76,16,95,SSP (Single Super Phosphate),0-16-0,Severe phosphorus deficiency. SSP provides P with calcium and sulphur — ideal for legumes and oilseeds.,Apply 200–250 kg/ha as basal dose incorporated into soil before sowing.
Tomato,Silt,115,36,61,NPK 10-26-26,10-26-26,Phosphorus and potassium are deficient; nitrogen is adequate. NPK 10-26-26 corrects P & K without excess N.,Apply 120–150 kg/ha as basal dose before planting. Ideal for fruiting crops.
Tomato,Silt,35,21,78,NPK 20-20-0,20-20-0,Nitrogen and phosphorus are deficient; potassium is adequate. NPK 20-20-0 targets N & P without excess K.,Apply 120–150 kg/ha at sowing. Supplement with 30 kg/ha urea at tillering stage.
Tomato,Silt,82,17,142,SSP (Single Super Phosphate),0-16-0,Severe phosphorus deficiency. SSP provides P with calcium and sulphur — ideal for legumes and oilseeds.,Apply 200–250 kg/ha as basal dose incorporated into soil before sowing.
Tomato,Silt,99,48,128,NPK 17-17-17,17-17-17,"All three nutrients (N, P, K) are below optimal. Balanced 17-17-17 corrects deficiencies uniformly.",Apply 150–200 kg/ha basal + 50–75 kg/ha top-dress at 30 & 60 DAS.
Tomato,Silt,28,42,103,Urea,46-0-0,Nitrogen is severely deficient. Urea (46% N) rapidly restores soil nitrogen for vegetative growth.,Apply 100–120 kg/ha split: 50% at sowing + 50% at 30 DAS. Incorporate into moist soil.
Tomato,Silt,107,61,58,NPK 13-0-45,13-0-45,High potassium demand with adequate phosphorus. NPK 13-0-45 provides premium K and supplementary N for quality crops.,Apply 100–120 kg/ha: 40% basal + 60% at flowering/fruiting via fertigation.
Tomato,Silt,118,19,134,SSP (Single Super Phosphate),0-16-0,Severe phosphorus deficiency. SSP provides P with calcium and sulphur — ideal for legumes and oilseeds.,Apply 200–250 kg/ha as basal dose incorporated into soil before sowing.
Tomato,Silt,121,23,114,SSP (Single Super Phosphate),0-16-0,Severe phosphorus deficiency. SSP provides P with calcium and sulphur — ideal for legumes and oilseeds.,Apply 200–250 kg/ha as basal dose incorporated into soil before sowing.
Tomato,Silt,24,37,89,NPK 20-20-0,20-20-0,Nitrogen and phosphorus are deficient; potassium is adequate. NPK 20-20-0 targets N & P without excess K.,Apply 120–150 kg/ha at sowing. Supplement with 30 kg/ha urea at tillering stage.
Tomato,Silt,80,70,108,NPK 17-17-17,17-17-17,"All three nutrients (N, P, K) are below optimal. Balanced 17-17-17 corrects deficiencies uniformly.",Apply 150–200 kg/ha basal + 50–75 kg/ha top-dress at 30 & 60 DAS.
Tomato,Silt,70,63,143,Ammonium Sulphate,21-0-0,Nitrogen is moderately low. Ammonium Sulphate provides N + sulphur — ideal for alkaline/sulphur-deficient soils.,Apply 100–150 kg/ha in two splits: at planting and 30–40 DAS.
Tomato,Silt,22,73,34,NPK 13-0-45,13-0-45,High potassium demand with adequate phosphorus. NPK 13-0-45 provides premium K and supplementary N for quality crops.,Apply 100–120 kg/ha: 40% basal + 60% at flowering/fruiting via fertigation.
Tomato,Silt,105,29,40,NPK 10-26-26,10-26-26,Phosphorus and potassium are deficient; nitrogen is adequate. NPK 10-26-26 corrects P & K without excess N.,Apply 120–150 kg/ha as basal dose before planting. Ideal for fruiting crops.
Tomato,Silt,66,52,71,NPK 13-0-45,13-0-45,High potassium demand with adequate phosphorus. NPK 13-0-45 provides premium K and supplementary N for quality crops.,Apply 100–120 kg/ha: 40% basal + 60% at flowering/fruiting via fertigation.
Tomato,Silt,25,49,137,Urea,46-0-0,Nitrogen is severely deficient. Urea (46% N) rapidly restores soil nitrogen for vegetative growth.,Apply 100–120 kg/ha split: 50% at sowing + 50% at 30 DAS. Incorporate into moist soil.
Tomato,Silt,60,25,79,NPK 20-20-0,20-20-0,Nitrogen and phosphorus are deficient; potassium is adequate. NPK 20-20-0 targets N & P without excess K.,Apply 120–150 kg/ha at sowing. Supplement with 30 kg/ha urea at tillering stage.
Tomato,Silt,25,63,128,Urea,46-0-0,Nitrogen is severely deficient. Urea (46% N) rapidly restores soil nitrogen for vegetative growth.,Apply 100–120 kg/ha split: 50% at sowing + 50% at 30 DAS. Incorporate into moist soil.
Tomato,Silt,81,34,124,DAP,18-46-0,Phosphorus is severely deficient. DAP delivers high P (46%) essential for root development and energy transfer.,"Apply 80–100 kg/ha as basal dose, 5–10 cm below seed level before planting."
Tomato,Silt,78,64,103,Ammonium Sulphate,21-0-0,Nitrogen is moderately low. Ammonium Sulphate provides N + sulphur — ideal for alkaline/sulphur-deficient soils.,Apply 100–150 kg/ha in two splits: at planting and 30–40 DAS.
Tomato,Black,102,49,76,NPK 13-0-45,13-0-45,High potassium demand with adequate phosphorus. NPK 13-0-45 provides premium K and supplementary N for quality crops.,Apply 100–120 kg/ha: 40% basal + 60% at flowering/fruiting via fertigation.
Tomato,Black,120,46,100,NPK 17-17-17,17-17-17,"All three nutrients (N, P, K) are below optimal. Balanced 17-17-17 corrects deficiencies uniformly.",Apply 150–200 kg/ha basal + 50–75 kg/ha top-dress at 30 & 60 DAS.
Tomato,Black,43,51,96,Urea,46-0-0,Nitrogen is severely deficient. Urea (46% N) rapidly restores soil nitrogen for vegetative growth.,Apply 100–120 kg/ha split: 50% at sowing + 50% at 30 DAS. Incorporate into moist soil.
Tomato,Black,39,15,100,NPK 20-20-0,20-20-0,Nitrogen and phosphorus are deficient; potassium is adequate. NPK 20-20-0 targets N & P without excess K.,Apply 120–150 kg/ha at sowing. Supplement with 30 kg/ha urea at tillering stage.
Tomato,Black,100,44,52,MOP (Muriate of Potash),0-0-60,"Potassium is severely deficient. MOP (60% K) improves drought tolerance, disease resistance, and grain quality.",Apply 60–80 kg/ha: 50% basal at sowing + 50% at flowering. Avoid during dry spells.
Tomato,Black,89,17,79,SSP (Single Super Phosphate),0-16-0,Severe phosphorus deficiency. SSP provides P with calcium and sulphur — ideal for legumes and oilseeds.,Apply 200–250 kg/ha as basal dose incorporated into soil before sowing.
Tomato,Black,37,23,49,NPK 17-17-17,17-17-17,"All three nutrients (N, P, K) are below optimal. Balanced 17-17-17 corrects deficiencies uniformly.",Apply 150–200 kg/ha basal + 50–75 kg/ha top-dress at 30 & 60 DAS.
Tomato,Black,60,15,74,NPK 17-17-17,17-17-17,"All three nutrients (N, P, K) are below optimal. Balanced 17-17-17 corrects deficiencies uniformly.",Apply 150–200 kg/ha basal + 50–75 kg/ha top-dress at 30 & 60 DAS.
Tomato,Black,73,42,72,NPK 13-0-45,13-0-45,High potassium demand with adequate phosphorus. NPK 13-0-45 provides premium K and supplementary N for quality crops.,Apply 100–120 kg/ha: 40% basal + 60% at flowering/fruiting via fertigation.
Tomato,Black,108,21,87,SSP (Single Super Phosphate),0-16-0,Severe phosphorus deficiency. SSP provides P with calcium and sulphur — ideal for legumes and oilseeds.,Apply 200–250 kg/ha as basal dose incorporated into soil before sowing.
Tomato,Black,26,16,96,NPK 20-20-0,20-20-0,Nitrogen and phosphorus are deficient; potassium is adequate. NPK 20-20-0 targets N & P without excess K.,Apply 120–150 kg/ha at sowing. Supplement with 30 kg/ha urea at tillering stage.
Tomato,Black,79,67,94,NPK 13-0-45,13-0-45,High potassium demand with adequate phosphorus. NPK 13-0-45 provides premium K and supplementary N for quality crops.,Apply 100–120 kg/ha: 40% basal + 60% at flowering/fruiting via fertigation.
Tomato,Black,120,15,36,NPK 10-26-26,10-26-26,Phosphorus and potassium are deficient; nitrogen is adequate. NPK 10-26-26 corrects P & K without excess N.,Apply 120–150 kg/ha as basal dose before planting. Ideal for fruiting crops.
Tomato,Black,24,23,92,NPK 20-20-0,20-20-0,Nitrogen and phosphorus are deficient; potassium is adequate. NPK 20-20-0 targets N & P without excess K.,Apply 120–150 kg/ha at sowing. Supplement with 30 kg/ha urea at tillering stage.
Tomato,Black,87,14,143,SSP (Single Super Phosphate),0-16-0,Severe phosphorus deficiency. SSP provides P with calcium and sulphur — ideal for legumes and oilseeds.,Apply 200–250 kg/ha as basal dose incorporated into soil before sowing.
Tomato,Black,108,30,33,NPK 10-26-26,10-26-26,Phosphorus and potassium are deficient; nitrogen is adequate. NPK 10-26-26 corrects P & K without excess N.,Apply 120–150 kg/ha as basal dose before planting. Ideal for fruiting crops.
Tomato,Black,37,19,39,NPK 17-17-17,17-17-17,"All three nutrients (N, P, K) are below optimal. Balanced 17-17-17 corrects deficiencies uniformly.",Apply 150–200 kg/ha basal + 50–75 kg/ha top-dress at 30 & 60 DAS.
Tomato,Black,74,27,69,NPK 10-26-26,10-26-26,Phosphorus and potassium are deficient; nitrogen is adequate. NPK 10-26-26 corrects P & K without excess N.,Apply 120–150 kg/ha as basal dose before planting. Ideal for fruiting crops.
Tomato,Black,123,55,143,NPK 17-17-17,17-17-17,"All three nutrients (N, P, K) are below optimal. Balanced 17-17-17 corrects deficiencies uniformly.",Apply 150–200 kg/ha basal + 50–75 kg/ha top-dress at 30 & 60 DAS.
Tomato,Black,34,36,93,NPK 20-20-0,20-20-0,Nitrogen and phosphorus are deficient; potassium is adequate. NPK 20-20-0 targets N & P without excess K.,Apply 120–150 kg/ha at sowing. Supplement with 30 kg/ha urea at tillering stage.
Tomato,Black,28,12,108,NPK 20-20-0,20-20-0,Nitrogen and phosphorus are deficient; potassium is adequate. NPK 20-20-0 targets N & P without excess K.,Apply 120–150 kg/ha at sowing. Supplement with 30 kg/ha urea at tillering stage.
Tomato,Black,87,37,85,DAP,18-46-0,Phosphorus is severely deficient. DAP delivers high P (46%) essential for root development and energy transfer.,"Apply 80–100 kg/ha as basal dose, 5–10 cm below seed level before planting."
Tomato,Black,63,13,66,NPK 17-17-17,17-17-17,"All three nutrients (N, P, K) are below optimal. Balanced 17-17-17 corrects deficiencies uniformly.",Apply 150–200 kg/ha basal + 50–75 kg/ha top-dress at 30 & 60 DAS.
Tomato,Black,38,18,144,NPK 20-20-0,20-20-0,Nitrogen and phosphorus are deficient; potassium is adequate. NPK 20-20-0 targets N & P without excess K.,Apply 120–150 kg/ha at sowing. Supplement with 30 kg/ha urea at tillering stage.
Tomato,Black,82,57,63,NPK 13-0-45,13-0-45,High potassium demand with adequate phosphorus. NPK 13-0-45 provides premium K and supplementary N for quality crops.,Apply 100–120 kg/ha: 40% basal + 60% at flowering/fruiting via fertigation.
Tomato,Red,61,26,36,NPK 17-17-17,17-17-17,"All three nutrients (N, P, K) are below optimal. Balanced 17-17-17 corrects deficiencies uniformly.",Apply 150–200 kg/ha basal + 50–75 kg/ha top-dress at 30 & 60 DAS.
Tomato,Red,38,62,109,Urea,46-0-0,Nitrogen is severely deficient. Urea (46% N) rapidly restores soil nitrogen for vegetative growth.,Apply 100–120 kg/ha split: 50% at sowing + 50% at 30 DAS. Incorporate into moist soil.
Tomato,Red,77,41,140,NPK 17-17-17,17-17-17,"All three nutrients (N, P, K) are below optimal. Balanced 17-17-17 corrects deficiencies uniformly.",Apply 150–200 kg/ha basal + 50–75 kg/ha top-dress at 30 & 60 DAS.
Tomato,Red,27,29,68,NPK 17-17-17,17-17-17,"All three nutrients (N, P, K) are below optimal. Balanced 17-17-17 corrects deficiencies uniformly.",Apply 150–200 kg/ha basal + 50–75 kg/ha top-dress at 30 & 60 DAS.
Tomato,Red,102,74,54,NPK 13-0-45,13-0-45,High potassium demand with adequate phosphorus. NPK 13-0-45 provides premium K and supplementary N for quality crops.,Apply 100–120 kg/ha: 40% basal + 60% at flowering/fruiting via fertigation.
Tomato,Red,111,64,52,MOP (Muriate of Potash),0-0-60,"Potassium is severely deficient. MOP (60% K) improves drought tolerance, disease resistance, and grain quality.",Apply 60–80 kg/ha: 50% basal at sowing + 50% at flowering. Avoid during dry spells.
Tomato,Red,61,37,147,NPK 20-20-0,20-20-0,Nitrogen and phosphorus are deficient; potassium is adequate. NPK 20-20-0 targets N & P without excess K.,Apply 120–150 kg/ha at sowing. Supplement with 30 kg/ha urea at tillering stage.
Tomato,Red,38,62,66,NPK 13-0-45,13-0-45,High potassium demand with adequate phosphorus. NPK 13-0-45 provides premium K and supplementary N for quality crops.,Apply 100–120 kg/ha: 40% basal + 60% at flowering/fruiting via fertigation.
Tomato,Red,96,38,96,DAP,18-46-0,Phosphorus is severely deficient. DAP delivers high P (46%) essential for root development and energy transfer.,"Apply 80–100 kg/ha as basal dose, 5–10 cm below seed level before planting."
Tomato,Red,107,62,133,NPK 17-17-17,17-17-17,"All three nutrients (N, P, K) are below optimal. Balanced 17-17-17 corrects deficiencies uniformly.",Apply 150–200 kg/ha basal + 50–75 kg/ha top-dress at 30 & 60 DAS.
Tomato,Red,26,55,41,NPK 13-0-45,13-0-45,High potassium demand with adequate phosphorus. NPK 13-0-45 provides premium K and supplementary N for quality crops.,Apply 100–120 kg/ha: 40% basal + 60% at flowering/fruiting via fertigation.
Tomato,Red,63,46,74,NPK 13-0-45,13-0-45,High potassium demand with adequate phosphorus. NPK 13-0-45 provides premium K and supplementary N for quality crops.,Apply 100–120 kg/ha: 40% basal + 60% at flowering/fruiting via fertigation.
Tomato,Red,74,74,41,MOP (Muriate of Potash),0-0-60,"Potassium is severely deficient. MOP (60% K) improves drought tolerance, disease resistance, and grain quality.",Apply 60–80 kg/ha: 50% basal at sowing + 50% at flowering. Avoid during dry spells.
Tomato,Red,90,36,40,NPK 10-26-26,10-26-26,Phosphorus and potassium are deficient; nitrogen is adequate. NPK 10-26-26 corrects P & K without excess N.,Apply 120–150 kg/ha as basal dose before planting. Ideal for fruiting crops.
Tomato,Red,36,71,134,Urea,46-0-0,Nitrogen is severely deficient. Urea (46% N) rapidly restores soil nitrogen for vegetative growth.,Apply 100–120 kg/ha split: 50% at sowing + 50% at 30 DAS. Incorporate into moist soil.
Tomato,Red,115,74,50,MOP (Muriate of Potash),0-0-60,"Potassium is severely deficient. MOP (60% K) improves drought tolerance, disease resistance, and grain quality.",Apply 60–80 kg/ha: 50% basal at sowing + 50% at flowering. Avoid during dry spells.
Tomato,Red,57,54,84,Ammonium Sulphate,21-0-0,Nitrogen is moderately low. Ammonium Sulphate provides N + sulphur — ideal for alkaline/sulphur-deficient soils.,Apply 100–150 kg/ha in two splits: at planting and 30–40 DAS.
Tomato,Red,63,34,98,NPK 20-20-0,20-20-0,Nitrogen and phosphorus are deficient; potassium is adequate. NPK 20-20-0 targets N & P without excess K.,Apply 120–150 kg/ha at sowing. Supplement with 30 kg/ha urea at tillering stage.
Tomato,Red,80,22,83,SSP (Single Super Phosphate),0-16-0,Severe phosphorus deficiency. SSP provides P with calcium and sulphur — ideal for legumes and oilseeds.,Apply 200–250 kg/ha as basal dose incorporated into soil before sowing.
Tomato,Red,78,47,50,MOP (Muriate of Potash),0-0-60,"Potassium is severely deficient. MOP (60% K) improves drought tolerance, disease resistance, and grain quality.",Apply 60–80 kg/ha: 50% basal at sowing + 50% at flowering. Avoid during dry spells.
Tomato,Red,97,13,68,NPK 10-26-26,10-26-26,Phosphorus and potassium are deficient; nitrogen is adequate. NPK 10-26-26 corrects P & K without excess N.,Apply 120–150 kg/ha as basal dose before planting. Ideal for fruiting crops.
Tomato,Red,101,47,56,NPK 13-0-45,13-0-45,High potassium demand with adequate phosphorus. NPK 13-0-45 provides premium K and supplementary N for quality crops.,Apply 100–120 kg/ha: 40% basal + 60% at flowering/fruiting via fertigation.
Tomato,Red,92,47,124,NPK 17-17-17,17-17-17,"All three nutrients (N, P, K) are below optimal. Balanced 17-17-17 corrects deficiencies uniformly.",Apply 150–200 kg/ha basal + 50–75 kg/ha top-dress at 30 & 60 DAS.
Tomato,Red,97,50,85,NPK 17-17-17,17-17-17,"All three nutrients (N, P, K) are below optimal. Balanced 17-17-17 corrects deficiencies uniformly.",Apply 150–200 kg/ha basal + 50–75 kg/ha top-dress at 30 & 60 DAS.
Tomato,Red,33,28,76,NPK 17-17-17,17-17-17,"All three nutrients (N, P, K) are below optimal. Balanced 17-17-17 corrects deficiencies uniformly.",Apply 150–200 kg/ha basal + 50–75 kg/ha top-dress at 30 & 60 DAS.
Onion,Sandy,82,36,50,NPK 13-0-45,13-0-45,High potassium demand with adequate phosphorus. NPK 13-0-45 provides premium K and supplementary N for quality crops.,Apply 100–120 kg/ha: 40% basal + 60% at flowering/fruiting via fertigation.
Onion,Sandy,20,36,49,NPK 13-0-45,13-0-45,High potassium demand with adequate phosphorus. NPK 13-0-45 provides premium K and supplementary N for quality crops.,Apply 100–120 kg/ha: 40% basal + 60% at flowering/fruiting via fertigation.
Onion,Sandy,97,11,81,SSP (Single Super Phosphate),0-16-0,Severe phosphorus deficiency. SSP provides P with calcium and sulphur — ideal for legumes and oilseeds.,Apply 200–250 kg/ha as basal dose incorporated into soil before sowing.
Onion,Sandy,118,19,69,SSP (Single Super Phosphate),0-16-0,Severe phosphorus deficiency. SSP provides P with calcium and sulphur — ideal for legumes and oilseeds.,Apply 200–250 kg/ha as basal dose incorporated into soil before sowing.
Onion,Sandy,29,42,77,Urea,46-0-0,Nitrogen is severely deficient. Urea (46% N) rapidly restores soil nitrogen for vegetative growth.,Apply 100–120 kg/ha split: 50% at sowing + 50% at 30 DAS. Incorporate into moist soil.
Onion,Sandy,62,37,114,Ammonium Sulphate,21-0-0,Nitrogen is moderately low. Ammonium Sulphate provides N + sulphur — ideal for alkaline/sulphur-deficient soils.,Apply 100–150 kg/ha in two splits: at planting and 30–40 DAS.
Onion,Sandy,40,11,110,NPK 20-20-0,20-20-0,Nitrogen and phosphorus are deficient; potassium is adequate. NPK 20-20-0 targets N & P without excess K.,Apply 120–150 kg/ha at sowing. Supplement with 30 kg/ha urea at tillering stage.
Onion,Sandy,80,56,82,NPK 17-17-17,17-17-17,"All three nutrients (N, P, K) are below optimal. Balanced 17-17-17 corrects deficiencies uniformly.",Apply 150–200 kg/ha basal + 50–75 kg/ha top-dress at 30 & 60 DAS.
Onion,Sandy,105,32,98,DAP,18-46-0,Phosphorus is severely deficient. DAP delivers high P (46%) essential for root development and energy transfer.,"Apply 80–100 kg/ha as basal dose, 5–10 cm below seed level before planting."
Onion,Sandy,115,40,38,MOP (Muriate of Potash),0-0-60,"Potassium is severely deficient. MOP (60% K) improves drought tolerance, disease resistance, and grain quality.",Apply 60–80 kg/ha: 50% basal at sowing + 50% at flowering. Avoid during dry spells.
Onion,Sandy,48,20,45,NPK 17-17-17,17-17-17,"All three nutrients (N, P, K) are below optimal. Balanced 17-17-17 corrects deficiencies uniformly.",Apply 150–200 kg/ha basal + 50–75 kg/ha top-dress at 30 & 60 DAS.
Onion,Sandy,52,39,81,Ammonium Sulphate,21-0-0,Nitrogen is moderately low. Ammonium Sulphate provides N + sulphur — ideal for alkaline/sulphur-deficient soils.,Apply 100–150 kg/ha in two splits: at planting and 30–40 DAS.
Onion,Sandy,64,42,28,NPK 13-0-45,13-0-45,High potassium demand with adequate phosphorus. NPK 13-0-45 provides premium K and supplementary N for quality crops.,Apply 100–120 kg/ha: 40% basal + 60% at flowering/fruiting via fertigation.
Onion,Sandy,29,19,74,NPK 20-20-0,20-20-0,Nitrogen and phosphorus are deficient; potassium is adequate. NPK 20-20-0 targets N & P without excess K.,Apply 120–150 kg/ha at sowing. Supplement with 30 kg/ha urea at tillering stage.
Onion,Sandy,42,24,62,NPK 17-17-17,17-17-17,"All three nutrients (N, P, K) are below optimal. Balanced 17-17-17 corrects deficiencies uniformly.",Apply 150–200 kg/ha basal + 50–75 kg/ha top-dress at 30 & 60 DAS.
Onion,Sandy,105,10,88,SSP (Single Super Phosphate),0-16-0,Severe phosphorus deficiency. SSP provides P with calcium and sulphur — ideal for legumes and oilseeds.,Apply 200–250 kg/ha as basal dose incorporated into soil before sowing.
Onion,Sandy,90,51,117,NPK 17-17-17,17-17-17,"All three nutrients (N, P, K) are below optimal. Balanced 17-17-17 corrects deficiencies uniformly.",Apply 150–200 kg/ha basal + 50–75 kg/ha top-dress at 30 & 60 DAS.
Onion,Sandy,22,18,113,NPK 20-20-0,20-20-0,Nitrogen and phosphorus are deficient; potassium is adequate. NPK 20-20-0 targets N & P without excess K.,Apply 120–150 kg/ha at sowing. Supplement with 30 kg/ha urea at tillering stage.
Onion,Sandy,68,39,89,NPK 17-17-17,17-17-17,"All three nutrients (N, P, K) are below optimal. Balanced 17-17-17 corrects deficiencies uniformly.",Apply 150–200 kg/ha basal + 50–75 kg/ha top-dress at 30 & 60 DAS.
Onion,Sandy,91,58,124,NPK 17-17-17,17-17-17,"All three nutrients (N, P, K) are below optimal. Balanced 17-17-17 corrects deficiencies uniformly.",Apply 150–200 kg/ha basal + 50–75 kg/ha top-dress at 30 & 60 DAS.
Onion,Sandy,95,25,112,DAP,18-46-0,Phosphorus is severely deficient. DAP delivers high P (46%) essential for root development and energy transfer.,"Apply 80–100 kg/ha as basal dose, 5–10 cm below seed level before planting."
Onion,Sandy,25,22,114,NPK 20-20-0,20-20-0,Nitrogen and phosphorus are deficient; potassium is adequate. NPK 20-20-0 targets N & P without excess K.,Apply 120–150 kg/ha at sowing. Supplement with 30 kg/ha urea at tillering stage.
Onion,Sandy,46,21,34,NPK 17-17-17,17-17-17,"All three nutrients (N, P, K) are below optimal. Balanced 17-17-17 corrects deficiencies uniformly.",Apply 150–200 kg/ha basal + 50–75 kg/ha top-dress at 30 & 60 DAS.
Onion,Sandy,110,36,90,NPK 17-17-17,17-17-17,"All three nutrients (N, P, K) are below optimal. Balanced 17-17-17 corrects deficiencies uniformly.",Apply 150–200 kg/ha basal + 50–75 kg/ha top-dress at 30 & 60 DAS.
Onion,Sandy,45,49,99,Urea,46-0-0,Nitrogen is severely deficient. Urea (46% N) rapidly restores soil nitrogen for vegetative growth.,Apply 100–120 kg/ha split: 50% at sowing + 50% at 30 DAS. Incorporate into moist soil.
Onion,Loamy,52,31,42,NPK 17-17-17,17-17-17,"All three nutrients (N, P, K) are below optimal. Balanced 17-17-17 corrects deficiencies uniformly.",Apply 150–200 kg/ha basal + 50–75 kg/ha top-dress at 30 & 60 DAS.
Onion,Loamy,122,43,118,NPK 17-17-17,17-17-17,"All three nutrients (N, P, K) are below optimal. Balanced 17-17-17 corrects deficiencies uniformly.",Apply 150–200 kg/ha basal + 50–75 kg/ha top-dress at 30 & 60 DAS.
Onion,Loamy,51,51,100,Ammonium Sulphate,21-0-0,Nitrogen is moderately low. Ammonium Sulphate provides N + sulphur — ideal for alkaline/sulphur-deficient soils.,Apply 100–150 kg/ha in two splits: at planting and 30–40 DAS.
Onion,Loamy,92,60,61,NPK 13-0-45,13-0-45,High potassium demand with adequate phosphorus. NPK 13-0-45 provides premium K and supplementary N for quality crops.,Apply 100–120 kg/ha: 40% basal + 60% at flowering/fruiting via fertigation.
Onion,Loamy,33,45,96,Urea,46-0-0,Nitrogen is severely deficient. Urea (46% N) rapidly restores soil nitrogen for vegetative growth.,Apply 100–120 kg/ha split: 50% at sowing + 50% at 30 DAS. Incorporate into moist soil.
Onion,Loamy,80,20,72,SSP (Single Super Phosphate),0-16-0,Severe phosphorus deficiency. SSP provides P with calcium and sulphur — ideal for legumes and oilseeds.,Apply 200–250 kg/ha as basal dose incorporated into soil before sowing.
Onion,Loamy,52,32,87,NPK 20-20-0,20-20-0,Nitrogen and phosphorus are deficient; potassium is adequate. NPK 20-20-0 targets N & P without excess K.,Apply 120–150 kg/ha at sowing. Supplement with 30 kg/ha urea at tillering stage.
Onion,Loamy,98,22,62,NPK 10-26-26,10-26-26,Phosphorus and potassium are deficient; nitrogen is adequate. NPK 10-26-26 corrects P & K without excess N.,Apply 120–150 kg/ha as basal dose before planting. Ideal for fruiting crops.
Onion,Loamy,48,20,102,NPK 20-20-0,20-20-0,Nitrogen and phosphorus are deficient; potassium is adequate. NPK 20-20-0 targets N & P without excess K.,Apply 120–150 kg/ha at sowing. Supplement with 30 kg/ha urea at tillering stage.
Onion,Loamy,115,29,98,DAP,18-46-0,Phosphorus is severely deficient. DAP delivers high P (46%) essential for root development and energy transfer.,"Apply 80–100 kg/ha as basal dose, 5–10 cm below seed level before planting."
Onion,Loamy,114,54,39,MOP (Muriate of Potash),0-0-60,"Potassium is severely deficient. MOP (60% K) improves drought tolerance, disease resistance, and grain quality.",Apply 60–80 kg/ha: 50% basal at sowing + 50% at flowering. Avoid during dry spells.
Onion,Loamy,120,29,55,NPK 10-26-26,10-26-26,Phosphorus and potassium are deficient; nitrogen is adequate. NPK 10-26-26 corrects P & K without excess N.,Apply 120–150 kg/ha as basal dose before planting. Ideal for fruiting crops.
Onion,Loamy,26,35,31,NPK 13-0-45,13-0-45,High potassium demand with adequate phosphorus. NPK 13-0-45 provides premium K and supplementary N for quality crops.,Apply 100–120 kg/ha: 40% basal + 60% at flowering/fruiting via fertigation.
Onion,Loamy,46,26,104,NPK 20-20-0,20-20-0,Nitrogen and phosphorus are deficient; potassium is adequate. NPK 20-20-0 targets N & P without excess K.,Apply 120–150 kg/ha at sowing. Supplement with 30 kg/ha urea at tillering stage.
Onion,Loamy,111,25,110,DAP,18-46-0,Phosphorus is severely deficient. DAP delivers high P (46%) essential for root development and energy transfer.,"Apply 80–100 kg/ha as basal dose, 5–10 cm below seed level before planting."
Onion,Loamy,110,50,35,MOP (Muriate of Potash),0-0-60,"Potassium is severely deficient. MOP (60% K) improves drought tolerance, disease resistance, and grain quality.",Apply 60–80 kg/ha: 50% basal at sowing + 50% at flowering. Avoid during dry spells.
Onion,Loamy,92,59,91,NPK 17-17-17,17-17-17,"All three nutrients (N, P, K) are below optimal. Balanced 17-17-17 corrects deficiencies uniformly.",Apply 150–200 kg/ha basal + 50–75 kg/ha top-dress at 30 & 60 DAS.
Onion,Loamy,54,36,87,Ammonium Sulphate,21-0-0,Nitrogen is moderately low. Ammonium Sulphate provides N + sulphur — ideal for alkaline/sulphur-deficient soils.,Apply 100–150 kg/ha in two splits: at planting and 30–40 DAS.
Onion,Loamy,73,16,52,NPK 10-26-26,10-26-26,Phosphorus and potassium are deficient; nitrogen is adequate. NPK 10-26-26 corrects P & K without excess N.,Apply 120–150 kg/ha as basal dose before planting. Ideal for fruiting crops.
Onion,Loamy,104,55,34,MOP (Muriate of Potash),0-0-60,"Potassium is severely deficient. MOP (60% K) improves drought tolerance, disease resistance, and grain quality.",Apply 60–80 kg/ha: 50% basal at sowing + 50% at flowering. Avoid during dry spells.
Onion,Loamy,120,27,89,DAP,18-46-0,Phosphorus is severely deficient. DAP delivers high P (46%) essential for root development and energy transfer.,"Apply 80–100 kg/ha as basal dose, 5–10 cm below seed level before planting."
Onion,Loamy,98,52,119,NPK 17-17-17,17-17-17,"All three nutrients (N, P, K) are below optimal. Balanced 17-17-17 corrects deficiencies uniformly.",Apply 150–200 kg/ha basal + 50–75 kg/ha top-dress at 30 & 60 DAS.
Onion,Loamy,52,55,33,NPK 13-0-45,13-0-45,High potassium demand with adequate phosphorus. NPK 13-0-45 provides premium K and supplementary N for quality crops.,Apply 100–120 kg/ha: 40% basal + 60% at flowering/fruiting via fertigation.
Onion,Loamy,94,48,91,NPK 17-17-17,17-17-17,"All three nutrients (N, P, K) are below optimal. Balanced 17-17-17 corrects deficiencies uniformly.",Apply 150–200 kg/ha basal + 50–75 kg/ha top-dress at 30 & 60 DAS.
Onion,Loamy,46,55,37,NPK 13-0-45,13-0-45,High potassium demand with adequate phosphorus. NPK 13-0-45 provides premium K and supplementary N for quality crops.,Apply 100–120 kg/ha: 40% basal + 60% at flowering/fruiting via fertigation.
Onion,Clay,25,47,69,Urea,46-0-0,Nitrogen is severely deficient. Urea (46% N) rapidly restores soil nitrogen for vegetative growth.,Apply 100–120 kg/ha split: 50% at sowing + 50% at 30 DAS. Incorporate into moist soil.
Onion,Clay,109,30,37,NPK 10-26-26,10-26-26,Phosphorus and potassium are deficient; nitrogen is adequate. NPK 10-26-26 corrects P & K without excess N.,Apply 120–150 kg/ha as basal dose before planting. Ideal for fruiting crops.
Onion,Clay,107,38,39,MOP (Muriate of Potash),0-0-60,"Potassium is severely deficient. MOP (60% K) improves drought tolerance, disease resistance, and grain quality.",Apply 60–80 kg/ha: 50% basal at sowing + 50% at flowering. Avoid during dry spells.
Onion,Clay,95,36,83,NPK 17-17-17,17-17-17,"All three nutrients (N, P, K) are below optimal. Balanced 17-17-17 corrects deficiencies uniformly.",Apply 150–200 kg/ha basal + 50–75 kg/ha top-dress at 30 & 60 DAS.
Onion,Clay,68,53,107,Ammonium Sulphate,21-0-0,Nitrogen is moderately low. Ammonium Sulphate provides N + sulphur — ideal for alkaline/sulphur-deficient soils.,Apply 100–150 kg/ha in two splits: at planting and 30–40 DAS.
Onion,Clay,94,15,108,SSP (Single Super Phosphate),0-16-0,Severe phosphorus deficiency. SSP provides P with calcium and sulphur — ideal for legumes and oilseeds.,Apply 200–250 kg/ha as basal dose incorporated into soil before sowing.
Onion,Clay,90,46,58,NPK 13-0-45,13-0-45,High potassium demand with adequate phosphorus. NPK 13-0-45 provides premium K and supplementary N for quality crops.,Apply 100–120 kg/ha: 40% basal + 60% at flowering/fruiting via fertigation.
Onion,Clay,112,48,31,MOP (Muriate of Potash),0-0-60,"Potassium is severely deficient. MOP (60% K) improves drought tolerance, disease resistance, and grain quality.",Apply 60–80 kg/ha: 50% basal at sowing + 50% at flowering. Avoid during dry spells.
Onion,Clay,62,56,24,NPK 13-0-45,13-0-45,High potassium demand with adequate phosphorus. NPK 13-0-45 provides premium K and supplementary N for quality crops.,Apply 100–120 kg/ha: 40% basal + 60% at flowering/fruiting via fertigation.
Onion,Clay,120,45,86,NPK 17-17-17,17-17-17,"All three nutrients (N, P, K) are below optimal. Balanced 17-17-17 corrects deficiencies uniformly.",Apply 150–200 kg/ha basal + 50–75 kg/ha top-dress at 30 & 60 DAS.
Onion,Clay,48,23,118,NPK 20-20-0,20-20-0,Nitrogen and phosphorus are deficient; potassium is adequate. NPK 20-20-0 targets N & P without excess K.,Apply 120–150 kg/ha at sowing. Supplement with 30 kg/ha urea at tillering stage.
Onion,Clay,51,50,61,NPK 13-0-45,13-0-45,High potassium demand with adequate phosphorus. NPK 13-0-45 provides premium K and supplementary N for quality crops.,Apply 100–120 kg/ha: 40% basal + 60% at flowering/fruiting via fertigation.
Onion,Clay,34,10,77,NPK 20-20-0,20-20-0,Nitrogen and phosphorus are deficient; potassium is adequate. NPK 20-20-0 targets N & P without excess K.,Apply 120–150 kg/ha at sowing. Supplement with 30 kg/ha urea at tillering stage.
Onion,Clay,122,29,57,NPK 10-26-26,10-26-26,Phosphorus and potassium are deficient; nitrogen is adequate. NPK 10-26-26 corrects P & K without excess N.,Apply 120–150 kg/ha as basal dose before planting. Ideal for fruiting crops.
Onion,Clay,56,37,66,Ammonium Sulphate,21-0-0,Nitrogen is moderately low. Ammonium Sulphate provides N + sulphur — ideal for alkaline/sulphur-deficient soils.,Apply 100–150 kg/ha in two splits: at planting and 30–40 DAS.
Onion,Clay,112,36,73,NPK 12-32-16,12-32-16,High phosphorus demand with moderate N and K deficiency. NPK 12-32-16 emphasises P with balanced N & K.,Apply 100–125 kg/ha as basal. Supplement with 30 kg/ha urea at 30 DAS.
Onion,Clay,34,61,46,NPK 13-0-45,13-0-45,High potassium demand with adequate phosphorus. NPK 13-0-45 provides premium K and supplementary N for quality crops.,Apply 100–120 kg/ha: 40% basal + 60% at flowering/fruiting via fertigation.
Onion,Clay,27,44,82,Urea,46-0-0,Nitrogen is severely deficient. Urea (46% N) rapidly restores soil nitrogen for vegetative growth.,Apply 100–120 kg/ha split: 50% at sowing + 50% at 30 DAS. Incorporate into moist soil.
Onion,Clay,63,32,102,NPK 20-20-0,20-20-0,Nitrogen and phosphorus are deficient; potassium is adequate. NPK 20-20-0 targets N & P without excess K.,Apply 120–150 kg/ha at sowing. Supplement with 30 kg/ha urea at tillering stage.
Onion,Clay,40,53,88,Urea,46-0-0,Nitrogen is severely deficient. Urea (46% N) rapidly restores soil nitrogen for vegetative growth.,Apply 100–120 kg/ha split: 50% at sowing + 50% at 30 DAS. Incorporate into moist soil.
Onion,Clay,63,34,46,NPK 13-0-45,13-0-45,High potassium demand with adequate phosphorus. NPK 13-0-45 provides premium K and supplementary N for quality crops.,Apply 100–120 kg/ha: 40% basal + 60% at flowering/fruiting via fertigation.
Onion,Clay,98,36,53,NPK 13-0-45,13-0-45,High potassium demand with adequate phosphorus. NPK 13-0-45 provides premium K and supplementary N for quality crops.,Apply 100–120 kg/ha: 40% basal + 60% at flowering/fruiting via fertigation.
Onion,Clay,82,62,65,NPK 17-17-17,17-17-17,"All three nutrients (N, P, K) are below optimal. Balanced 17-17-17 corrects deficiencies uniformly.",Apply 150–200 kg/ha basal + 50–75 kg/ha top-dress at 30 & 60 DAS.
Onion,Clay,116,28,25,NPK 10-26-26,10-26-26,Phosphorus and potassium are deficient; nitrogen is adequate. NPK 10-26-26 corrects P & K without excess N.,Apply 120–150 kg/ha as basal dose before planting. Ideal for fruiting crops.
Onion,Clay,41,31,43,NPK 17-17-17,17-17-17,"All three nutrients (N, P, K) are below optimal. Balanced 17-17-17 corrects deficiencies uniformly.",Apply 150–200 kg/ha basal + 50–75 kg/ha top-dress at 30 & 60 DAS.
Onion,Silt,20,58,108,Urea,46-0-0,Nitrogen is severely deficient. Urea (46% N) rapidly restores soil nitrogen for vegetative growth.,Apply 100–120 kg/ha split: 50% at sowing + 50% at 30 DAS. Incorporate into moist soil.
Onion,Silt,97,18,32,NPK 10-26-26,10-26-26,Phosphorus and potassium are deficient; nitrogen is adequate. NPK 10-26-26 corrects P & K without excess N.,Apply 120–150 kg/ha as basal dose before planting. Ideal for fruiting crops.
Onion,Silt,27,48,117,Urea,46-0-0,Nitrogen is severely deficient. Urea (46% N) rapidly restores soil nitrogen for vegetative growth.,Apply 100–120 kg/ha split: 50% at sowing + 50% at 30 DAS. Incorporate into moist soil.
Onion,Silt,65,16,73,SSP (Single Super Phosphate),0-16-0,Severe phosphorus deficiency. SSP provides P with calcium and sulphur — ideal for legumes and oilseeds.,Apply 200–250 kg/ha as basal dose incorporated into soil before sowing.
Onion,Silt,56,29,85,NPK 20-20-0,20-20-0,Nitrogen and phosphorus are deficient; potassium is adequate. NPK 20-20-0 targets N & P without excess K.,Apply 120–150 kg/ha at sowing. Supplement with 30 kg/ha urea at tillering stage.
Onion,Silt,95,15,23,NPK 10-26-26,10-26-26,Phosphorus and potassium are deficient; nitrogen is adequate. NPK 10-26-26 corrects P & K without excess N.,Apply 120–150 kg/ha as basal dose before planting. Ideal for fruiting crops.
Onion,Silt,124,22,25,NPK 10-26-26,10-26-26,Phosphorus and potassium are deficient; nitrogen is adequate. NPK 10-26-26 corrects P & K without excess N.,Apply 120–150 kg/ha as basal dose before planting. Ideal for fruiting crops.
Onion,Silt,39,12,61,NPK 17-17-17,17-17-17,"All three nutrients (N, P, K) are below optimal. Balanced 17-17-17 corrects deficiencies uniformly.",Apply 150–200 kg/ha basal + 50–75 kg/ha top-dress at 30 & 60 DAS.
Onion,Silt,104,27,66,DAP,18-46-0,Phosphorus is severely deficient. DAP delivers high P (46%) essential for root development and energy transfer.,"Apply 80–100 kg/ha as basal dose, 5–10 cm below seed level before planting."
Onion,Silt,90,36,110,NPK 17-17-17,17-17-17,"All three nutrients (N, P, K) are below optimal. Balanced 17-17-17 corrects deficiencies uniformly.",Apply 150–200 kg/ha basal + 50–75 kg/ha top-dress at 30 & 60 DAS.
Onion,Silt,110,10,101,SSP (Single Super Phosphate),0-16-0,Severe phosphorus deficiency. SSP provides P with calcium and sulphur — ideal for legumes and oilseeds.,Apply 200–250 kg/ha as basal dose incorporated into soil before sowing.
Onion,Silt,68,61,70,NPK 13-0-45,13-0-45,High potassium demand with adequate phosphorus. NPK 13-0-45 provides premium K and supplementary N for quality crops.,Apply 100–120 kg/ha: 40% basal + 60% at flowering/fruiting via fertigation.
Onion,Silt,123,49,46,NPK 13-0-45,13-0-45,High potassium demand with adequate phosphorus. NPK 13-0-45 provides premium K and supplementary N for quality crops.,Apply 100–120 kg/ha: 40% basal + 60% at flowering/fruiting via fertigation.
Onion,Silt,76,62,110,Ammonium Sulphate,21-0-0,Nitrogen is moderately low. Ammonium Sulphate provides N + sulphur — ideal for alkaline/sulphur-deficient soils.,Apply 100–150 kg/ha in two splits: at planting and 30–40 DAS.
Onion,Silt,30,47,56,NPK 13-0-45,13-0-45,High potassium demand with adequate phosphorus. NPK 13-0-45 provides premium K and supplementary N for quality crops.,Apply 100–120 kg/ha: 40% basal + 60% at flowering/fruiting via fertigation.
Onion,Silt,20,31,44,NPK 17-17-17,17-17-17,"All three nutrients (N, P, K) are below optimal. Balanced 17-17-17 corrects deficiencies uniformly.",Apply 150–200 kg/ha basal + 50–75 kg/ha top-dress at 30 & 60 DAS.
Onion,Silt,105,27,106,DAP,18-46-0,Phosphorus is severely deficient. DAP delivers high P (46%) essential for root development and energy transfer.,"Apply 80–100 kg/ha as basal dose, 5–10 cm below seed level before planting."
Onion,Silt,20,26,45,NPK 17-17-17,17-17-17,"All three nutrients (N, P, K) are below optimal. Balanced 17-17-17 corrects deficiencies uniformly.",Apply 150–200 kg/ha basal + 50–75 kg/ha top-dress at 30 & 60 DAS.
Onion,Silt,44,13,39,NPK 17-17-17,17-17-17,"All three nutrients (N, P, K) are below optimal. Balanced 17-17-17 corrects deficiencies uniformly.",Apply 150–200 kg/ha basal + 50–75 kg/ha top-dress at 30 & 60 DAS.
Onion,Silt,78,25,63,NPK 10-26-26,10-26-26,Phosphorus and potassium are deficient; nitrogen is adequate. NPK 10-26-26 corrects P & K without excess N.,Apply 120–150 kg/ha as basal dose before planting. Ideal for fruiting crops.
Onion,Silt,59,55,115,Ammonium Sulphate,21-0-0,Nitrogen is moderately low. Ammonium Sulphate provides N + sulphur — ideal for alkaline/sulphur-deficient soils.,Apply 100–150 kg/ha in two splits: at planting and 30–40 DAS.
Onion,Silt,71,27,31,NPK 10-26-26,10-26-26,Phosphorus and potassium are deficient; nitrogen is adequate. NPK 10-26-26 corrects P & K without excess N.,Apply 120–150 kg/ha as basal dose before planting. Ideal for fruiting crops.
Onion,Silt,120,13,51,NPK 10-26-26,10-26-26,Phosphorus and potassium are deficient; nitrogen is adequate. NPK 10-26-26 corrects P & K without excess N.,Apply 120–150 kg/ha as basal dose before planting. Ideal for fruiting crops.
Onion,Silt,51,26,37,NPK 17-17-17,17-17-17,"All three nutrients (N, P, K) are below optimal. Balanced 17-17-17 corrects deficiencies uniformly.",Apply 150–200 kg/ha basal + 50–75 kg/ha top-dress at 30 & 60 DAS.
Onion,Silt,102,16,86,SSP (Single Super Phosphate),0-16-0,Severe phosphorus deficiency. SSP provides P with calcium and sulphur — ideal for legumes and oilseeds.,Apply 200–250 kg/ha as basal dose incorporated into soil before sowing.
Onion,Black,33,13,115,NPK 20-20-0,20-20-0,Nitrogen and phosphorus are deficient; potassium is adequate. NPK 20-20-0 targets N & P without excess K.,Apply 120–150 kg/ha at sowing. Supplement with 30 kg/ha urea at tillering stage.
Onion,Black,39,53,77,Urea,46-0-0,Nitrogen is severely deficient. Urea (46% N) rapidly restores soil nitrogen for vegetative growth.,Apply 100–120 kg/ha split: 50% at sowing + 50% at 30 DAS. Incorporate into moist soil.
Onion,Black,28,60,45,NPK 13-0-45,13-0-45,High potassium demand with adequate phosphorus. NPK 13-0-45 provides premium K and supplementary N for quality crops.,Apply 100–120 kg/ha: 40% basal + 60% at flowering/fruiting via fertigation.
Onion,Black,110,18,109,SSP (Single Super Phosphate),0-16-0,Severe phosphorus deficiency. SSP provides P with calcium and sulphur — ideal for legumes and oilseeds.,Apply 200–250 kg/ha as basal dose incorporated into soil before sowing.
Onion,Black,21,36,100,Urea,46-0-0,Nitrogen is severely deficient. Urea (46% N) rapidly restores soil nitrogen for vegetative growth.,Apply 100–120 kg/ha split: 50% at sowing + 50% at 30 DAS. Incorporate into moist soil.
Onion,Black,118,57,106,NPK 17-17-17,17-17-17,"All three nutrients (N, P, K) are below optimal. Balanced 17-17-17 corrects deficiencies uniformly.",Apply 150–200 kg/ha basal + 50–75 kg/ha top-dress at 30 & 60 DAS.
Onion,Black,113,20,49,NPK 10-26-26,10-26-26,Phosphorus and potassium are deficient; nitrogen is adequate. NPK 10-26-26 corrects P & K without excess N.,Apply 120–150 kg/ha as basal dose before planting. Ideal for fruiting crops.
Onion,Black,50,29,61,NPK 17-17-17,17-17-17,"All three nutrients (N, P, K) are below optimal. Balanced 17-17-17 corrects deficiencies uniformly.",Apply 150–200 kg/ha basal + 50–75 kg/ha top-dress at 30 & 60 DAS.
Onion,Black,77,18,92,SSP (Single Super Phosphate),0-16-0,Severe phosphorus deficiency. SSP provides P with calcium and sulphur — ideal for legumes and oilseeds.,Apply 200–250 kg/ha as basal dose incorporated into soil before sowing.
Onion,Black,37,26,72,NPK 20-20-0,20-20-0,Nitrogen and phosphorus are deficient; potassium is adequate. NPK 20-20-0 targets N & P without excess K.,Apply 120–150 kg/ha at sowing. Supplement with 30 kg/ha urea at tillering stage.
Onion,Black,103,48,87,NPK 17-17-17,17-17-17,"All three nutrients (N, P, K) are below optimal. Balanced 17-17-17 corrects deficiencies uniformly.",Apply 150–200 kg/ha basal + 50–75 kg/ha top-dress at 30 & 60 DAS.
Onion,Black,36,38,29,NPK 13-0-45,13-0-45,High potassium demand with adequate phosphorus. NPK 13-0-45 provides premium K and supplementary N for quality crops.,Apply 100–120 kg/ha: 40% basal + 60% at flowering/fruiting via fertigation.
Onion,Black,59,31,24,NPK 17-17-17,17-17-17,"All three nutrients (N, P, K) are below optimal. Balanced 17-17-17 corrects deficiencies uniformly.",Apply 150–200 kg/ha basal + 50–75 kg/ha top-dress at 30 & 60 DAS.
Onion,Black,48,60,120,Urea,46-0-0,Nitrogen is severely deficient. Urea (46% N) rapidly restores soil nitrogen for vegetative growth.,Apply 100–120 kg/ha split: 50% at sowing + 50% at 30 DAS. Incorporate into moist soil.
Onion,Black,56,12,38,NPK 17-17-17,17-17-17,"All three nutrients (N, P, K) are below optimal. Balanced 17-17-17 corrects deficiencies uniformly.",Apply 150–200 kg/ha basal + 50–75 kg/ha top-dress at 30 & 60 DAS.
Onion,Black,61,59,34,NPK 13-0-45,13-0-45,High potassium demand with adequate phosphorus. NPK 13-0-45 provides premium K and supplementary N for quality crops.,Apply 100–120 kg/ha: 40% basal + 60% at flowering/fruiting via fertigation.
Onion,Black,100,15,123,SSP (Single Super Phosphate),0-16-0,Severe phosphorus deficiency. SSP provides P with calcium and sulphur — ideal for legumes and oilseeds.,Apply 200–250 kg/ha as basal dose incorporated into soil before sowing.
Onion,Black,60,50,55,NPK 13-0-45,13-0-45,High potassium demand with adequate phosphorus. NPK 13-0-45 provides premium K and supplementary N for quality crops.,Apply 100–120 kg/ha: 40% basal + 60% at flowering/fruiting via fertigation.
Onion,Black,85,20,35,NPK 10-26-26,10-26-26,Phosphorus and potassium are deficient; nitrogen is adequate. NPK 10-26-26 corrects P & K without excess N.,Apply 120–150 kg/ha as basal dose before planting. Ideal for fruiting crops.
Onion,Black,118,58,113,NPK 17-17-17,17-17-17,"All three nutrients (N, P, K) are below optimal. Balanced 17-17-17 corrects deficiencies uniformly.",Apply 150–200 kg/ha basal + 50–75 kg/ha top-dress at 30 & 60 DAS.
Onion,Black,85,52,27,MOP (Muriate of Potash),0-0-60,"Potassium is severely deficient. MOP (60% K) improves drought tolerance, disease resistance, and grain quality.",Apply 60–80 kg/ha: 50% basal at sowing + 50% at flowering. Avoid during dry spells.
Onion,Black,55,26,86,NPK 20-20-0,20-20-0,Nitrogen and phosphorus are deficient; potassium is adequate. NPK 20-20-0 targets N & P without excess K.,Apply 120–150 kg/ha at sowing. Supplement with 30 kg/ha urea at tillering stage.
Onion,Black,57,17,82,NPK 20-20-0,20-20-0,Nitrogen and phosphorus are deficient; potassium is adequate. NPK 20-20-0 targets N & P without excess K.,Apply 120–150 kg/ha at sowing. Supplement with 30 kg/ha urea at tillering stage.
Onion,Black,105,30,33,NPK 10-26-26,10-26-26,Phosphorus and potassium are deficient; nitrogen is adequate. NPK 10-26-26 corrects P & K without excess N.,Apply 120–150 kg/ha as basal dose before planting. Ideal for fruiting crops.
Onion,Black,40,22,51,NPK 17-17-17,17-17-17,"All three nutrients (N, P, K) are below optimal. Balanced 17-17-17 corrects deficiencies uniformly.",Apply 150–200 kg/ha basal + 50–75 kg/ha top-dress at 30 & 60 DAS.
Onion,Red,87,41,93,NPK 17-17-17,17-17-17,"All three nutrients (N, P, K) are below optimal. Balanced 17-17-17 corrects deficiencies uniformly.",Apply 150–200 kg/ha basal + 50–75 kg/ha top-dress at 30 & 60 DAS.
Onion,Red,58,53,41,NPK 13-0-45,13-0-45,High potassium demand with adequate phosphorus. NPK 13-0-45 provides premium K and supplementary N for quality crops.,Apply 100–120 kg/ha: 40% basal + 60% at flowering/fruiting via fertigation.
Onion,Red,69,52,38,MOP (Muriate of Potash),0-0-60,"Potassium is severely deficient. MOP (60% K) improves drought tolerance, disease resistance, and grain quality.",Apply 60–80 kg/ha: 50% basal at sowing + 50% at flowering. Avoid during dry spells.
Onion,Red,31,56,56,NPK 13-0-45,13-0-45,High potassium demand with adequate phosphorus. NPK 13-0-45 provides premium K and supplementary N for quality crops.,Apply 100–120 kg/ha: 40% basal + 60% at flowering/fruiting via fertigation.
Onion,Red,91,11,92,SSP (Single Super Phosphate),0-16-0,Severe phosphorus deficiency. SSP provides P with calcium and sulphur — ideal for legumes and oilseeds.,Apply 200–250 kg/ha as basal dose incorporated into soil before sowing.
Onion,Red,53,12,84,NPK 20-20-0,20-20-0,Nitrogen and phosphorus are deficient; potassium is adequate. NPK 20-20-0 targets N & P without excess K.,Apply 120–150 kg/ha at sowing. Supplement with 30 kg/ha urea at tillering stage.
Onion,Red,45,30,28,NPK 17-17-17,17-17-17,"All three nutrients (N, P, K) are below optimal. Balanced 17-17-17 corrects deficiencies uniformly.",Apply 150–200 kg/ha basal + 50–75 kg/ha top-dress at 30 & 60 DAS.
Onion,Red,35,25,29,NPK 17-17-17,17-17-17,"All three nutrients (N, P, K) are below optimal. Balanced 17-17-17 corrects deficiencies uniformly.",Apply 150–200 kg/ha basal + 50–75 kg/ha top-dress at 30 & 60 DAS.
Onion,Red,115,10,70,SSP (Single Super Phosphate),0-16-0,Severe phosphorus deficiency. SSP provides P with calcium and sulphur — ideal for legumes and oilseeds.,Apply 200–250 kg/ha as basal dose incorporated into soil before sowing.
Onion,Red,32,26,117,NPK 20-20-0,20-20-0,Nitrogen and phosphorus are deficient; potassium is adequate. NPK 20-20-0 targets N & P without excess K.,Apply 120–150 kg/ha at sowing. Supplement with 30 kg/ha urea at tillering stage.
Onion,Red,36,60,41,NPK 13-0-45,13-0-45,High potassium demand with adequate phosphorus. NPK 13-0-45 provides premium K and supplementary N for quality crops.,Apply 100–120 kg/ha: 40% basal + 60% at flowering/fruiting via fertigation.
Onion,Red,97,38,112,NPK 17-17-17,17-17-17,"All three nutrients (N, P, K) are below optimal. Balanced 17-17-17 corrects deficiencies uniformly.",Apply 150–200 kg/ha basal + 50–75 kg/ha top-dress at 30 & 60 DAS.
Onion,Red,78,38,40,MOP (Muriate of Potash),0-0-60,"Potassium is severely deficient. MOP (60% K) improves drought tolerance, disease resistance, and grain quality.",Apply 60–80 kg/ha: 50% basal at sowing + 50% at flowering. Avoid during dry spells.
Onion,Red,37,58,54,NPK 13-0-45,13-0-45,High potassium demand with adequate phosphorus. NPK 13-0-45 provides premium K and supplementary N for quality crops.,Apply 100–120 kg/ha: 40% basal + 60% at flowering/fruiting via fertigation.
Onion,Red,59,49,55,NPK 13-0-45,13-0-45,High potassium demand with adequate phosphorus. NPK 13-0-45 provides premium K and supplementary N for quality crops.,Apply 100–120 kg/ha: 40% basal + 60% at flowering/fruiting via fertigation.
Onion,Red,119,48,82,NPK 17-17-17,17-17-17,"All three nutrients (N, P, K) are below optimal. Balanced 17-17-17 corrects deficiencies uniformly.",Apply 150–200 kg/ha basal + 50–75 kg/ha top-dress at 30 & 60 DAS.
Onion,Red,112,12,46,NPK 10-26-26,10-26-26,Phosphorus and potassium are deficient; nitrogen is adequate. NPK 10-26-26 corrects P & K without excess N.,Apply 120–150 kg/ha as basal dose before planting. Ideal for fruiting crops.
Onion,Red,68,21,98,SSP (Single Super Phosphate),0-16-0,Severe phosphorus deficiency. SSP provides P with calcium and sulphur — ideal for legumes and oilseeds.,Apply 200–250 kg/ha as basal dose incorporated into soil before sowing.
Onion,Red,116,32,55,NPK 10-26-26,10-26-26,Phosphorus and potassium are deficient; nitrogen is adequate. NPK 10-26-26 corrects P & K without excess N.,Apply 120–150 kg/ha as basal dose before planting. Ideal for fruiting crops.
Onion,Red,120,33,71,NPK 12-32-16,12-32-16,High phosphorus demand with moderate N and K deficiency. NPK 12-32-16 emphasises P with balanced N & K.,Apply 100–125 kg/ha as basal. Supplement with 30 kg/ha urea at 30 DAS.
Onion,Red,56,57,79,Ammonium Sulphate,21-0-0,Nitrogen is moderately low. Ammonium Sulphate provides N + sulphur — ideal for alkaline/sulphur-deficient soils.,Apply 100–150 kg/ha in two splits: at planting and 30–40 DAS.
Onion,Red,100,52,55,NPK 13-0-45,13-0-45,High potassium demand with adequate phosphorus. NPK 13-0-45 provides premium K and supplementary N for quality crops.,Apply 100–120 kg/ha: 40% basal + 60% at flowering/fruiting via fertigation.
Onion,Red,65,54,58,NPK 13-0-45,13-0-45,High potassium demand with adequate phosphorus. NPK 13-0-45 provides premium K and supplementary N for quality crops.,Apply 100–120 kg/ha: 40% basal + 60% at flowering/fruiting via fertigation.
Onion,Red,103,59,85,NPK 17-17-17,17-17-17,"All three nutrients (N, P, K) are below optimal. Balanced 17-17-17 corrects deficiencies uniformly.",Apply 150–200 kg/ha basal + 50–75 kg/ha top-dress at 30 & 60 DAS.
Onion,Red,97,52,108,NPK 17-17-17,17-17-17,"All three nutrients (N, P, K) are below optimal. Balanced 17-17-17 corrects deficiencies uniformly.",Apply 150–200 kg/ha basal + 50–75 kg/ha top-dress at 30 & 60 DAS.
Chickpea,Sandy,12,15,24,NPK 17-17-17,17-17-17,"All three nutrients (N, P, K) are below optimal. Balanced 17-17-17 corrects deficiencies uniformly.",Apply 150–200 kg/ha basal + 50–75 kg/ha top-dress at 30 & 60 DAS.
Chickpea,Sandy,18,40,39,NPK 17-17-17,17-17-17,"All three nutrients (N, P, K) are below optimal. Balanced 17-17-17 corrects deficiencies uniformly.",Apply 150–200 kg/ha basal + 50–75 kg/ha top-dress at 30 & 60 DAS.
Chickpea,Sandy,11,51,15,NPK 13-0-45,13-0-45,High potassium demand with adequate phosphorus. NPK 13-0-45 provides premium K and supplementary N for quality crops.,Apply 100–120 kg/ha: 40% basal + 60% at flowering/fruiting via fertigation.
Chickpea,Sandy,19,46,16,MOP (Muriate of Potash),0-0-60,"Potassium is severely deficient. MOP (60% K) improves drought tolerance, disease resistance, and grain quality.",Apply 60–80 kg/ha: 50% basal at sowing + 50% at flowering. Avoid during dry spells.
Chickpea,Sandy,10,59,28,Ammonium Sulphate,21-0-0,Nitrogen is moderately low. Ammonium Sulphate provides N + sulphur — ideal for alkaline/sulphur-deficient soils.,Apply 100–150 kg/ha in two splits: at planting and 30–40 DAS.
Chickpea,Sandy,8,72,38,Urea,46-0-0,Nitrogen is severely deficient. Urea (46% N) rapidly restores soil nitrogen for vegetative growth.,Apply 100–120 kg/ha split: 50% at sowing + 50% at 30 DAS. Incorporate into moist soil.
Chickpea,Sandy,24,38,27,DAP,18-46-0,Phosphorus is severely deficient. DAP delivers high P (46%) essential for root development and energy transfer.,"Apply 80–100 kg/ha as basal dose, 5–10 cm below seed level before planting."
Chickpea,Sandy,22,45,37,NPK 17-17-17,17-17-17,"All three nutrients (N, P, K) are below optimal. Balanced 17-17-17 corrects deficiencies uniformly.",Apply 150–200 kg/ha basal + 50–75 kg/ha top-dress at 30 & 60 DAS.
Chickpea,Sandy,9,40,13,NPK 13-0-45,13-0-45,High potassium demand with adequate phosphorus. NPK 13-0-45 provides premium K and supplementary N for quality crops.,Apply 100–120 kg/ha: 40% basal + 60% at flowering/fruiting via fertigation.
Chickpea,Sandy,8,12,9,NPK 17-17-17,17-17-17,"All three nutrients (N, P, K) are below optimal. Balanced 17-17-17 corrects deficiencies uniformly.",Apply 150–200 kg/ha basal + 50–75 kg/ha top-dress at 30 & 60 DAS.
Chickpea,Sandy,24,27,35,DAP,18-46-0,Phosphorus is severely deficient. DAP delivers high P (46%) essential for root development and energy transfer.,"Apply 80–100 kg/ha as basal dose, 5–10 cm below seed level before planting."
Chickpea,Sandy,21,46,14,MOP (Muriate of Potash),0-0-60,"Potassium is severely deficient. MOP (60% K) improves drought tolerance, disease resistance, and grain quality.",Apply 60–80 kg/ha: 50% basal at sowing + 50% at flowering. Avoid during dry spells.
Chickpea,Sandy,19,49,38,NPK 17-17-17,17-17-17,"All three nutrients (N, P, K) are below optimal. Balanced 17-17-17 corrects deficiencies uniformly.",Apply 150–200 kg/ha basal + 50–75 kg/ha top-dress at 30 & 60 DAS.
Chickpea,Sandy,20,73,32,NPK 17-17-17,17-17-17,"All three nutrients (N, P, K) are below optimal. Balanced 17-17-17 corrects deficiencies uniformly.",Apply 150–200 kg/ha basal + 50–75 kg/ha top-dress at 30 & 60 DAS.
Chickpea,Sandy,11,52,10,NPK 13-0-45,13-0-45,High potassium demand with adequate phosphorus. NPK 13-0-45 provides premium K and supplementary N for quality crops.,Apply 100–120 kg/ha: 40% basal + 60% at flowering/fruiting via fertigation.
Chickpea,Sandy,22,19,21,NPK 10-26-26,10-26-26,Phosphorus and potassium are deficient; nitrogen is adequate. NPK 10-26-26 corrects P & K without excess N.,Apply 120–150 kg/ha as basal dose before planting. Ideal for fruiting crops.
Chickpea,Sandy,21,49,24,NPK 13-0-45,13-0-45,High potassium demand with adequate phosphorus. NPK 13-0-45 provides premium K and supplementary N for quality crops.,Apply 100–120 kg/ha: 40% basal + 60% at flowering/fruiting via fertigation.
Chickpea,Sandy,13,65,22,NPK 13-0-45,13-0-45,High potassium demand with adequate phosphorus. NPK 13-0-45 provides premium K and supplementary N for quality crops.,Apply 100–120 kg/ha: 40% basal + 60% at flowering/fruiting via fertigation.
Chickpea,Sandy,22,17,40,SSP (Single Super Phosphate),0-16-0,Severe phosphorus deficiency. SSP provides P with calcium and sulphur — ideal for legumes and oilseeds.,Apply 200–250 kg/ha as basal dose incorporated into soil before sowing.
Chickpea,Sandy,21,23,26,SSP (Single Super Phosphate),0-16-0,Severe phosphorus deficiency. SSP provides P with calcium and sulphur — ideal for legumes and oilseeds.,Apply 200–250 kg/ha as basal dose incorporated into soil before sowing.
Chickpea,Sandy,7,56,30,Urea,46-0-0,Nitrogen is severely deficient. Urea (46% N) rapidly restores soil nitrogen for vegetative growth.,Apply 100–120 kg/ha split: 50% at sowing + 50% at 30 DAS. Incorporate into moist soil.
Chickpea,Sandy,17,24,16,NPK 10-26-26,10-26-26,Phosphorus and potassium are deficient; nitrogen is adequate. NPK 10-26-26 corrects P & K without excess N.,Apply 120–150 kg/ha as basal dose before planting. Ideal for fruiting crops.
Chickpea,Sandy,4,32,31,NPK 20-20-0,20-20-0,Nitrogen and phosphorus are deficient; potassium is adequate. NPK 20-20-0 targets N & P without excess K.,Apply 120–150 kg/ha at sowing. Supplement with 30 kg/ha urea at tillering stage.
Chickpea,Sandy,22,54,26,NPK 17-17-17,17-17-17,"All three nutrients (N, P, K) are below optimal. Balanced 17-17-17 corrects deficiencies uniformly.",Apply 150–200 kg/ha basal + 50–75 kg/ha top-dress at 30 & 60 DAS.
Chickpea,Sandy,24,57,47,NPK 17-17-17,17-17-17,"All three nutrients (N, P, K) are below optimal. Balanced 17-17-17 corrects deficiencies uniformly.",Apply 150–200 kg/ha basal + 50–75 kg/ha top-dress at 30 & 60 DAS.
Chickpea,Loamy,15,28,10,NPK 10-26-26,10-26-26,Phosphorus and potassium are deficient; nitrogen is adequate. NPK 10-26-26 corrects P & K without excess N.,Apply 120–150 kg/ha as basal dose before planting. Ideal for fruiting crops.
Chickpea,Loamy,19,19,20,NPK 10-26-26,10-26-26,Phosphorus and potassium are deficient; nitrogen is adequate. NPK 10-26-26 corrects P & K without excess N.,Apply 120–150 kg/ha as basal dose before planting. Ideal for fruiting crops.
Chickpea,Loamy,15,47,33,NPK 17-17-17,17-17-17,"All three nutrients (N, P, K) are below optimal. Balanced 17-17-17 corrects deficiencies uniformly.",Apply 150–200 kg/ha basal + 50–75 kg/ha top-dress at 30 & 60 DAS.
Chickpea,Loamy,7,35,33,NPK 20-20-0,20-20-0,Nitrogen and phosphorus are deficient; potassium is adequate. NPK 20-20-0 targets N & P without excess K.,Apply 120–150 kg/ha at sowing. Supplement with 30 kg/ha urea at tillering stage.
Chickpea,Loamy,24,57,46,NPK 17-17-17,17-17-17,"All three nutrients (N, P, K) are below optimal. Balanced 17-17-17 corrects deficiencies uniformly.",Apply 150–200 kg/ha basal + 50–75 kg/ha top-dress at 30 & 60 DAS.
Chickpea,Loamy,20,49,16,MOP (Muriate of Potash),0-0-60,"Potassium is severely deficient. MOP (60% K) improves drought tolerance, disease resistance, and grain quality.",Apply 60–80 kg/ha: 50% basal at sowing + 50% at flowering. Avoid during dry spells.
Chickpea,Loamy,18,51,33,NPK 17-17-17,17-17-17,"All three nutrients (N, P, K) are below optimal. Balanced 17-17-17 corrects deficiencies uniformly.",Apply 150–200 kg/ha basal + 50–75 kg/ha top-dress at 30 & 60 DAS.
Chickpea,Loamy,14,45,22,NPK 13-0-45,13-0-45,High potassium demand with adequate phosphorus. NPK 13-0-45 provides premium K and supplementary N for quality crops.,Apply 100–120 kg/ha: 40% basal + 60% at flowering/fruiting via fertigation.
Chickpea,Loamy,14,24,41,SSP (Single Super Phosphate),0-16-0,Severe phosphorus deficiency. SSP provides P with calcium and sulphur — ideal for legumes and oilseeds.,Apply 200–250 kg/ha as basal dose incorporated into soil before sowing.
Chickpea,Loamy,7,17,26,NPK 20-20-0,20-20-0,Nitrogen and phosphorus are deficient; potassium is adequate. NPK 20-20-0 targets N & P without excess K.,Apply 120–150 kg/ha at sowing. Supplement with 30 kg/ha urea at tillering stage.
Chickpea,Loamy,17,39,19,NPK 13-0-45,13-0-45,High potassium demand with adequate phosphorus. NPK 13-0-45 provides premium K and supplementary N for quality crops.,Apply 100–120 kg/ha: 40% basal + 60% at flowering/fruiting via fertigation.
Chickpea,Loamy,15,33,47,DAP,18-46-0,Phosphorus is severely deficient. DAP delivers high P (46%) essential for root development and energy transfer.,"Apply 80–100 kg/ha as basal dose, 5–10 cm below seed level before planting."
Chickpea,Loamy,23,43,21,NPK 13-0-45,13-0-45,High potassium demand with adequate phosphorus. NPK 13-0-45 provides premium K and supplementary N for quality crops.,Apply 100–120 kg/ha: 40% basal + 60% at flowering/fruiting via fertigation.
Chickpea,Loamy,19,14,27,SSP (Single Super Phosphate),0-16-0,Severe phosphorus deficiency. SSP provides P with calcium and sulphur — ideal for legumes and oilseeds.,Apply 200–250 kg/ha as basal dose incorporated into soil before sowing.
Chickpea,Loamy,11,69,8,NPK 13-0-45,13-0-45,High potassium demand with adequate phosphorus. NPK 13-0-45 provides premium K and supplementary N for quality crops.,Apply 100–120 kg/ha: 40% basal + 60% at flowering/fruiting via fertigation.
Chickpea,Loamy,15,58,28,NPK 13-0-45,13-0-45,High potassium demand with adequate phosphorus. NPK 13-0-45 provides premium K and supplementary N for quality crops.,Apply 100–120 kg/ha: 40% basal + 60% at flowering/fruiting via fertigation.
Chickpea,Loamy,5,73,29,Urea,46-0-0,Nitrogen is severely deficient. Urea (46% N) rapidly restores soil nitrogen for vegetative growth.,Apply 100–120 kg/ha split: 50% at sowing + 50% at 30 DAS. Incorporate into moist soil.
Chickpea,Loamy,16,26,28,SSP (Single Super Phosphate),0-16-0,Severe phosphorus deficiency. SSP provides P with calcium and sulphur — ideal for legumes and oilseeds.,Apply 200–250 kg/ha as basal dose incorporated into soil before sowing.
Chickpea,Loamy,13,16,12,NPK 10-26-26,10-26-26,Phosphorus and potassium are deficient; nitrogen is adequate. NPK 10-26-26 corrects P & K without excess N.,Apply 120–150 kg/ha as basal dose before planting. Ideal for fruiting crops.
Chickpea,Loamy,21,27,16,NPK 10-26-26,10-26-26,Phosphorus and potassium are deficient; nitrogen is adequate. NPK 10-26-26 corrects P & K without excess N.,Apply 120–150 kg/ha as basal dose before planting. Ideal for fruiting crops.
Chickpea,Loamy,14,60,10,MOP (Muriate of Potash),0-0-60,"Potassium is severely deficient. MOP (60% K) improves drought tolerance, disease resistance, and grain quality.",Apply 60–80 kg/ha: 50% basal at sowing + 50% at flowering. Avoid during dry spells.
Chickpea,Loamy,16,19,9,NPK 10-26-26,10-26-26,Phosphorus and potassium are deficient; nitrogen is adequate. NPK 10-26-26 corrects P & K without excess N.,Apply 120–150 kg/ha as basal dose before planting. Ideal for fruiting crops.
Chickpea,Loamy,5,64,12,NPK 13-0-45,13-0-45,High potassium demand with adequate phosphorus. NPK 13-0-45 provides premium K and supplementary N for quality crops.,Apply 100–120 kg/ha: 40% basal + 60% at flowering/fruiting via fertigation.
Chickpea,Loamy,4,39,43,Urea,46-0-0,Nitrogen is severely deficient. Urea (46% N) rapidly restores soil nitrogen for vegetative growth.,Apply 100–120 kg/ha split: 50% at sowing + 50% at 30 DAS. Incorporate into moist soil.
Chickpea,Loamy,9,38,9,NPK 17-17-17,17-17-17,"All three nutrients (N, P, K) are below optimal. Balanced 17-17-17 corrects deficiencies uniformly.",Apply 150–200 kg/ha basal + 50–75 kg/ha top-dress at 30 & 60 DAS.
Chickpea,Clay,13,48,31,NPK 13-0-45,13-0-45,High potassium demand with adequate phosphorus. NPK 13-0-45 provides premium K and supplementary N for quality crops.,Apply 100–120 kg/ha: 40% basal + 60% at flowering/fruiting via fertigation.
Chickpea,Clay,10,31,12,NPK 17-17-17,17-17-17,"All three nutrients (N, P, K) are below optimal. Balanced 17-17-17 corrects deficiencies uniformly.",Apply 150–200 kg/ha basal + 50–75 kg/ha top-dress at 30 & 60 DAS.
Chickpea,Clay,11,18,40,NPK 20-20-0,20-20-0,Nitrogen and phosphorus are deficient; potassium is adequate. NPK 20-20-0 targets N & P without excess K.,Apply 120–150 kg/ha at sowing. Supplement with 30 kg/ha urea at tillering stage.
Chickpea,Clay,24,73,44,NPK 17-17-17,17-17-17,"All three nutrients (N, P, K) are below optimal. Balanced 17-17-17 corrects deficiencies uniformly.",Apply 150–200 kg/ha basal + 50–75 kg/ha top-dress at 30 & 60 DAS.
Chickpea,Clay,16,56,19,NPK 13-0-45,13-0-45,High potassium demand with adequate phosphorus. NPK 13-0-45 provides premium K and supplementary N for quality crops.,Apply 100–120 kg/ha: 40% basal + 60% at flowering/fruiting via fertigation.
Chickpea,Clay,17,40,28,NPK 12-32-16,12-32-16,High phosphorus demand with moderate N and K deficiency. NPK 12-32-16 emphasises P with balanced N & K.,Apply 100–125 kg/ha as basal. Supplement with 30 kg/ha urea at 30 DAS.
Chickpea,Clay,19,29,21,NPK 10-26-26,10-26-26,Phosphorus and potassium are deficient; nitrogen is adequate. NPK 10-26-26 corrects P & K without excess N.,Apply 120–150 kg/ha as basal dose before planting. Ideal for fruiting crops.
Chickpea,Clay,23,15,28,SSP (Single Super Phosphate),0-16-0,Severe phosphorus deficiency. SSP provides P with calcium and sulphur — ideal for legumes and oilseeds.,Apply 200–250 kg/ha as basal dose incorporated into soil before sowing.
Chickpea,Clay,23,50,30,NPK 17-17-17,17-17-17,"All three nutrients (N, P, K) are below optimal. Balanced 17-17-17 corrects deficiencies uniformly.",Apply 150–200 kg/ha basal + 50–75 kg/ha top-dress at 30 & 60 DAS.
Chickpea,Clay,9,33,43,NPK 20-20-0,20-20-0,Nitrogen and phosphorus are deficient; potassium is adequate. NPK 20-20-0 targets N & P without excess K.,Apply 120–150 kg/ha at sowing. Supplement with 30 kg/ha urea at tillering stage.
Chickpea,Clay,15,44,12,MOP (Muriate of Potash),0-0-60,"Potassium is severely deficient. MOP (60% K) improves drought tolerance, disease resistance, and grain quality.",Apply 60–80 kg/ha: 50% basal at sowing + 50% at flowering. Avoid during dry spells.
Chickpea,Clay,4,72,23,NPK 13-0-45,13-0-45,High potassium demand with adequate phosphorus. NPK 13-0-45 provides premium K and supplementary N for quality crops.,Apply 100–120 kg/ha: 40% basal + 60% at flowering/fruiting via fertigation.
Chickpea,Clay,16,17,36,SSP (Single Super Phosphate),0-16-0,Severe phosphorus deficiency. SSP provides P with calcium and sulphur — ideal for legumes and oilseeds.,Apply 200–250 kg/ha as basal dose incorporated into soil before sowing.
Chickpea,Clay,23,48,13,MOP (Muriate of Potash),0-0-60,"Potassium is severely deficient. MOP (60% K) improves drought tolerance, disease resistance, and grain quality.",Apply 60–80 kg/ha: 50% basal at sowing + 50% at flowering. Avoid during dry spells.
Chickpea,Clay,16,60,25,NPK 13-0-45,13-0-45,High potassium demand with adequate phosphorus. NPK 13-0-45 provides premium K and supplementary N for quality crops.,Apply 100–120 kg/ha: 40% basal + 60% at flowering/fruiting via fertigation.
Chickpea,Clay,22,52,45,NPK 17-17-17,17-17-17,"All three nutrients (N, P, K) are below optimal. Balanced 17-17-17 corrects deficiencies uniformly.",Apply 150–200 kg/ha basal + 50–75 kg/ha top-dress at 30 & 60 DAS.
Chickpea,Clay,17,20,21,NPK 10-26-26,10-26-26,Phosphorus and potassium are deficient; nitrogen is adequate. NPK 10-26-26 corrects P & K without excess N.,Apply 120–150 kg/ha as basal dose before planting. Ideal for fruiting crops.
Chickpea,Clay,8,69,39,Urea,46-0-0,Nitrogen is severely deficient. Urea (46% N) rapidly restores soil nitrogen for vegetative growth.,Apply 100–120 kg/ha split: 50% at sowing + 50% at 30 DAS. Incorporate into moist soil.
Chickpea,Clay,18,30,15,NPK 10-26-26,10-26-26,Phosphorus and potassium are deficient; nitrogen is adequate. NPK 10-26-26 corrects P & K without excess N.,Apply 120–150 kg/ha as basal dose before planting. Ideal for fruiting crops.
Chickpea,Clay,19,41,17,MOP (Muriate of Potash),0-0-60,"Potassium is severely deficient. MOP (60% K) improves drought tolerance, disease resistance, and grain quality.",Apply 60–80 kg/ha: 50% basal at sowing + 50% at flowering. Avoid during dry spells.
Chickpea,Clay,16,14,21,NPK 10-26-26,10-26-26,Phosphorus and potassium are deficient; nitrogen is adequate. NPK 10-26-26 corrects P & K without excess N.,Apply 120–150 kg/ha as basal dose before planting. Ideal for fruiting crops.
Chickpea,Clay,13,21,49,SSP (Single Super Phosphate),0-16-0,Severe phosphorus deficiency. SSP provides P with calcium and sulphur — ideal for legumes and oilseeds.,Apply 200–250 kg/ha as basal dose incorporated into soil before sowing.
Chickpea,Clay,8,20,16,NPK 17-17-17,17-17-17,"All three nutrients (N, P, K) are below optimal. Balanced 17-17-17 corrects deficiencies uniformly.",Apply 150–200 kg/ha basal + 50–75 kg/ha top-dress at 30 & 60 DAS.
Chickpea,Clay,20,38,31,DAP,18-46-0,Phosphorus is severely deficient. DAP delivers high P (46%) essential for root development and energy transfer.,"Apply 80–100 kg/ha as basal dose, 5–10 cm below seed level before planting."
Chickpea,Clay,4,14,26,NPK 20-20-0,20-20-0,Nitrogen and phosphorus are deficient; potassium is adequate. NPK 20-20-0 targets N & P without excess K.,Apply 120–150 kg/ha at sowing. Supplement with 30 kg/ha urea at tillering stage.
Chickpea,Silt,21,67,11,MOP (Muriate of Potash),0-0-60,"Potassium is severely deficient. MOP (60% K) improves drought tolerance, disease resistance, and grain quality.",Apply 60–80 kg/ha: 50% basal at sowing + 50% at flowering. Avoid during dry spells.
Chickpea,Silt,15,69,24,NPK 13-0-45,13-0-45,High potassium demand with adequate phosphorus. NPK 13-0-45 provides premium K and supplementary N for quality crops.,Apply 100–120 kg/ha: 40% basal + 60% at flowering/fruiting via fertigation.
Chickpea,Silt,21,20,47,SSP (Single Super Phosphate),0-16-0,Severe phosphorus deficiency. SSP provides P with calcium and sulphur — ideal for legumes and oilseeds.,Apply 200–250 kg/ha as basal dose incorporated into soil before sowing.
Chickpea,Silt,19,71,36,NPK 17-17-17,17-17-17,"All three nutrients (N, P, K) are below optimal. Balanced 17-17-17 corrects deficiencies uniformly.",Apply 150–200 kg/ha basal + 50–75 kg/ha top-dress at 30 & 60 DAS.
Chickpea,Silt,11,71,19,NPK 13-0-45,13-0-45,High potassium demand with adequate phosphorus. NPK 13-0-45 provides premium K and supplementary N for quality crops.,Apply 100–120 kg/ha: 40% basal + 60% at flowering/fruiting via fertigation.
Chickpea,Silt,10,56,40,Ammonium Sulphate,21-0-0,Nitrogen is moderately low. Ammonium Sulphate provides N + sulphur — ideal for alkaline/sulphur-deficient soils.,Apply 100–150 kg/ha in two splits: at planting and 30–40 DAS.
Chickpea,Silt,23,24,41,SSP (Single Super Phosphate),0-16-0,Severe phosphorus deficiency. SSP provides P with calcium and sulphur — ideal for legumes and oilseeds.,Apply 200–250 kg/ha as basal dose incorporated into soil before sowing.
Chickpea,Silt,19,16,24,NPK 10-26-26,10-26-26,Phosphorus and potassium are deficient; nitrogen is adequate. NPK 10-26-26 corrects P & K without excess N.,Apply 120–150 kg/ha as basal dose before planting. Ideal for fruiting crops.
Chickpea,Silt,9,31,49,NPK 20-20-0,20-20-0,Nitrogen and phosphorus are deficient; potassium is adequate. NPK 20-20-0 targets N & P without excess K.,Apply 120–150 kg/ha at sowing. Supplement with 30 kg/ha urea at tillering stage.
Chickpea,Silt,17,57,49,NPK 17-17-17,17-17-17,"All three nutrients (N, P, K) are below optimal. Balanced 17-17-17 corrects deficiencies uniformly.",Apply 150–200 kg/ha basal + 50–75 kg/ha top-dress at 30 & 60 DAS.
Chickpea,Silt,11,62,26,Ammonium Sulphate,21-0-0,Nitrogen is moderately low. Ammonium Sulphate provides N + sulphur — ideal for alkaline/sulphur-deficient soils.,Apply 100–150 kg/ha in two splits: at planting and 30–40 DAS.
Chickpea,Silt,22,23,47,SSP (Single Super Phosphate),0-16-0,Severe phosphorus deficiency. SSP provides P with calcium and sulphur — ideal for legumes and oilseeds.,Apply 200–250 kg/ha as basal dose incorporated into soil before sowing.
Chickpea,Silt,8,32,39,NPK 20-20-0,20-20-0,Nitrogen and phosphorus are deficient; potassium is adequate. NPK 20-20-0 targets N & P without excess K.,Apply 120–150 kg/ha at sowing. Supplement with 30 kg/ha urea at tillering stage.
Chickpea,Silt,12,50,26,Ammonium Sulphate,21-0-0,Nitrogen is moderately low. Ammonium Sulphate provides N + sulphur — ideal for alkaline/sulphur-deficient soils.,Apply 100–150 kg/ha in two splits: at planting and 30–40 DAS.
Chickpea,Silt,19,26,10,NPK 10-26-26,10-26-26,Phosphorus and potassium are deficient; nitrogen is adequate. NPK 10-26-26 corrects P & K without excess N.,Apply 120–150 kg/ha as basal dose before planting. Ideal for fruiting crops.
Chickpea,Silt,10,41,15,NPK 13-0-45,13-0-45,High potassium demand with adequate phosphorus. NPK 13-0-45 provides premium K and supplementary N for quality crops.,Apply 100–120 kg/ha: 40% basal + 60% at flowering/fruiting via fertigation.
Chickpea,Silt,11,37,10,NPK 17-17-17,17-17-17,"All three nutrients (N, P, K) are below optimal. Balanced 17-17-17 corrects deficiencies uniformly.",Apply 150–200 kg/ha basal + 50–75 kg/ha top-dress at 30 & 60 DAS.
Chickpea,Silt,16,67,14,MOP (Muriate of Potash),0-0-60,"Potassium is severely deficient. MOP (60% K) improves drought tolerance, disease resistance, and grain quality.",Apply 60–80 kg/ha: 50% basal at sowing + 50% at flowering. Avoid during dry spells.
Chickpea,Silt,16,53,25,NPK 13-0-45,13-0-45,High potassium demand with adequate phosphorus. NPK 13-0-45 provides premium K and supplementary N for quality crops.,Apply 100–120 kg/ha: 40% basal + 60% at flowering/fruiting via fertigation.
Chickpea,Silt,18,37,29,DAP,18-46-0,Phosphorus is severely deficient. DAP delivers high P (46%) essential for root development and energy transfer.,"Apply 80–100 kg/ha as basal dose, 5–10 cm below seed level before planting."
Chickpea,Silt,4,55,35,Urea,46-0-0,Nitrogen is severely deficient. Urea (46% N) rapidly restores soil nitrogen for vegetative growth.,Apply 100–120 kg/ha split: 50% at sowing + 50% at 30 DAS. Incorporate into moist soil.
Chickpea,Silt,4,35,49,NPK 20-20-0,20-20-0,Nitrogen and phosphorus are deficient; potassium is adequate. NPK 20-20-0 targets N & P without excess K.,Apply 120–150 kg/ha at sowing. Supplement with 30 kg/ha urea at tillering stage.
Chickpea,Silt,12,43,46,Ammonium Sulphate,21-0-0,Nitrogen is moderately low. Ammonium Sulphate provides N + sulphur — ideal for alkaline/sulphur-deficient soils.,Apply 100–150 kg/ha in two splits: at planting and 30–40 DAS.
Chickpea,Silt,19,48,41,NPK 17-17-17,17-17-17,"All three nutrients (N, P, K) are below optimal. Balanced 17-17-17 corrects deficiencies uniformly.",Apply 150–200 kg/ha basal + 50–75 kg/ha top-dress at 30 & 60 DAS.
Chickpea,Silt,22,40,27,NPK 12-32-16,12-32-16,High phosphorus demand with moderate N and K deficiency. NPK 12-32-16 emphasises P with balanced N & K.,Apply 100–125 kg/ha as basal. Supplement with 30 kg/ha urea at 30 DAS.
Chickpea,Black,12,72,37,Ammonium Sulphate,21-0-0,Nitrogen is moderately low. Ammonium Sulphate provides N + sulphur — ideal for alkaline/sulphur-deficient soils.,Apply 100–150 kg/ha in two splits: at planting and 30–40 DAS.
Chickpea,Black,5,66,28,Urea,46-0-0,Nitrogen is severely deficient. Urea (46% N) rapidly restores soil nitrogen for vegetative growth.,Apply 100–120 kg/ha split: 50% at sowing + 50% at 30 DAS. Incorporate into moist soil.
Chickpea,Black,5,46,25,NPK 13-0-45,13-0-45,High potassium demand with adequate phosphorus. NPK 13-0-45 provides premium K and supplementary N for quality crops.,Apply 100–120 kg/ha: 40% basal + 60% at flowering/fruiting via fertigation.
Chickpea,Black,22,24,42,SSP (Single Super Phosphate),0-16-0,Severe phosphorus deficiency. SSP provides P with calcium and sulphur — ideal for legumes and oilseeds.,Apply 200–250 kg/ha as basal dose incorporated into soil before sowing.
Chickpea,Black,15,15,48,SSP (Single Super Phosphate),0-16-0,Severe phosphorus deficiency. SSP provides P with calcium and sulphur — ideal for legumes and oilseeds.,Apply 200–250 kg/ha as basal dose incorporated into soil before sowing.
Chickpea,Black,14,30,27,DAP,18-46-0,Phosphorus is severely deficient. DAP delivers high P (46%) essential for root development and energy transfer.,"Apply 80–100 kg/ha as basal dose, 5–10 cm below seed level before planting."
Chickpea,Black,22,31,16,NPK 10-26-26,10-26-26,Phosphorus and potassium are deficient; nitrogen is adequate. NPK 10-26-26 corrects P & K without excess N.,Apply 120–150 kg/ha as basal dose before planting. Ideal for fruiting crops.
Chickpea,Black,6,30,40,NPK 20-20-0,20-20-0,Nitrogen and phosphorus are deficient; potassium is adequate. NPK 20-20-0 targets N & P without excess K.,Apply 120–150 kg/ha at sowing. Supplement with 30 kg/ha urea at tillering stage.
Chickpea,Black,13,26,14,NPK 10-26-26,10-26-26,Phosphorus and potassium are deficient; nitrogen is adequate. NPK 10-26-26 corrects P & K without excess N.,Apply 120–150 kg/ha as basal dose before planting. Ideal for fruiting crops.
Chickpea,Black,10,71,22,NPK 13-0-45,13-0-45,High potassium demand with adequate phosphorus. NPK 13-0-45 provides premium K and supplementary N for quality crops.,Apply 100–120 kg/ha: 40% basal + 60% at flowering/fruiting via fertigation.
Chickpea,Black,24,42,15,MOP (Muriate of Potash),0-0-60,"Potassium is severely deficient. MOP (60% K) improves drought tolerance, disease resistance, and grain quality.",Apply 60–80 kg/ha: 50% basal at sowing + 50% at flowering. Avoid during dry spells.
Chickpea,Black,22,41,37,NPK 17-17-17,17-17-17,"All three nutrients (N, P, K) are below optimal. Balanced 17-17-17 corrects deficiencies uniformly.",Apply 150–200 kg/ha basal + 50–75 kg/ha top-dress at 30 & 60 DAS.
Chickpea,Black,24,15,12,NPK 10-26-26,10-26-26,Phosphorus and potassium are deficient; nitrogen is adequate. NPK 10-26-26 corrects P & K without excess N.,Apply 120–150 kg/ha as basal dose before planting. Ideal for fruiting crops.
Chickpea,Black,19,29,15,NPK 10-26-26,10-26-26,Phosphorus and potassium are deficient; nitrogen is adequate. NPK 10-26-26 corrects P & K without excess N.,Apply 120–150 kg/ha as basal dose before planting. Ideal for fruiting crops.
Chickpea,Black,4,13,40,NPK 20-20-0,20-20-0,Nitrogen and phosphorus are deficient; potassium is adequate. NPK 20-20-0 targets N & P without excess K.,Apply 120–150 kg/ha at sowing. Supplement with 30 kg/ha urea at tillering stage.
Chickpea,Black,6,41,33,Urea,46-0-0,Nitrogen is severely deficient. Urea (46% N) rapidly restores soil nitrogen for vegetative growth.,Apply 100–120 kg/ha split: 50% at sowing + 50% at 30 DAS. Incorporate into moist soil.
Chickpea,Black,12,13,40,NPK 20-20-0,20-20-0,Nitrogen and phosphorus are deficient; potassium is adequate. NPK 20-20-0 targets N & P without excess K.,Apply 120–150 kg/ha at sowing. Supplement with 30 kg/ha urea at tillering stage.
Chickpea,Black,4,59,45,Urea,46-0-0,Nitrogen is severely deficient. Urea (46% N) rapidly restores soil nitrogen for vegetative growth.,Apply 100–120 kg/ha split: 50% at sowing + 50% at 30 DAS. Incorporate into moist soil.
Chickpea,Black,13,45,28,NPK 13-0-45,13-0-45,High potassium demand with adequate phosphorus. NPK 13-0-45 provides premium K and supplementary N for quality crops.,Apply 100–120 kg/ha: 40% basal + 60% at flowering/fruiting via fertigation.
Chickpea,Black,12,67,45,Ammonium Sulphate,21-0-0,Nitrogen is moderately low. Ammonium Sulphate provides N + sulphur — ideal for alkaline/sulphur-deficient soils.,Apply 100–150 kg/ha in two splits: at planting and 30–40 DAS.
Chickpea,Black,11,50,46,Ammonium Sulphate,21-0-0,Nitrogen is moderately low. Ammonium Sulphate provides N + sulphur — ideal for alkaline/sulphur-deficient soils.,Apply 100–150 kg/ha in two splits: at planting and 30–40 DAS.
Chickpea,Black,24,44,27,NPK 12-32-16,12-32-16,High phosphorus demand with moderate N and K deficiency. NPK 12-32-16 emphasises P with balanced N & K.,Apply 100–125 kg/ha as basal. Supplement with 30 kg/ha urea at 30 DAS.
Chickpea,Black,9,72,13,NPK 13-0-45,13-0-45,High potassium demand with adequate phosphorus. NPK 13-0-45 provides premium K and supplementary N for quality crops.,Apply 100–120 kg/ha: 40% basal + 60% at flowering/fruiting via fertigation.
Chickpea,Black,16,29,19,NPK 10-26-26,10-26-26,Phosphorus and potassium are deficient; nitrogen is adequate. NPK 10-26-26 corrects P & K without excess N.,Apply 120–150 kg/ha as basal dose before planting. Ideal for fruiting crops.
Chickpea,Black,12,74,10,NPK 13-0-45,13-0-45,High potassium demand with adequate phosphorus. NPK 13-0-45 provides premium K and supplementary N for quality crops.,Apply 100–120 kg/ha: 40% basal + 60% at flowering/fruiting via fertigation.
Chickpea,Red,16,17,14,NPK 10-26-26,10-26-26,Phosphorus and potassium are deficient; nitrogen is adequate. NPK 10-26-26 corrects P & K without excess N.,Apply 120–150 kg/ha as basal dose before planting. Ideal for fruiting crops.
Chickpea,Red,13,44,18,NPK 13-0-45,13-0-45,High potassium demand with adequate phosphorus. NPK 13-0-45 provides premium K and supplementary N for quality crops.,Apply 100–120 kg/ha: 40% basal + 60% at flowering/fruiting via fertigation.
Chickpea,Red,10,17,20,NPK 17-17-17,17-17-17,"All three nutrients (N, P, K) are below optimal. Balanced 17-17-17 corrects deficiencies uniformly.",Apply 150–200 kg/ha basal + 50–75 kg/ha top-dress at 30 & 60 DAS.
Chickpea,Red,24,71,22,NPK 13-0-45,13-0-45,High potassium demand with adequate phosphorus. NPK 13-0-45 provides premium K and supplementary N for quality crops.,Apply 100–120 kg/ha: 40% basal + 60% at flowering/fruiting via fertigation.
Chickpea,Red,15,69,8,MOP (Muriate of Potash),0-0-60,"Potassium is severely deficient. MOP (60% K) improves drought tolerance, disease resistance, and grain quality.",Apply 60–80 kg/ha: 50% basal at sowing + 50% at flowering. Avoid during dry spells.
Chickpea,Red,21,71,11,MOP (Muriate of Potash),0-0-60,"Potassium is severely deficient. MOP (60% K) improves drought tolerance, disease resistance, and grain quality.",Apply 60–80 kg/ha: 50% basal at sowing + 50% at flowering. Avoid during dry spells.
Chickpea,Red,7,72,30,Urea,46-0-0,Nitrogen is severely deficient. Urea (46% N) rapidly restores soil nitrogen for vegetative growth.,Apply 100–120 kg/ha split: 50% at sowing + 50% at 30 DAS. Incorporate into moist soil.
Chickpea,Red,4,28,26,NPK 20-20-0,20-20-0,Nitrogen and phosphorus are deficient; potassium is adequate. NPK 20-20-0 targets N & P without excess K.,Apply 120–150 kg/ha at sowing. Supplement with 30 kg/ha urea at tillering stage.
Chickpea,Red,18,58,49,NPK 17-17-17,17-17-17,"All three nutrients (N, P, K) are below optimal. Balanced 17-17-17 corrects deficiencies uniformly.",Apply 150–200 kg/ha basal + 50–75 kg/ha top-dress at 30 & 60 DAS.
Chickpea,Red,10,45,30,Ammonium Sulphate,21-0-0,Nitrogen is moderately low. Ammonium Sulphate provides N + sulphur — ideal for alkaline/sulphur-deficient soils.,Apply 100–150 kg/ha in two splits: at planting and 30–40 DAS.
Chickpea,Red,12,22,49,NPK 20-20-0,20-20-0,Nitrogen and phosphorus are deficient; potassium is adequate. NPK 20-20-0 targets N & P without excess K.,Apply 120–150 kg/ha at sowing. Supplement with 30 kg/ha urea at tillering stage.
Chickpea,Red,21,43,33,NPK 17-17-17,17-17-17,"All three nutrients (N, P, K) are below optimal. Balanced 17-17-17 corrects deficiencies uniformly.",Apply 150–200 kg/ha basal + 50–75 kg/ha top-dress at 30 & 60 DAS.
Chickpea,Red,8,46,37,Urea,46-0-0,Nitrogen is severely deficient. Urea (46% N) rapidly restores soil nitrogen for vegetative growth.,Apply 100–120 kg/ha split: 50% at sowing + 50% at 30 DAS. Incorporate into moist soil.
Chickpea,Red,14,74,33,Ammonium Sulphate,21-0-0,Nitrogen is moderately low. Ammonium Sulphate provides N + sulphur — ideal for alkaline/sulphur-deficient soils.,Apply 100–150 kg/ha in two splits: at planting and 30–40 DAS.
Chickpea,Red,11,60,15,NPK 13-0-45,13-0-45,High potassium demand with adequate phosphorus. NPK 13-0-45 provides premium K and supplementary N for quality crops.,Apply 100–120 kg/ha: 40% basal + 60% at flowering/fruiting via fertigation.
Chickpea,Red,12,33,26,NPK 20-20-0,20-20-0,Nitrogen and phosphorus are deficient; potassium is adequate. NPK 20-20-0 targets N & P without excess K.,Apply 120–150 kg/ha at sowing. Supplement with 30 kg/ha urea at tillering stage.
Chickpea,Red,20,42,41,NPK 17-17-17,17-17-17,"All three nutrients (N, P, K) are below optimal. Balanced 17-17-17 corrects deficiencies uniformly.",Apply 150–200 kg/ha basal + 50–75 kg/ha top-dress at 30 & 60 DAS.
Chickpea,Red,16,33,42,DAP,18-46-0,Phosphorus is severely deficient. DAP delivers high P (46%) essential for root development and energy transfer.,"Apply 80–100 kg/ha as basal dose, 5–10 cm below seed level before planting."
Chickpea,Red,9,26,29,NPK 20-20-0,20-20-0,Nitrogen and phosphorus are deficient; potassium is adequate. NPK 20-20-0 targets N & P without excess K.,Apply 120–150 kg/ha at sowing. Supplement with 30 kg/ha urea at tillering stage.
Chickpea,Red,9,12,35,NPK 20-20-0,20-20-0,Nitrogen and phosphorus are deficient; potassium is adequate. NPK 20-20-0 targets N & P without excess K.,Apply 120–150 kg/ha at sowing. Supplement with 30 kg/ha urea at tillering stage.
Chickpea,Red,14,40,48,NPK 17-17-17,17-17-17,"All three nutrients (N, P, K) are below optimal. Balanced 17-17-17 corrects deficiencies uniformly.",Apply 150–200 kg/ha basal + 50–75 kg/ha top-dress at 30 & 60 DAS.
Chickpea,Red,15,66,13,MOP (Muriate of Potash),0-0-60,"Potassium is severely deficient. MOP (60% K) improves drought tolerance, disease resistance, and grain quality.",Apply 60–80 kg/ha: 50% basal at sowing + 50% at flowering. Avoid during dry spells.
Chickpea,Red,15,66,32,Ammonium Sulphate,21-0-0,Nitrogen is moderately low. Ammonium Sulphate provides N + sulphur — ideal for alkaline/sulphur-deficient soils.,Apply 100–150 kg/ha in two splits: at planting and 30–40 DAS.
Chickpea,Red,19,35,11,NPK 10-26-26,10-26-26,Phosphorus and potassium are deficient; nitrogen is adequate. NPK 10-26-26 corrects P & K without excess N.,Apply 120–150 kg/ha as basal dose before planting. Ideal for fruiting crops.
Chickpea,Red,13,36,44,DAP,18-46-0,Phosphorus is severely deficient. DAP delivers high P (46%) essential for root development and energy transfer.,"Apply 80–100 kg/ha as basal dose, 5–10 cm below seed level before planting."
Mustard,Sandy,36,48,48,Urea,46-0-0,Nitrogen is severely deficient. Urea (46% N) rapidly restores soil nitrogen for vegetative growth.,Apply 100–120 kg/ha split: 50% at sowing + 50% at 30 DAS. Incorporate into moist soil.
Mustard,Sandy,36,22,45,NPK 20-20-0,20-20-0,Nitrogen and phosphorus are deficient; potassium is adequate. NPK 20-20-0 targets N & P without excess K.,Apply 120–150 kg/ha at sowing. Supplement with 30 kg/ha urea at tillering stage.
Mustard,Sandy,97,26,21,NPK 13-0-45,13-0-45,High potassium demand with adequate phosphorus. NPK 13-0-45 provides premium K and supplementary N for quality crops.,Apply 100–120 kg/ha: 40% basal + 60% at flowering/fruiting via fertigation.
Mustard,Sandy,60,36,19,NPK 13-0-45,13-0-45,High potassium demand with adequate phosphorus. NPK 13-0-45 provides premium K and supplementary N for quality crops.,Apply 100–120 kg/ha: 40% basal + 60% at flowering/fruiting via fertigation.
Mustard,Sandy,77,10,10,NPK 10-26-26,10-26-26,Phosphorus and potassium are deficient; nitrogen is adequate. NPK 10-26-26 corrects P & K without excess N.,Apply 120–150 kg/ha as basal dose before planting. Ideal for fruiting crops.
Mustard,Sandy,48,22,21,NPK 17-17-17,17-17-17,"All three nutrients (N, P, K) are below optimal. Balanced 17-17-17 corrects deficiencies uniformly.",Apply 150–200 kg/ha basal + 50–75 kg/ha top-dress at 30 & 60 DAS.
Mustard,Sandy,57,21,16,NPK 10-26-26,10-26-26,Phosphorus and potassium are deficient; nitrogen is adequate. NPK 10-26-26 corrects P & K without excess N.,Apply 120–150 kg/ha as basal dose before planting. Ideal for fruiting crops.
Mustard,Sandy,41,48,25,NPK 13-0-45,13-0-45,High potassium demand with adequate phosphorus. NPK 13-0-45 provides premium K and supplementary N for quality crops.,Apply 100–120 kg/ha: 40% basal + 60% at flowering/fruiting via fertigation.
Mustard,Sandy,53,32,49,Ammonium Sulphate,21-0-0,Nitrogen is moderately low. Ammonium Sulphate provides N + sulphur — ideal for alkaline/sulphur-deficient soils.,Apply 100–150 kg/ha in two splits: at planting and 30–40 DAS.
Mustard,Sandy,36,36,38,Urea,46-0-0,Nitrogen is severely deficient. Urea (46% N) rapidly restores soil nitrogen for vegetative growth.,Apply 100–120 kg/ha split: 50% at sowing + 50% at 30 DAS. Incorporate into moist soil.
Mustard,Sandy,67,11,36,SSP (Single Super Phosphate),0-16-0,Severe phosphorus deficiency. SSP provides P with calcium and sulphur — ideal for legumes and oilseeds.,Apply 200–250 kg/ha as basal dose incorporated into soil before sowing.
Mustard,Sandy,21,33,39,Urea,46-0-0,Nitrogen is severely deficient. Urea (46% N) rapidly restores soil nitrogen for vegetative growth.,Apply 100–120 kg/ha split: 50% at sowing + 50% at 30 DAS. Incorporate into moist soil.
Mustard,Sandy,33,43,9,NPK 13-0-45,13-0-45,High potassium demand with adequate phosphorus. NPK 13-0-45 provides premium K and supplementary N for quality crops.,Apply 100–120 kg/ha: 40% basal + 60% at flowering/fruiting via fertigation.
Mustard,Sandy,86,27,17,MOP (Muriate of Potash),0-0-60,"Potassium is severely deficient. MOP (60% K) improves drought tolerance, disease resistance, and grain quality.",Apply 60–80 kg/ha: 50% basal at sowing + 50% at flowering. Avoid during dry spells.
Mustard,Sandy,27,48,11,NPK 13-0-45,13-0-45,High potassium demand with adequate phosphorus. NPK 13-0-45 provides premium K and supplementary N for quality crops.,Apply 100–120 kg/ha: 40% basal + 60% at flowering/fruiting via fertigation.
Mustard,Sandy,32,22,34,NPK 20-20-0,20-20-0,Nitrogen and phosphorus are deficient; potassium is adequate. NPK 20-20-0 targets N & P without excess K.,Apply 120–150 kg/ha at sowing. Supplement with 30 kg/ha urea at tillering stage.
Mustard,Sandy,61,13,20,NPK 10-26-26,10-26-26,Phosphorus and potassium are deficient; nitrogen is adequate. NPK 10-26-26 corrects P & K without excess N.,Apply 120–150 kg/ha as basal dose before planting. Ideal for fruiting crops.
Mustard,Sandy,36,16,25,NPK 17-17-17,17-17-17,"All three nutrients (N, P, K) are below optimal. Balanced 17-17-17 corrects deficiencies uniformly.",Apply 150–200 kg/ha basal + 50–75 kg/ha top-dress at 30 & 60 DAS.
Mustard,Sandy,75,17,23,NPK 10-26-26,10-26-26,Phosphorus and potassium are deficient; nitrogen is adequate. NPK 10-26-26 corrects P & K without excess N.,Apply 120–150 kg/ha as basal dose before planting. Ideal for fruiting crops.
Mustard,Sandy,48,49,48,Ammonium Sulphate,21-0-0,Nitrogen is moderately low. Ammonium Sulphate provides N + sulphur — ideal for alkaline/sulphur-deficient soils.,Apply 100–150 kg/ha in two splits: at planting and 30–40 DAS.
Mustard,Sandy,83,18,10,NPK 10-26-26,10-26-26,Phosphorus and potassium are deficient; nitrogen is adequate. NPK 10-26-26 corrects P & K without excess N.,Apply 120–150 kg/ha as basal dose before planting. Ideal for fruiting crops.
Mustard,Sandy,42,19,29,NPK 20-20-0,20-20-0,Nitrogen and phosphorus are deficient; potassium is adequate. NPK 20-20-0 targets N & P without excess K.,Apply 120–150 kg/ha at sowing. Supplement with 30 kg/ha urea at tillering stage.
Mustard,Sandy,81,44,43,NPK 17-17-17,17-17-17,"All three nutrients (N, P, K) are below optimal. Balanced 17-17-17 corrects deficiencies uniformly.",Apply 150–200 kg/ha basal + 50–75 kg/ha top-dress at 30 & 60 DAS.
Mustard,Sandy,46,36,21,NPK 13-0-45,13-0-45,High potassium demand with adequate phosphorus. NPK 13-0-45 provides premium K and supplementary N for quality crops.,Apply 100–120 kg/ha: 40% basal + 60% at flowering/fruiting via fertigation.
Mustard,Sandy,21,37,8,NPK 13-0-45,13-0-45,High potassium demand with adequate phosphorus. NPK 13-0-45 provides premium K and supplementary N for quality crops.,Apply 100–120 kg/ha: 40% basal + 60% at flowering/fruiting via fertigation.
Mustard,Loamy,50,21,37,NPK 20-20-0,20-20-0,Nitrogen and phosphorus are deficient; potassium is adequate. NPK 20-20-0 targets N & P without excess K.,Apply 120–150 kg/ha at sowing. Supplement with 30 kg/ha urea at tillering stage.
Mustard,Loamy,80,20,42,DAP,18-46-0,Phosphorus is severely deficient. DAP delivers high P (46%) essential for root development and energy transfer.,"Apply 80–100 kg/ha as basal dose, 5–10 cm below seed level before planting."
Mustard,Loamy,40,26,38,Ammonium Sulphate,21-0-0,Nitrogen is moderately low. Ammonium Sulphate provides N + sulphur — ideal for alkaline/sulphur-deficient soils.,Apply 100–150 kg/ha in two splits: at planting and 30–40 DAS.
Mustard,Loamy,74,49,17,MOP (Muriate of Potash),0-0-60,"Potassium is severely deficient. MOP (60% K) improves drought tolerance, disease resistance, and grain quality.",Apply 60–80 kg/ha: 50% basal at sowing + 50% at flowering. Avoid during dry spells.
Mustard,Loamy,71,33,46,NPK 17-17-17,17-17-17,"All three nutrients (N, P, K) are below optimal. Balanced 17-17-17 corrects deficiencies uniformly.",Apply 150–200 kg/ha basal + 50–75 kg/ha top-dress at 30 & 60 DAS.
Mustard,Loamy,29,39,31,Urea,46-0-0,Nitrogen is severely deficient. Urea (46% N) rapidly restores soil nitrogen for vegetative growth.,Apply 100–120 kg/ha split: 50% at sowing + 50% at 30 DAS. Incorporate into moist soil.
Mustard,Loamy,39,27,22,NPK 13-0-45,13-0-45,High potassium demand with adequate phosphorus. NPK 13-0-45 provides premium K and supplementary N for quality crops.,Apply 100–120 kg/ha: 40% basal + 60% at flowering/fruiting via fertigation.
Mustard,Loamy,64,45,31,NPK 17-17-17,17-17-17,"All three nutrients (N, P, K) are below optimal. Balanced 17-17-17 corrects deficiencies uniformly.",Apply 150–200 kg/ha basal + 50–75 kg/ha top-dress at 30 & 60 DAS.
Mustard,Loamy,69,29,10,MOP (Muriate of Potash),0-0-60,"Potassium is severely deficient. MOP (60% K) improves drought tolerance, disease resistance, and grain quality.",Apply 60–80 kg/ha: 50% basal at sowing + 50% at flowering. Avoid during dry spells.
Mustard,Loamy,35,28,21,NPK 13-0-45,13-0-45,High potassium demand with adequate phosphorus. NPK 13-0-45 provides premium K and supplementary N for quality crops.,Apply 100–120 kg/ha: 40% basal + 60% at flowering/fruiting via fertigation.
Mustard,Loamy,31,29,21,NPK 13-0-45,13-0-45,High potassium demand with adequate phosphorus. NPK 13-0-45 provides premium K and supplementary N for quality crops.,Apply 100–120 kg/ha: 40% basal + 60% at flowering/fruiting via fertigation.
Mustard,Loamy,37,27,13,NPK 13-0-45,13-0-45,High potassium demand with adequate phosphorus. NPK 13-0-45 provides premium K and supplementary N for quality crops.,Apply 100–120 kg/ha: 40% basal + 60% at flowering/fruiting via fertigation.
Mustard,Loamy,93,44,37,NPK 17-17-17,17-17-17,"All three nutrients (N, P, K) are below optimal. Balanced 17-17-17 corrects deficiencies uniformly.",Apply 150–200 kg/ha basal + 50–75 kg/ha top-dress at 30 & 60 DAS.
Mustard,Loamy,24,40,41,Urea,46-0-0,Nitrogen is severely deficient. Urea (46% N) rapidly restores soil nitrogen for vegetative growth.,Apply 100–120 kg/ha split: 50% at sowing + 50% at 30 DAS. Incorporate into moist soil.
Mustard,Loamy,80,12,35,SSP (Single Super Phosphate),0-16-0,Severe phosphorus deficiency. SSP provides P with calcium and sulphur — ideal for legumes and oilseeds.,Apply 200–250 kg/ha as basal dose incorporated into soil before sowing.
Mustard,Loamy,86,32,35,NPK 17-17-17,17-17-17,"All three nutrients (N, P, K) are below optimal. Balanced 17-17-17 corrects deficiencies uniformly.",Apply 150–200 kg/ha basal + 50–75 kg/ha top-dress at 30 & 60 DAS.
Mustard,Loamy,54,30,9,MOP (Muriate of Potash),0-0-60,"Potassium is severely deficient. MOP (60% K) improves drought tolerance, disease resistance, and grain quality.",Apply 60–80 kg/ha: 50% basal at sowing + 50% at flowering. Avoid during dry spells.
Mustard,Loamy,69,11,26,SSP (Single Super Phosphate),0-16-0,Severe phosphorus deficiency. SSP provides P with calcium and sulphur — ideal for legumes and oilseeds.,Apply 200–250 kg/ha as basal dose incorporated into soil before sowing.
Mustard,Loamy,40,30,13,NPK 13-0-45,13-0-45,High potassium demand with adequate phosphorus. NPK 13-0-45 provides premium K and supplementary N for quality crops.,Apply 100–120 kg/ha: 40% basal + 60% at flowering/fruiting via fertigation.
Mustard,Loamy,74,41,14,MOP (Muriate of Potash),0-0-60,"Potassium is severely deficient. MOP (60% K) improves drought tolerance, disease resistance, and grain quality.",Apply 60–80 kg/ha: 50% basal at sowing + 50% at flowering. Avoid during dry spells.
Mustard,Loamy,24,14,44,NPK 20-20-0,20-20-0,Nitrogen and phosphorus are deficient; potassium is adequate. NPK 20-20-0 targets N & P without excess K.,Apply 120–150 kg/ha at sowing. Supplement with 30 kg/ha urea at tillering stage.
Mustard,Loamy,60,27,12,MOP (Muriate of Potash),0-0-60,"Potassium is severely deficient. MOP (60% K) improves drought tolerance, disease resistance, and grain quality.",Apply 60–80 kg/ha: 50% basal at sowing + 50% at flowering. Avoid during dry spells.
Mustard,Loamy,70,44,42,NPK 17-17-17,17-17-17,"All three nutrients (N, P, K) are below optimal. Balanced 17-17-17 corrects deficiencies uniformly.",Apply 150–200 kg/ha basal + 50–75 kg/ha top-dress at 30 & 60 DAS.
Mustard,Loamy,68,11,12,NPK 10-26-26,10-26-26,Phosphorus and potassium are deficient; nitrogen is adequate. NPK 10-26-26 corrects P & K without excess N.,Apply 120–150 kg/ha as basal dose before planting. Ideal for fruiting crops.
Mustard,Loamy,20,18,13,NPK 17-17-17,17-17-17,"All three nutrients (N, P, K) are below optimal. Balanced 17-17-17 corrects deficiencies uniformly.",Apply 150–200 kg/ha basal + 50–75 kg/ha top-dress at 30 & 60 DAS.
Mustard,Clay,37,24,47,NPK 20-20-0,20-20-0,Nitrogen and phosphorus are deficient; potassium is adequate. NPK 20-20-0 targets N & P without excess K.,Apply 120–150 kg/ha at sowing. Supplement with 30 kg/ha urea at tillering stage.
Mustard,Clay,67,43,37,NPK 17-17-17,17-17-17,"All three nutrients (N, P, K) are below optimal. Balanced 17-17-17 corrects deficiencies uniformly.",Apply 150–200 kg/ha basal + 50–75 kg/ha top-dress at 30 & 60 DAS.
Mustard,Clay,25,38,19,NPK 13-0-45,13-0-45,High potassium demand with adequate phosphorus. NPK 13-0-45 provides premium K and supplementary N for quality crops.,Apply 100–120 kg/ha: 40% basal + 60% at flowering/fruiting via fertigation.
Mustard,Clay,69,22,49,DAP,18-46-0,Phosphorus is severely deficient. DAP delivers high P (46%) essential for root development and energy transfer.,"Apply 80–100 kg/ha as basal dose, 5–10 cm below seed level before planting."
Mustard,Clay,38,19,47,NPK 20-20-0,20-20-0,Nitrogen and phosphorus are deficient; potassium is adequate. NPK 20-20-0 targets N & P without excess K.,Apply 120–150 kg/ha at sowing. Supplement with 30 kg/ha urea at tillering stage.
Mustard,Clay,18,37,38,Urea,46-0-0,Nitrogen is severely deficient. Urea (46% N) rapidly restores soil nitrogen for vegetative growth.,Apply 100–120 kg/ha split: 50% at sowing + 50% at 30 DAS. Incorporate into moist soil.
Mustard,Clay,86,48,48,NPK 17-17-17,17-17-17,"All three nutrients (N, P, K) are below optimal. Balanced 17-17-17 corrects deficiencies uniformly.",Apply 150–200 kg/ha basal + 50–75 kg/ha top-dress at 30 & 60 DAS.
Mustard,Clay,21,42,35,Urea,46-0-0,Nitrogen is severely deficient. Urea (46% N) rapidly restores soil nitrogen for vegetative growth.,Apply 100–120 kg/ha split: 50% at sowing + 50% at 30 DAS. Incorporate into moist soil.
Mustard,Clay,70,13,35,SSP (Single Super Phosphate),0-16-0,Severe phosphorus deficiency. SSP provides P with calcium and sulphur — ideal for legumes and oilseeds.,Apply 200–250 kg/ha as basal dose incorporated into soil before sowing.
Mustard,Clay,98,46,26,NPK 17-17-17,17-17-17,"All three nutrients (N, P, K) are below optimal. Balanced 17-17-17 corrects deficiencies uniformly.",Apply 150–200 kg/ha basal + 50–75 kg/ha top-dress at 30 & 60 DAS.
Mustard,Clay,19,23,42,NPK 20-20-0,20-20-0,Nitrogen and phosphorus are deficient; potassium is adequate. NPK 20-20-0 targets N & P without excess K.,Apply 120–150 kg/ha at sowing. Supplement with 30 kg/ha urea at tillering stage.
Mustard,Clay,74,27,10,MOP (Muriate of Potash),0-0-60,"Potassium is severely deficient. MOP (60% K) improves drought tolerance, disease resistance, and grain quality.",Apply 60–80 kg/ha: 50% basal at sowing + 50% at flowering. Avoid during dry spells.
Mustard,Clay,51,27,46,Ammonium Sulphate,21-0-0,Nitrogen is moderately low. Ammonium Sulphate provides N + sulphur — ideal for alkaline/sulphur-deficient soils.,Apply 100–150 kg/ha in two splits: at planting and 30–40 DAS.
Mustard,Clay,69,21,30,DAP,18-46-0,Phosphorus is severely deficient. DAP delivers high P (46%) essential for root development and energy transfer.,"Apply 80–100 kg/ha as basal dose, 5–10 cm below seed level before planting."
Mustard,Clay,21,48,23,NPK 13-0-45,13-0-45,High potassium demand with adequate phosphorus. NPK 13-0-45 provides premium K and supplementary N for quality crops.,Apply 100–120 kg/ha: 40% basal + 60% at flowering/fruiting via fertigation.
Mustard,Clay,56,22,36,DAP,18-46-0,Phosphorus is severely deficient. DAP delivers high P (46%) essential for root development and energy transfer.,"Apply 80–100 kg/ha as basal dose, 5–10 cm below seed level before planting."
Mustard,Clay,71,38,19,NPK 13-0-45,13-0-45,High potassium demand with adequate phosphorus. NPK 13-0-45 provides premium K and supplementary N for quality crops.,Apply 100–120 kg/ha: 40% basal + 60% at flowering/fruiting via fertigation.
Mustard,Clay,42,13,35,NPK 20-20-0,20-20-0,Nitrogen and phosphorus are deficient; potassium is adequate. NPK 20-20-0 targets N & P without excess K.,Apply 120–150 kg/ha at sowing. Supplement with 30 kg/ha urea at tillering stage.
Mustard,Clay,19,33,44,Urea,46-0-0,Nitrogen is severely deficient. Urea (46% N) rapidly restores soil nitrogen for vegetative growth.,Apply 100–120 kg/ha split: 50% at sowing + 50% at 30 DAS. Incorporate into moist soil.
Mustard,Clay,90,26,27,NPK 12-32-16,12-32-16,High phosphorus demand with moderate N and K deficiency. NPK 12-32-16 emphasises P with balanced N & K.,Apply 100–125 kg/ha as basal. Supplement with 30 kg/ha urea at 30 DAS.
Mustard,Clay,22,36,42,Urea,46-0-0,Nitrogen is severely deficient. Urea (46% N) rapidly restores soil nitrogen for vegetative growth.,Apply 100–120 kg/ha split: 50% at sowing + 50% at 30 DAS. Incorporate into moist soil.
Mustard,Clay,36,25,43,NPK 20-20-0,20-20-0,Nitrogen and phosphorus are deficient; potassium is adequate. NPK 20-20-0 targets N & P without excess K.,Apply 120–150 kg/ha at sowing. Supplement with 30 kg/ha urea at tillering stage.
Mustard,Clay,89,18,31,DAP,18-46-0,Phosphorus is severely deficient. DAP delivers high P (46%) essential for root development and energy transfer.,"Apply 80–100 kg/ha as basal dose, 5–10 cm below seed level before planting."
Mustard,Clay,32,12,46,NPK 20-20-0,20-20-0,Nitrogen and phosphorus are deficient; potassium is adequate. NPK 20-20-0 targets N & P without excess K.,Apply 120–150 kg/ha at sowing. Supplement with 30 kg/ha urea at tillering stage.
Mustard,Clay,84,39,10,MOP (Muriate of Potash),0-0-60,"Potassium is severely deficient. MOP (60% K) improves drought tolerance, disease resistance, and grain quality.",Apply 60–80 kg/ha: 50% basal at sowing + 50% at flowering. Avoid during dry spells.
Mustard,Silt,86,26,22,NPK 13-0-45,13-0-45,High potassium demand with adequate phosphorus. NPK 13-0-45 provides premium K and supplementary N for quality crops.,Apply 100–120 kg/ha: 40% basal + 60% at flowering/fruiting via fertigation.
Mustard,Silt,61,11,39,SSP (Single Super Phosphate),0-16-0,Severe phosphorus deficiency. SSP provides P with calcium and sulphur — ideal for legumes and oilseeds.,Apply 200–250 kg/ha as basal dose incorporated into soil before sowing.
Mustard,Silt,64,15,15,NPK 10-26-26,10-26-26,Phosphorus and potassium are deficient; nitrogen is adequate. NPK 10-26-26 corrects P & K without excess N.,Apply 120–150 kg/ha as basal dose before planting. Ideal for fruiting crops.
Mustard,Silt,31,10,32,NPK 20-20-0,20-20-0,Nitrogen and phosphorus are deficient; potassium is adequate. NPK 20-20-0 targets N & P without excess K.,Apply 120–150 kg/ha at sowing. Supplement with 30 kg/ha urea at tillering stage.
Mustard,Silt,86,8,10,NPK 10-26-26,10-26-26,Phosphorus and potassium are deficient; nitrogen is adequate. NPK 10-26-26 corrects P & K without excess N.,Apply 120–150 kg/ha as basal dose before planting. Ideal for fruiting crops.
Mustard,Silt,64,42,21,NPK 13-0-45,13-0-45,High potassium demand with adequate phosphorus. NPK 13-0-45 provides premium K and supplementary N for quality crops.,Apply 100–120 kg/ha: 40% basal + 60% at flowering/fruiting via fertigation.
Mustard,Silt,45,33,19,NPK 13-0-45,13-0-45,High potassium demand with adequate phosphorus. NPK 13-0-45 provides premium K and supplementary N for quality crops.,Apply 100–120 kg/ha: 40% basal + 60% at flowering/fruiting via fertigation.
Mustard,Silt,18,38,34,Urea,46-0-0,Nitrogen is severely deficient. Urea (46% N) rapidly restores soil nitrogen for vegetative growth.,Apply 100–120 kg/ha split: 50% at sowing + 50% at 30 DAS. Incorporate into moist soil.
Mustard,Silt,64,39,36,NPK 17-17-17,17-17-17,"All three nutrients (N, P, K) are below optimal. Balanced 17-17-17 corrects deficiencies uniformly.",Apply 150–200 kg/ha basal + 50–75 kg/ha top-dress at 30 & 60 DAS.
Mustard,Silt,33,22,13,NPK 17-17-17,17-17-17,"All three nutrients (N, P, K) are below optimal. Balanced 17-17-17 corrects deficiencies uniformly.",Apply 150–200 kg/ha basal + 50–75 kg/ha top-dress at 30 & 60 DAS.
Mustard,Silt,26,36,44,Urea,46-0-0,Nitrogen is severely deficient. Urea (46% N) rapidly restores soil nitrogen for vegetative growth.,Apply 100–120 kg/ha split: 50% at sowing + 50% at 30 DAS. Incorporate into moist soil.
Mustard,Silt,96,34,15,MOP (Muriate of Potash),0-0-60,"Potassium is severely deficient. MOP (60% K) improves drought tolerance, disease resistance, and grain quality.",Apply 60–80 kg/ha: 50% basal at sowing + 50% at flowering. Avoid during dry spells.
Mustard,Silt,24,42,32,Urea,46-0-0,Nitrogen is severely deficient. Urea (46% N) rapidly restores soil nitrogen for vegetative growth.,Apply 100–120 kg/ha split: 50% at sowing + 50% at 30 DAS. Incorporate into moist soil.
Mustard,Silt,67,40,37,NPK 17-17-17,17-17-17,"All three nutrients (N, P, K) are below optimal. Balanced 17-17-17 corrects deficiencies uniformly.",Apply 150–200 kg/ha basal + 50–75 kg/ha top-dress at 30 & 60 DAS.
Mustard,Silt,86,10,39,SSP (Single Super Phosphate),0-16-0,Severe phosphorus deficiency. SSP provides P with calcium and sulphur — ideal for legumes and oilseeds.,Apply 200–250 kg/ha as basal dose incorporated into soil before sowing.
Mustard,Silt,87,20,34,DAP,18-46-0,Phosphorus is severely deficient. DAP delivers high P (46%) essential for root development and energy transfer.,"Apply 80–100 kg/ha as basal dose, 5–10 cm below seed level before planting."
Mustard,Silt,42,48,9,NPK 13-0-45,13-0-45,High potassium demand with adequate phosphorus. NPK 13-0-45 provides premium K and supplementary N for quality crops.,Apply 100–120 kg/ha: 40% basal + 60% at flowering/fruiting via fertigation.
Mustard,Silt,64,14,37,SSP (Single Super Phosphate),0-16-0,Severe phosphorus deficiency. SSP provides P with calcium and sulphur — ideal for legumes and oilseeds.,Apply 200–250 kg/ha as basal dose incorporated into soil before sowing.
Mustard,Silt,30,17,28,NPK 20-20-0,20-20-0,Nitrogen and phosphorus are deficient; potassium is adequate. NPK 20-20-0 targets N & P without excess K.,Apply 120–150 kg/ha at sowing. Supplement with 30 kg/ha urea at tillering stage.
Mustard,Silt,92,16,14,NPK 10-26-26,10-26-26,Phosphorus and potassium are deficient; nitrogen is adequate. NPK 10-26-26 corrects P & K without excess N.,Apply 120–150 kg/ha as basal dose before planting. Ideal for fruiting crops.
Mustard,Silt,79,29,46,NPK 17-17-17,17-17-17,"All three nutrients (N, P, K) are below optimal. Balanced 17-17-17 corrects deficiencies uniformly.",Apply 150–200 kg/ha basal + 50–75 kg/ha top-dress at 30 & 60 DAS.
Mustard,Silt,28,35,17,NPK 13-0-45,13-0-45,High potassium demand with adequate phosphorus. NPK 13-0-45 provides premium K and supplementary N for quality crops.,Apply 100–120 kg/ha: 40% basal + 60% at flowering/fruiting via fertigation.
Mustard,Silt,29,36,32,Urea,46-0-0,Nitrogen is severely deficient. Urea (46% N) rapidly restores soil nitrogen for vegetative growth.,Apply 100–120 kg/ha split: 50% at sowing + 50% at 30 DAS. Incorporate into moist soil.
Mustard,Silt,79,20,26,DAP,18-46-0,Phosphorus is severely deficient. DAP delivers high P (46%) essential for root development and energy transfer.,"Apply 80–100 kg/ha as basal dose, 5–10 cm below seed level before planting."
Mustard,Silt,50,49,20,NPK 13-0-45,13-0-45,High potassium demand with adequate phosphorus. NPK 13-0-45 provides premium K and supplementary N for quality crops.,Apply 100–120 kg/ha: 40% basal + 60% at flowering/fruiting via fertigation.
Mustard,Black,40,22,31,NPK 20-20-0,20-20-0,Nitrogen and phosphorus are deficient; potassium is adequate. NPK 20-20-0 targets N & P without excess K.,Apply 120–150 kg/ha at sowing. Supplement with 30 kg/ha urea at tillering stage.
Mustard,Black,37,46,19,NPK 13-0-45,13-0-45,High potassium demand with adequate phosphorus. NPK 13-0-45 provides premium K and supplementary N for quality crops.,Apply 100–120 kg/ha: 40% basal + 60% at flowering/fruiting via fertigation.
Mustard,Black,91,12,35,SSP (Single Super Phosphate),0-16-0,Severe phosphorus deficiency. SSP provides P with calcium and sulphur — ideal for legumes and oilseeds.,Apply 200–250 kg/ha as basal dose incorporated into soil before sowing.
Mustard,Black,92,15,48,SSP (Single Super Phosphate),0-16-0,Severe phosphorus deficiency. SSP provides P with calcium and sulphur — ideal for legumes and oilseeds.,Apply 200–250 kg/ha as basal dose incorporated into soil before sowing.
Mustard,Black,54,47,36,Ammonium Sulphate,21-0-0,Nitrogen is moderately low. Ammonium Sulphate provides N + sulphur — ideal for alkaline/sulphur-deficient soils.,Apply 100–150 kg/ha in two splits: at planting and 30–40 DAS.
Mustard,Black,41,15,20,NPK 17-17-17,17-17-17,"All three nutrients (N, P, K) are below optimal. Balanced 17-17-17 corrects deficiencies uniformly.",Apply 150–200 kg/ha basal + 50–75 kg/ha top-dress at 30 & 60 DAS.
Mustard,Black,23,14,12,NPK 17-17-17,17-17-17,"All three nutrients (N, P, K) are below optimal. Balanced 17-17-17 corrects deficiencies uniformly.",Apply 150–200 kg/ha basal + 50–75 kg/ha top-dress at 30 & 60 DAS.
Mustard,Black,51,41,13,NPK 13-0-45,13-0-45,High potassium demand with adequate phosphorus. NPK 13-0-45 provides premium K and supplementary N for quality crops.,Apply 100–120 kg/ha: 40% basal + 60% at flowering/fruiting via fertigation.
Mustard,Black,26,35,16,NPK 13-0-45,13-0-45,High potassium demand with adequate phosphorus. NPK 13-0-45 provides premium K and supplementary N for quality crops.,Apply 100–120 kg/ha: 40% basal + 60% at flowering/fruiting via fertigation.
Mustard,Black,24,15,46,NPK 20-20-0,20-20-0,Nitrogen and phosphorus are deficient; potassium is adequate. NPK 20-20-0 targets N & P without excess K.,Apply 120–150 kg/ha at sowing. Supplement with 30 kg/ha urea at tillering stage.
Mustard,Black,85,22,35,DAP,18-46-0,Phosphorus is severely deficient. DAP delivers high P (46%) essential for root development and energy transfer.,"Apply 80–100 kg/ha as basal dose, 5–10 cm below seed level before planting."
Mustard,Black,61,36,36,Ammonium Sulphate,21-0-0,Nitrogen is moderately low. Ammonium Sulphate provides N + sulphur — ideal for alkaline/sulphur-deficient soils.,Apply 100–150 kg/ha in two splits: at planting and 30–40 DAS.
Mustard,Black,68,19,9,NPK 10-26-26,10-26-26,Phosphorus and potassium are deficient; nitrogen is adequate. NPK 10-26-26 corrects P & K without excess N.,Apply 120–150 kg/ha as basal dose before planting. Ideal for fruiting crops.
Mustard,Black,54,45,31,NPK 13-0-45,13-0-45,High potassium demand with adequate phosphorus. NPK 13-0-45 provides premium K and supplementary N for quality crops.,Apply 100–120 kg/ha: 40% basal + 60% at flowering/fruiting via fertigation.
Mustard,Black,85,49,14,MOP (Muriate of Potash),0-0-60,"Potassium is severely deficient. MOP (60% K) improves drought tolerance, disease resistance, and grain quality.",Apply 60–80 kg/ha: 50% basal at sowing + 50% at flowering. Avoid during dry spells.
Mustard,Black,74,36,49,NPK 17-17-17,17-17-17,"All three nutrients (N, P, K) are below optimal. Balanced 17-17-17 corrects deficiencies uniformly.",Apply 150–200 kg/ha basal + 50–75 kg/ha top-dress at 30 & 60 DAS.
Mustard,Black,98,36,18,NPK 13-0-45,13-0-45,High potassium demand with adequate phosphorus. NPK 13-0-45 provides premium K and supplementary N for quality crops.,Apply 100–120 kg/ha: 40% basal + 60% at flowering/fruiting via fertigation.
Mustard,Black,83,12,40,SSP (Single Super Phosphate),0-16-0,Severe phosphorus deficiency. SSP provides P with calcium and sulphur — ideal for legumes and oilseeds.,Apply 200–250 kg/ha as basal dose incorporated into soil before sowing.
Mustard,Black,92,24,34,DAP,18-46-0,Phosphorus is severely deficient. DAP delivers high P (46%) essential for root development and energy transfer.,"Apply 80–100 kg/ha as basal dose, 5–10 cm below seed level before planting."
Mustard,Black,52,26,21,NPK 13-0-45,13-0-45,High potassium demand with adequate phosphorus. NPK 13-0-45 provides premium K and supplementary N for quality crops.,Apply 100–120 kg/ha: 40% basal + 60% at flowering/fruiting via fertigation.
Mustard,Black,80,47,47,NPK 17-17-17,17-17-17,"All three nutrients (N, P, K) are below optimal. Balanced 17-17-17 corrects deficiencies uniformly.",Apply 150–200 kg/ha basal + 50–75 kg/ha top-dress at 30 & 60 DAS.
Mustard,Black,30,44,38,Urea,46-0-0,Nitrogen is severely deficient. Urea (46% N) rapidly restores soil nitrogen for vegetative growth.,Apply 100–120 kg/ha split: 50% at sowing + 50% at 30 DAS. Incorporate into moist soil.
Mustard,Black,37,10,19,NPK 17-17-17,17-17-17,"All three nutrients (N, P, K) are below optimal. Balanced 17-17-17 corrects deficiencies uniformly.",Apply 150–200 kg/ha basal + 50–75 kg/ha top-dress at 30 & 60 DAS.
Mustard,Black,92,34,38,NPK 17-17-17,17-17-17,"All three nutrients (N, P, K) are below optimal. Balanced 17-17-17 corrects deficiencies uniformly.",Apply 150–200 kg/ha basal + 50–75 kg/ha top-dress at 30 & 60 DAS.
Mustard,Black,37,38,9,NPK 13-0-45,13-0-45,High potassium demand with adequate phosphorus. NPK 13-0-45 provides premium K and supplementary N for quality crops.,Apply 100–120 kg/ha: 40% basal + 60% at flowering/fruiting via fertigation.
Mustard,Red,47,34,14,NPK 13-0-45,13-0-45,High potassium demand with adequate phosphorus. NPK 13-0-45 provides premium K and supplementary N for quality crops.,Apply 100–120 kg/ha: 40% basal + 60% at flowering/fruiting via fertigation.
Mustard,Red,85,17,35,SSP (Single Super Phosphate),0-16-0,Severe phosphorus deficiency. SSP provides P with calcium and sulphur — ideal for legumes and oilseeds.,Apply 200–250 kg/ha as basal dose incorporated into soil before sowing.
Mustard,Red,50,33,12,NPK 13-0-45,13-0-45,High potassium demand with adequate phosphorus. NPK 13-0-45 provides premium K and supplementary N for quality crops.,Apply 100–120 kg/ha: 40% basal + 60% at flowering/fruiting via fertigation.
Mustard,Red,17,46,19,NPK 13-0-45,13-0-45,High potassium demand with adequate phosphorus. NPK 13-0-45 provides premium K and supplementary N for quality crops.,Apply 100–120 kg/ha: 40% basal + 60% at flowering/fruiting via fertigation.
Mustard,Red,84,49,16,MOP (Muriate of Potash),0-0-60,"Potassium is severely deficient. MOP (60% K) improves drought tolerance, disease resistance, and grain quality.",Apply 60–80 kg/ha: 50% basal at sowing + 50% at flowering. Avoid during dry spells.
Mustard,Red,38,35,48,Urea,46-0-0,Nitrogen is severely deficient. Urea (46% N) rapidly restores soil nitrogen for vegetative growth.,Apply 100–120 kg/ha split: 50% at sowing + 50% at 30 DAS. Incorporate into moist soil.
Mustard,Red,92,29,41,NPK 17-17-17,17-17-17,"All three nutrients (N, P, K) are below optimal. Balanced 17-17-17 corrects deficiencies uniformly.",Apply 150–200 kg/ha basal + 50–75 kg/ha top-dress at 30 & 60 DAS.
Mustard,Red,27,49,48,Urea,46-0-0,Nitrogen is severely deficient. Urea (46% N) rapidly restores soil nitrogen for vegetative growth.,Apply 100–120 kg/ha split: 50% at sowing + 50% at 30 DAS. Incorporate into moist soil.
Mustard,Red,29,20,12,NPK 17-17-17,17-17-17,"All three nutrients (N, P, K) are below optimal. Balanced 17-17-17 corrects deficiencies uniformly.",Apply 150–200 kg/ha basal + 50–75 kg/ha top-dress at 30 & 60 DAS.
Mustard,Red,38,42,23,NPK 13-0-45,13-0-45,High potassium demand with adequate phosphorus. NPK 13-0-45 provides premium K and supplementary N for quality crops.,Apply 100–120 kg/ha: 40% basal + 60% at flowering/fruiting via fertigation.
Mustard,Red,23,22,49,NPK 20-20-0,20-20-0,Nitrogen and phosphorus are deficient; potassium is adequate. NPK 20-20-0 targets N & P without excess K.,Apply 120–150 kg/ha at sowing. Supplement with 30 kg/ha urea at tillering stage.
Mustard,Red,68,25,14,NPK 10-26-26,10-26-26,Phosphorus and potassium are deficient; nitrogen is adequate. NPK 10-26-26 corrects P & K without excess N.,Apply 120–150 kg/ha as basal dose before planting. Ideal for fruiting crops.
Mustard,Red,98,42,19,NPK 13-0-45,13-0-45,High potassium demand with adequate phosphorus. NPK 13-0-45 provides premium K and supplementary N for quality crops.,Apply 100–120 kg/ha: 40% basal + 60% at flowering/fruiting via fertigation.
Mustard,Red,21,10,13,NPK 17-17-17,17-17-17,"All three nutrients (N, P, K) are below optimal. Balanced 17-17-17 corrects deficiencies uniformly.",Apply 150–200 kg/ha basal + 50–75 kg/ha top-dress at 30 & 60 DAS.
Mustard,Red,64,47,28,NPK 17-17-17,17-17-17,"All three nutrients (N, P, K) are below optimal. Balanced 17-17-17 corrects deficiencies uniformly.",Apply 150–200 kg/ha basal + 50–75 kg/ha top-dress at 30 & 60 DAS.
Mustard,Red,86,26,37,NPK 17-17-17,17-17-17,"All three nutrients (N, P, K) are below optimal. Balanced 17-17-17 corrects deficiencies uniformly.",Apply 150–200 kg/ha basal + 50–75 kg/ha top-dress at 30 & 60 DAS.
Mustard,Red,77,15,23,NPK 10-26-26,10-26-26,Phosphorus and potassium are deficient; nitrogen is adequate. NPK 10-26-26 corrects P & K without excess N.,Apply 120–150 kg/ha as basal dose before planting. Ideal for fruiting crops.
Mustard,Red,69,10,23,NPK 10-26-26,10-26-26,Phosphorus and potassium are deficient; nitrogen is adequate. NPK 10-26-26 corrects P & K without excess N.,Apply 120–150 kg/ha as basal dose before planting. Ideal for fruiting crops.
Mustard,Red,60,49,27,NPK 13-0-45,13-0-45,High potassium demand with adequate phosphorus. NPK 13-0-45 provides premium K and supplementary N for quality crops.,Apply 100–120 kg/ha: 40% basal + 60% at flowering/fruiting via fertigation.
Mustard,Red,84,26,41,NPK 17-17-17,17-17-17,"All three nutrients (N, P, K) are below optimal. Balanced 17-17-17 corrects deficiencies uniformly.",Apply 150–200 kg/ha basal + 50–75 kg/ha top-dress at 30 & 60 DAS.
Mustard,Red,66,45,25,NPK 13-0-45,13-0-45,High potassium demand with adequate phosphorus. NPK 13-0-45 provides premium K and supplementary N for quality crops.,Apply 100–120 kg/ha: 40% basal + 60% at flowering/fruiting via fertigation.
Mustard,Red,66,34,25,NPK 13-0-45,13-0-45,High potassium demand with adequate phosphorus. NPK 13-0-45 provides premium K and supplementary N for quality crops.,Apply 100–120 kg/ha: 40% basal + 60% at flowering/fruiting via fertigation.
Mustard,Red,28,11,8,NPK 17-17-17,17-17-17,"All three nutrients (N, P, K) are below optimal. Balanced 17-17-17 corrects deficiencies uniformly.",Apply 150–200 kg/ha basal + 50–75 kg/ha top-dress at 30 & 60 DAS.
Mustard,Red,89,17,16,NPK 10-26-26,10-26-26,Phosphorus and potassium are deficient; nitrogen is adequate. NPK 10-26-26 corrects P & K without excess N.,Apply 120–150 kg/ha as basal dose before planting. Ideal for fruiting crops.
Mustard,Red,77,21,29,DAP,18-46-0,Phosphorus is severely deficient. DAP delivers high P (46%) essential for root development and energy transfer.,"Apply 80–100 kg/ha as basal dose, 5–10 cm below seed level before planting."
Barley,Sandy,29,48,21,Urea,46-0-0,Nitrogen is severely deficient. Urea (46% N) rapidly restores soil nitrogen for vegetative growth.,Apply 100–120 kg/ha split: 50% at sowing + 50% at 30 DAS. Incorporate into moist soil.
Barley,Sandy,88,25,20,DAP,18-46-0,Phosphorus is severely deficient. DAP delivers high P (46%) essential for root development and energy transfer.,"Apply 80–100 kg/ha as basal dose, 5–10 cm below seed level before planting."
Barley,Sandy,28,8,4,NPK 17-17-17,17-17-17,"All three nutrients (N, P, K) are below optimal. Balanced 17-17-17 corrects deficiencies uniformly.",Apply 150–200 kg/ha basal + 50–75 kg/ha top-dress at 30 & 60 DAS.
Barley,Sandy,65,27,14,NPK 12-32-16,12-32-16,High phosphorus demand with moderate N and K deficiency. NPK 12-32-16 emphasises P with balanced N & K.,Apply 100–125 kg/ha as basal. Supplement with 30 kg/ha urea at 30 DAS.
Barley,Sandy,16,25,19,NPK 20-20-0,20-20-0,Nitrogen and phosphorus are deficient; potassium is adequate. NPK 20-20-0 targets N & P without excess K.,Apply 120–150 kg/ha at sowing. Supplement with 30 kg/ha urea at tillering stage.
Barley,Sandy,53,38,8,MOP (Muriate of Potash),0-0-60,"Potassium is severely deficient. MOP (60% K) improves drought tolerance, disease resistance, and grain quality.",Apply 60–80 kg/ha: 50% basal at sowing + 50% at flowering. Avoid during dry spells.
Barley,Sandy,84,32,8,MOP (Muriate of Potash),0-0-60,"Potassium is severely deficient. MOP (60% K) improves drought tolerance, disease resistance, and grain quality.",Apply 60–80 kg/ha: 50% basal at sowing + 50% at flowering. Avoid during dry spells.
Barley,Sandy,35,34,21,Urea,46-0-0,Nitrogen is severely deficient. Urea (46% N) rapidly restores soil nitrogen for vegetative growth.,Apply 100–120 kg/ha split: 50% at sowing + 50% at 30 DAS. Incorporate into moist soil.
Barley,Sandy,50,18,22,NPK 20-20-0,20-20-0,Nitrogen and phosphorus are deficient; potassium is adequate. NPK 20-20-0 targets N & P without excess K.,Apply 120–150 kg/ha at sowing. Supplement with 30 kg/ha urea at tillering stage.
Barley,Sandy,72,26,14,NPK 12-32-16,12-32-16,High phosphorus demand with moderate N and K deficiency. NPK 12-32-16 emphasises P with balanced N & K.,Apply 100–125 kg/ha as basal. Supplement with 30 kg/ha urea at 30 DAS.
Barley,Sandy,33,34,11,NPK 13-0-45,13-0-45,High potassium demand with adequate phosphorus. NPK 13-0-45 provides premium K and supplementary N for quality crops.,Apply 100–120 kg/ha: 40% basal + 60% at flowering/fruiting via fertigation.
Barley,Sandy,99,28,14,NPK 12-32-16,12-32-16,High phosphorus demand with moderate N and K deficiency. NPK 12-32-16 emphasises P with balanced N & K.,Apply 100–125 kg/ha as basal. Supplement with 30 kg/ha urea at 30 DAS.
Barley,Sandy,63,46,20,Ammonium Sulphate,21-0-0,Nitrogen is moderately low. Ammonium Sulphate provides N + sulphur — ideal for alkaline/sulphur-deficient soils.,Apply 100–150 kg/ha in two splits: at planting and 30–40 DAS.
Barley,Sandy,53,38,16,Ammonium Sulphate,21-0-0,Nitrogen is moderately low. Ammonium Sulphate provides N + sulphur — ideal for alkaline/sulphur-deficient soils.,Apply 100–150 kg/ha in two splits: at planting and 30–40 DAS.
Barley,Sandy,57,16,13,SSP (Single Super Phosphate),0-16-0,Severe phosphorus deficiency. SSP provides P with calcium and sulphur — ideal for legumes and oilseeds.,Apply 200–250 kg/ha as basal dose incorporated into soil before sowing.
Barley,Sandy,36,46,11,NPK 13-0-45,13-0-45,High potassium demand with adequate phosphorus. NPK 13-0-45 provides premium K and supplementary N for quality crops.,Apply 100–120 kg/ha: 40% basal + 60% at flowering/fruiting via fertigation.
Barley,Sandy,95,30,17,NPK 17-17-17,17-17-17,"All three nutrients (N, P, K) are below optimal. Balanced 17-17-17 corrects deficiencies uniformly.",Apply 150–200 kg/ha basal + 50–75 kg/ha top-dress at 30 & 60 DAS.
Barley,Sandy,61,13,11,NPK 10-26-26,10-26-26,Phosphorus and potassium are deficient; nitrogen is adequate. NPK 10-26-26 corrects P & K without excess N.,Apply 120–150 kg/ha as basal dose before planting. Ideal for fruiting crops.
Barley,Sandy,24,34,13,Urea,46-0-0,Nitrogen is severely deficient. Urea (46% N) rapidly restores soil nitrogen for vegetative growth.,Apply 100–120 kg/ha split: 50% at sowing + 50% at 30 DAS. Incorporate into moist soil.
Barley,Sandy,81,17,7,NPK 10-26-26,10-26-26,Phosphorus and potassium are deficient; nitrogen is adequate. NPK 10-26-26 corrects P & K without excess N.,Apply 120–150 kg/ha as basal dose before planting. Ideal for fruiting crops.
Barley,Sandy,50,46,18,Ammonium Sulphate,21-0-0,Nitrogen is moderately low. Ammonium Sulphate provides N + sulphur — ideal for alkaline/sulphur-deficient soils.,Apply 100–150 kg/ha in two splits: at planting and 30–40 DAS.
Barley,Sandy,51,29,5,NPK 13-0-45,13-0-45,High potassium demand with adequate phosphorus. NPK 13-0-45 provides premium K and supplementary N for quality crops.,Apply 100–120 kg/ha: 40% basal + 60% at flowering/fruiting via fertigation.
Barley,Sandy,98,35,9,NPK 13-0-45,13-0-45,High potassium demand with adequate phosphorus. NPK 13-0-45 provides premium K and supplementary N for quality crops.,Apply 100–120 kg/ha: 40% basal + 60% at flowering/fruiting via fertigation.
Barley,Sandy,65,12,24,SSP (Single Super Phosphate),0-16-0,Severe phosphorus deficiency. SSP provides P with calcium and sulphur — ideal for legumes and oilseeds.,Apply 200–250 kg/ha as basal dose incorporated into soil before sowing.
Barley,Sandy,30,35,9,NPK 13-0-45,13-0-45,High potassium demand with adequate phosphorus. NPK 13-0-45 provides premium K and supplementary N for quality crops.,Apply 100–120 kg/ha: 40% basal + 60% at flowering/fruiting via fertigation.
Barley,Loamy,76,40,18,NPK 17-17-17,17-17-17,"All three nutrients (N, P, K) are below optimal. Balanced 17-17-17 corrects deficiencies uniformly.",Apply 150–200 kg/ha basal + 50–75 kg/ha top-dress at 30 & 60 DAS.
Barley,Loamy,67,45,5,MOP (Muriate of Potash),0-0-60,"Potassium is severely deficient. MOP (60% K) improves drought tolerance, disease resistance, and grain quality.",Apply 60–80 kg/ha: 50% basal at sowing + 50% at flowering. Avoid during dry spells.
Barley,Loamy,43,18,24,NPK 20-20-0,20-20-0,Nitrogen and phosphorus are deficient; potassium is adequate. NPK 20-20-0 targets N & P without excess K.,Apply 120–150 kg/ha at sowing. Supplement with 30 kg/ha urea at tillering stage.
Barley,Loamy,48,38,18,Ammonium Sulphate,21-0-0,Nitrogen is moderately low. Ammonium Sulphate provides N + sulphur — ideal for alkaline/sulphur-deficient soils.,Apply 100–150 kg/ha in two splits: at planting and 30–40 DAS.
Barley,Loamy,33,18,9,NPK 17-17-17,17-17-17,"All three nutrients (N, P, K) are below optimal. Balanced 17-17-17 corrects deficiencies uniformly.",Apply 150–200 kg/ha basal + 50–75 kg/ha top-dress at 30 & 60 DAS.
Barley,Loamy,50,17,4,NPK 17-17-17,17-17-17,"All three nutrients (N, P, K) are below optimal. Balanced 17-17-17 corrects deficiencies uniformly.",Apply 150–200 kg/ha basal + 50–75 kg/ha top-dress at 30 & 60 DAS.
Barley,Loamy,89,48,11,NPK 13-0-45,13-0-45,High potassium demand with adequate phosphorus. NPK 13-0-45 provides premium K and supplementary N for quality crops.,Apply 100–120 kg/ha: 40% basal + 60% at flowering/fruiting via fertigation.
Barley,Loamy,44,8,18,NPK 20-20-0,20-20-0,Nitrogen and phosphorus are deficient; potassium is adequate. NPK 20-20-0 targets N & P without excess K.,Apply 120–150 kg/ha at sowing. Supplement with 30 kg/ha urea at tillering stage.
Barley,Loamy,85,14,7,NPK 10-26-26,10-26-26,Phosphorus and potassium are deficient; nitrogen is adequate. NPK 10-26-26 corrects P & K without excess N.,Apply 120–150 kg/ha as basal dose before planting. Ideal for fruiting crops.
Barley,Loamy,82,33,4,MOP (Muriate of Potash),0-0-60,"Potassium is severely deficient. MOP (60% K) improves drought tolerance, disease resistance, and grain quality.",Apply 60–80 kg/ha: 50% basal at sowing + 50% at flowering. Avoid during dry spells.
Barley,Loamy,68,20,11,NPK 10-26-26,10-26-26,Phosphorus and potassium are deficient; nitrogen is adequate. NPK 10-26-26 corrects P & K without excess N.,Apply 120–150 kg/ha as basal dose before planting. Ideal for fruiting crops.
Barley,Loamy,80,42,12,NPK 13-0-45,13-0-45,High potassium demand with adequate phosphorus. NPK 13-0-45 provides premium K and supplementary N for quality crops.,Apply 100–120 kg/ha: 40% basal + 60% at flowering/fruiting via fertigation.
Barley,Loamy,95,25,20,DAP,18-46-0,Phosphorus is severely deficient. DAP delivers high P (46%) essential for root development and energy transfer.,"Apply 80–100 kg/ha as basal dose, 5–10 cm below seed level before planting."
Barley,Loamy,56,45,23,Ammonium Sulphate,21-0-0,Nitrogen is moderately low. Ammonium Sulphate provides N + sulphur — ideal for alkaline/sulphur-deficient soils.,Apply 100–150 kg/ha in two splits: at planting and 30–40 DAS.
Barley,Loamy,23,47,21,Urea,46-0-0,Nitrogen is severely deficient. Urea (46% N) rapidly restores soil nitrogen for vegetative growth.,Apply 100–120 kg/ha split: 50% at sowing + 50% at 30 DAS. Incorporate into moist soil.
Barley,Loamy,82,16,20,SSP (Single Super Phosphate),0-16-0,Severe phosphorus deficiency. SSP provides P with calcium and sulphur — ideal for legumes and oilseeds.,Apply 200–250 kg/ha as basal dose incorporated into soil before sowing.
Barley,Loamy,87,20,23,DAP,18-46-0,Phosphorus is severely deficient. DAP delivers high P (46%) essential for root development and energy transfer.,"Apply 80–100 kg/ha as basal dose, 5–10 cm below seed level before planting."
Barley,Loamy,20,14,15,NPK 20-20-0,20-20-0,Nitrogen and phosphorus are deficient; potassium is adequate. NPK 20-20-0 targets N & P without excess K.,Apply 120–150 kg/ha at sowing. Supplement with 30 kg/ha urea at tillering stage.
Barley,Loamy,64,35,4,MOP (Muriate of Potash),0-0-60,"Potassium is severely deficient. MOP (60% K) improves drought tolerance, disease resistance, and grain quality.",Apply 60–80 kg/ha: 50% basal at sowing + 50% at flowering. Avoid during dry spells.
Barley,Loamy,96,9,7,NPK 10-26-26,10-26-26,Phosphorus and potassium are deficient; nitrogen is adequate. NPK 10-26-26 corrects P & K without excess N.,Apply 120–150 kg/ha as basal dose before planting. Ideal for fruiting crops.
Barley,Loamy,17,31,23,Urea,46-0-0,Nitrogen is severely deficient. Urea (46% N) rapidly restores soil nitrogen for vegetative growth.,Apply 100–120 kg/ha split: 50% at sowing + 50% at 30 DAS. Incorporate into moist soil.
Barley,Loamy,71,42,4,MOP (Muriate of Potash),0-0-60,"Potassium is severely deficient. MOP (60% K) improves drought tolerance, disease resistance, and grain quality.",Apply 60–80 kg/ha: 50% basal at sowing + 50% at flowering. Avoid during dry spells.
Barley,Loamy,61,27,14,NPK 13-0-45,13-0-45,High potassium demand with adequate phosphorus. NPK 13-0-45 provides premium K and supplementary N for quality crops.,Apply 100–120 kg/ha: 40% basal + 60% at flowering/fruiting via fertigation.
Barley,Loamy,22,36,14,Urea,46-0-0,Nitrogen is severely deficient. Urea (46% N) rapidly restores soil nitrogen for vegetative growth.,Apply 100–120 kg/ha split: 50% at sowing + 50% at 30 DAS. Incorporate into moist soil.
Barley,Loamy,80,28,7,MOP (Muriate of Potash),0-0-60,"Potassium is severely deficient. MOP (60% K) improves drought tolerance, disease resistance, and grain quality.",Apply 60–80 kg/ha: 50% basal at sowing + 50% at flowering. Avoid during dry spells.
Barley,Clay,70,15,22,SSP (Single Super Phosphate),0-16-0,Severe phosphorus deficiency. SSP provides P with calcium and sulphur — ideal for legumes and oilseeds.,Apply 200–250 kg/ha as basal dose incorporated into soil before sowing.
Barley,Clay,67,14,24,SSP (Single Super Phosphate),0-16-0,Severe phosphorus deficiency. SSP provides P with calcium and sulphur — ideal for legumes and oilseeds.,Apply 200–250 kg/ha as basal dose incorporated into soil before sowing.
Barley,Clay,59,11,17,SSP (Single Super Phosphate),0-16-0,Severe phosphorus deficiency. SSP provides P with calcium and sulphur — ideal for legumes and oilseeds.,Apply 200–250 kg/ha as basal dose incorporated into soil before sowing.
Barley,Clay,37,41,21,Urea,46-0-0,Nitrogen is severely deficient. Urea (46% N) rapidly restores soil nitrogen for vegetative growth.,Apply 100–120 kg/ha split: 50% at sowing + 50% at 30 DAS. Incorporate into moist soil.
Barley,Clay,98,29,13,NPK 12-32-16,12-32-16,High phosphorus demand with moderate N and K deficiency. NPK 12-32-16 emphasises P with balanced N & K.,Apply 100–125 kg/ha as basal. Supplement with 30 kg/ha urea at 30 DAS.
Barley,Clay,79,13,15,SSP (Single Super Phosphate),0-16-0,Severe phosphorus deficiency. SSP provides P with calcium and sulphur — ideal for legumes and oilseeds.,Apply 200–250 kg/ha as basal dose incorporated into soil before sowing.
Barley,Clay,61,11,12,NPK 10-26-26,10-26-26,Phosphorus and potassium are deficient; nitrogen is adequate. NPK 10-26-26 corrects P & K without excess N.,Apply 120–150 kg/ha as basal dose before planting. Ideal for fruiting crops.
Barley,Clay,87,43,6,MOP (Muriate of Potash),0-0-60,"Potassium is severely deficient. MOP (60% K) improves drought tolerance, disease resistance, and grain quality.",Apply 60–80 kg/ha: 50% basal at sowing + 50% at flowering. Avoid during dry spells.
Barley,Clay,23,19,22,NPK 20-20-0,20-20-0,Nitrogen and phosphorus are deficient; potassium is adequate. NPK 20-20-0 targets N & P without excess K.,Apply 120–150 kg/ha at sowing. Supplement with 30 kg/ha urea at tillering stage.
Barley,Clay,26,38,6,NPK 13-0-45,13-0-45,High potassium demand with adequate phosphorus. NPK 13-0-45 provides premium K and supplementary N for quality crops.,Apply 100–120 kg/ha: 40% basal + 60% at flowering/fruiting via fertigation.
Barley,Clay,68,22,20,DAP,18-46-0,Phosphorus is severely deficient. DAP delivers high P (46%) essential for root development and energy transfer.,"Apply 80–100 kg/ha as basal dose, 5–10 cm below seed level before planting."
Barley,Clay,35,34,8,NPK 13-0-45,13-0-45,High potassium demand with adequate phosphorus. NPK 13-0-45 provides premium K and supplementary N for quality crops.,Apply 100–120 kg/ha: 40% basal + 60% at flowering/fruiting via fertigation.
Barley,Clay,75,44,6,MOP (Muriate of Potash),0-0-60,"Potassium is severely deficient. MOP (60% K) improves drought tolerance, disease resistance, and grain quality.",Apply 60–80 kg/ha: 50% basal at sowing + 50% at flowering. Avoid during dry spells.
Barley,Clay,88,32,6,MOP (Muriate of Potash),0-0-60,"Potassium is severely deficient. MOP (60% K) improves drought tolerance, disease resistance, and grain quality.",Apply 60–80 kg/ha: 50% basal at sowing + 50% at flowering. Avoid during dry spells.
Barley,Clay,51,14,18,NPK 20-20-0,20-20-0,Nitrogen and phosphorus are deficient; potassium is adequate. NPK 20-20-0 targets N & P without excess K.,Apply 120–150 kg/ha at sowing. Supplement with 30 kg/ha urea at tillering stage.
Barley,Clay,79,12,14,SSP (Single Super Phosphate),0-16-0,Severe phosphorus deficiency. SSP provides P with calcium and sulphur — ideal for legumes and oilseeds.,Apply 200–250 kg/ha as basal dose incorporated into soil before sowing.
Barley,Clay,84,47,14,NPK 17-17-17,17-17-17,"All three nutrients (N, P, K) are below optimal. Balanced 17-17-17 corrects deficiencies uniformly.",Apply 150–200 kg/ha basal + 50–75 kg/ha top-dress at 30 & 60 DAS.
Barley,Clay,95,30,12,NPK 13-0-45,13-0-45,High potassium demand with adequate phosphorus. NPK 13-0-45 provides premium K and supplementary N for quality crops.,Apply 100–120 kg/ha: 40% basal + 60% at flowering/fruiting via fertigation.
Barley,Clay,87,28,13,NPK 12-32-16,12-32-16,High phosphorus demand with moderate N and K deficiency. NPK 12-32-16 emphasises P with balanced N & K.,Apply 100–125 kg/ha as basal. Supplement with 30 kg/ha urea at 30 DAS.
Barley,Clay,57,43,21,Ammonium Sulphate,21-0-0,Nitrogen is moderately low. Ammonium Sulphate provides N + sulphur — ideal for alkaline/sulphur-deficient soils.,Apply 100–150 kg/ha in two splits: at planting and 30–40 DAS.
Barley,Clay,49,21,14,NPK 20-20-0,20-20-0,Nitrogen and phosphorus are deficient; potassium is adequate. NPK 20-20-0 targets N & P without excess K.,Apply 120–150 kg/ha at sowing. Supplement with 30 kg/ha urea at tillering stage.
Barley,Clay,64,18,20,DAP,18-46-0,Phosphorus is severely deficient. DAP delivers high P (46%) essential for root development and energy transfer.,"Apply 80–100 kg/ha as basal dose, 5–10 cm below seed level before planting."
Barley,Clay,56,22,6,NPK 10-26-26,10-26-26,Phosphorus and potassium are deficient; nitrogen is adequate. NPK 10-26-26 corrects P & K without excess N.,Apply 120–150 kg/ha as basal dose before planting. Ideal for fruiting crops.
Barley,Clay,36,47,10,NPK 13-0-45,13-0-45,High potassium demand with adequate phosphorus. NPK 13-0-45 provides premium K and supplementary N for quality crops.,Apply 100–120 kg/ha: 40% basal + 60% at flowering/fruiting via fertigation.
Barley,Clay,30,27,10,NPK 13-0-45,13-0-45,High potassium demand with adequate phosphorus. NPK 13-0-45 provides premium K and supplementary N for quality crops.,Apply 100–120 kg/ha: 40% basal + 60% at flowering/fruiting via fertigation.
Barley,Silt,18,21,15,NPK 20-20-0,20-20-0,Nitrogen and phosphorus are deficient; potassium is adequate. NPK 20-20-0 targets N & P without excess K.,Apply 120–150 kg/ha at sowing. Supplement with 30 kg/ha urea at tillering stage.
Barley,Silt,62,22,13,DAP,18-46-0,Phosphorus is severely deficient. DAP delivers high P (46%) essential for root development and energy transfer.,"Apply 80–100 kg/ha as basal dose, 5–10 cm below seed level before planting."
Barley,Silt,97,23,9,NPK 10-26-26,10-26-26,Phosphorus and potassium are deficient; nitrogen is adequate. NPK 10-26-26 corrects P & K without excess N.,Apply 120–150 kg/ha as basal dose before planting. Ideal for fruiting crops.
Barley,Silt,36,27,19,Urea,46-0-0,Nitrogen is severely deficient. Urea (46% N) rapidly restores soil nitrogen for vegetative growth.,Apply 100–120 kg/ha split: 50% at sowing + 50% at 30 DAS. Incorporate into moist soil.
Barley,Silt,33,37,4,NPK 13-0-45,13-0-45,High potassium demand with adequate phosphorus. NPK 13-0-45 provides premium K and supplementary N for quality crops.,Apply 100–120 kg/ha: 40% basal + 60% at flowering/fruiting via fertigation.
Barley,Silt,51,40,11,NPK 13-0-45,13-0-45,High potassium demand with adequate phosphorus. NPK 13-0-45 provides premium K and supplementary N for quality crops.,Apply 100–120 kg/ha: 40% basal + 60% at flowering/fruiting via fertigation.
Barley,Silt,63,16,19,SSP (Single Super Phosphate),0-16-0,Severe phosphorus deficiency. SSP provides P with calcium and sulphur — ideal for legumes and oilseeds.,Apply 200–250 kg/ha as basal dose incorporated into soil before sowing.
Barley,Silt,20,43,8,NPK 13-0-45,13-0-45,High potassium demand with adequate phosphorus. NPK 13-0-45 provides premium K and supplementary N for quality crops.,Apply 100–120 kg/ha: 40% basal + 60% at flowering/fruiting via fertigation.
Barley,Silt,89,22,19,DAP,18-46-0,Phosphorus is severely deficient. DAP delivers high P (46%) essential for root development and energy transfer.,"Apply 80–100 kg/ha as basal dose, 5–10 cm below seed level before planting."
Barley,Silt,42,46,6,NPK 13-0-45,13-0-45,High potassium demand with adequate phosphorus. NPK 13-0-45 provides premium K and supplementary N for quality crops.,Apply 100–120 kg/ha: 40% basal + 60% at flowering/fruiting via fertigation.
Barley,Silt,30,28,5,NPK 13-0-45,13-0-45,High potassium demand with adequate phosphorus. NPK 13-0-45 provides premium K and supplementary N for quality crops.,Apply 100–120 kg/ha: 40% basal + 60% at flowering/fruiting via fertigation.
Barley,Silt,32,47,24,Urea,46-0-0,Nitrogen is severely deficient. Urea (46% N) rapidly restores soil nitrogen for vegetative growth.,Apply 100–120 kg/ha split: 50% at sowing + 50% at 30 DAS. Incorporate into moist soil.
Barley,Silt,47,46,15,Ammonium Sulphate,21-0-0,Nitrogen is moderately low. Ammonium Sulphate provides N + sulphur — ideal for alkaline/sulphur-deficient soils.,Apply 100–150 kg/ha in two splits: at planting and 30–40 DAS.
Barley,Silt,38,37,17,Urea,46-0-0,Nitrogen is severely deficient. Urea (46% N) rapidly restores soil nitrogen for vegetative growth.,Apply 100–120 kg/ha split: 50% at sowing + 50% at 30 DAS. Incorporate into moist soil.
Barley,Silt,99,19,18,DAP,18-46-0,Phosphorus is severely deficient. DAP delivers high P (46%) essential for root development and energy transfer.,"Apply 80–100 kg/ha as basal dose, 5–10 cm below seed level before planting."
Barley,Silt,20,12,4,NPK 17-17-17,17-17-17,"All three nutrients (N, P, K) are below optimal. Balanced 17-17-17 corrects deficiencies uniformly.",Apply 150–200 kg/ha basal + 50–75 kg/ha top-dress at 30 & 60 DAS.
Barley,Silt,99,41,20,NPK 17-17-17,17-17-17,"All three nutrients (N, P, K) are below optimal. Balanced 17-17-17 corrects deficiencies uniformly.",Apply 150–200 kg/ha basal + 50–75 kg/ha top-dress at 30 & 60 DAS.
Barley,Silt,58,20,7,NPK 10-26-26,10-26-26,Phosphorus and potassium are deficient; nitrogen is adequate. NPK 10-26-26 corrects P & K without excess N.,Apply 120–150 kg/ha as basal dose before planting. Ideal for fruiting crops.
Barley,Silt,39,23,19,NPK 20-20-0,20-20-0,Nitrogen and phosphorus are deficient; potassium is adequate. NPK 20-20-0 targets N & P without excess K.,Apply 120–150 kg/ha at sowing. Supplement with 30 kg/ha urea at tillering stage.
Barley,Silt,61,11,4,NPK 10-26-26,10-26-26,Phosphorus and potassium are deficient; nitrogen is adequate. NPK 10-26-26 corrects P & K without excess N.,Apply 120–150 kg/ha as basal dose before planting. Ideal for fruiting crops.
Barley,Silt,24,25,23,NPK 20-20-0,20-20-0,Nitrogen and phosphorus are deficient; potassium is adequate. NPK 20-20-0 targets N & P without excess K.,Apply 120–150 kg/ha at sowing. Supplement with 30 kg/ha urea at tillering stage.
Barley,Silt,69,41,13,NPK 17-17-17,17-17-17,"All three nutrients (N, P, K) are below optimal. Balanced 17-17-17 corrects deficiencies uniformly.",Apply 150–200 kg/ha basal + 50–75 kg/ha top-dress at 30 & 60 DAS.
Barley,Silt,46,12,22,NPK 20-20-0,20-20-0,Nitrogen and phosphorus are deficient; potassium is adequate. NPK 20-20-0 targets N & P without excess K.,Apply 120–150 kg/ha at sowing. Supplement with 30 kg/ha urea at tillering stage.
Barley,Silt,81,15,14,SSP (Single Super Phosphate),0-16-0,Severe phosphorus deficiency. SSP provides P with calcium and sulphur — ideal for legumes and oilseeds.,Apply 200–250 kg/ha as basal dose incorporated into soil before sowing.
Barley,Silt,56,34,23,Ammonium Sulphate,21-0-0,Nitrogen is moderately low. Ammonium Sulphate provides N + sulphur — ideal for alkaline/sulphur-deficient soils.,Apply 100–150 kg/ha in two splits: at planting and 30–40 DAS.
Barley,Black,64,30,5,MOP (Muriate of Potash),0-0-60,"Potassium is severely deficient. MOP (60% K) improves drought tolerance, disease resistance, and grain quality.",Apply 60–80 kg/ha: 50% basal at sowing + 50% at flowering. Avoid during dry spells.
Barley,Black,21,15,4,NPK 17-17-17,17-17-17,"All three nutrients (N, P, K) are below optimal. Balanced 17-17-17 corrects deficiencies uniformly.",Apply 150–200 kg/ha basal + 50–75 kg/ha top-dress at 30 & 60 DAS.
Barley,Black,78,38,6,MOP (Muriate of Potash),0-0-60,"Potassium is severely deficient. MOP (60% K) improves drought tolerance, disease resistance, and grain quality.",Apply 60–80 kg/ha: 50% basal at sowing + 50% at flowering. Avoid during dry spells.
Barley,Black,86,14,10,NPK 10-26-26,10-26-26,Phosphorus and potassium are deficient; nitrogen is adequate. NPK 10-26-26 corrects P & K without excess N.,Apply 120–150 kg/ha as basal dose before planting. Ideal for fruiting crops.
Barley,Black,36,23,9,NPK 17-17-17,17-17-17,"All three nutrients (N, P, K) are below optimal. Balanced 17-17-17 corrects deficiencies uniformly.",Apply 150–200 kg/ha basal + 50–75 kg/ha top-dress at 30 & 60 DAS.
Barley,Black,57,25,24,DAP,18-46-0,Phosphorus is severely deficient. DAP delivers high P (46%) essential for root development and energy transfer.,"Apply 80–100 kg/ha as basal dose, 5–10 cm below seed level before planting."
Barley,Black,20,13,5,NPK 17-17-17,17-17-17,"All three nutrients (N, P, K) are below optimal. Balanced 17-17-17 corrects deficiencies uniformly.",Apply 150–200 kg/ha basal + 50–75 kg/ha top-dress at 30 & 60 DAS.
Barley,Black,68,10,21,SSP (Single Super Phosphate),0-16-0,Severe phosphorus deficiency. SSP provides P with calcium and sulphur — ideal for legumes and oilseeds.,Apply 200–250 kg/ha as basal dose incorporated into soil before sowing.
Barley,Black,59,30,15,NPK 13-0-45,13-0-45,High potassium demand with adequate phosphorus. NPK 13-0-45 provides premium K and supplementary N for quality crops.,Apply 100–120 kg/ha: 40% basal + 60% at flowering/fruiting via fertigation.
Barley,Black,30,16,10,NPK 17-17-17,17-17-17,"All three nutrients (N, P, K) are below optimal. Balanced 17-17-17 corrects deficiencies uniformly.",Apply 150–200 kg/ha basal + 50–75 kg/ha top-dress at 30 & 60 DAS.
Barley,Black,65,16,6,NPK 10-26-26,10-26-26,Phosphorus and potassium are deficient; nitrogen is adequate. NPK 10-26-26 corrects P & K without excess N.,Apply 120–150 kg/ha as basal dose before planting. Ideal for fruiting crops.
Barley,Black,97,8,20,SSP (Single Super Phosphate),0-16-0,Severe phosphorus deficiency. SSP provides P with calcium and sulphur — ideal for legumes and oilseeds.,Apply 200–250 kg/ha as basal dose incorporated into soil before sowing.
Barley,Black,82,20,6,NPK 10-26-26,10-26-26,Phosphorus and potassium are deficient; nitrogen is adequate. NPK 10-26-26 corrects P & K without excess N.,Apply 120–150 kg/ha as basal dose before planting. Ideal for fruiting crops.
Barley,Black,28,37,17,Urea,46-0-0,Nitrogen is severely deficient. Urea (46% N) rapidly restores soil nitrogen for vegetative growth.,Apply 100–120 kg/ha split: 50% at sowing + 50% at 30 DAS. Incorporate into moist soil.
Barley,Black,81,47,18,NPK 17-17-17,17-17-17,"All three nutrients (N, P, K) are below optimal. Balanced 17-17-17 corrects deficiencies uniformly.",Apply 150–200 kg/ha basal + 50–75 kg/ha top-dress at 30 & 60 DAS.
Barley,Black,29,18,21,NPK 20-20-0,20-20-0,Nitrogen and phosphorus are deficient; potassium is adequate. NPK 20-20-0 targets N & P without excess K.,Apply 120–150 kg/ha at sowing. Supplement with 30 kg/ha urea at tillering stage.
Barley,Black,33,11,18,NPK 20-20-0,20-20-0,Nitrogen and phosphorus are deficient; potassium is adequate. NPK 20-20-0 targets N & P without excess K.,Apply 120–150 kg/ha at sowing. Supplement with 30 kg/ha urea at tillering stage.
Barley,Black,49,46,17,Ammonium Sulphate,21-0-0,Nitrogen is moderately low. Ammonium Sulphate provides N + sulphur — ideal for alkaline/sulphur-deficient soils.,Apply 100–150 kg/ha in two splits: at planting and 30–40 DAS.
Barley,Black,23,47,9,NPK 13-0-45,13-0-45,High potassium demand with adequate phosphorus. NPK 13-0-45 provides premium K and supplementary N for quality crops.,Apply 100–120 kg/ha: 40% basal + 60% at flowering/fruiting via fertigation.
Barley,Black,44,24,5,NPK 17-17-17,17-17-17,"All three nutrients (N, P, K) are below optimal. Balanced 17-17-17 corrects deficiencies uniformly.",Apply 150–200 kg/ha basal + 50–75 kg/ha top-dress at 30 & 60 DAS.
Barley,Black,57,13,12,NPK 10-26-26,10-26-26,Phosphorus and potassium are deficient; nitrogen is adequate. NPK 10-26-26 corrects P & K without excess N.,Apply 120–150 kg/ha as basal dose before planting. Ideal for fruiting crops.
Barley,Black,45,40,20,Ammonium Sulphate,21-0-0,Nitrogen is moderately low. Ammonium Sulphate provides N + sulphur — ideal for alkaline/sulphur-deficient soils.,Apply 100–150 kg/ha in two splits: at planting and 30–40 DAS.
Barley,Black,28,23,11,NPK 17-17-17,17-17-17,"All three nutrients (N, P, K) are below optimal. Balanced 17-17-17 corrects deficiencies uniformly.",Apply 150–200 kg/ha basal + 50–75 kg/ha top-dress at 30 & 60 DAS.
Barley,Black,28,41,18,Urea,46-0-0,Nitrogen is severely deficient. Urea (46% N) rapidly restores soil nitrogen for vegetative growth.,Apply 100–120 kg/ha split: 50% at sowing + 50% at 30 DAS. Incorporate into moist soil.
Barley,Black,31,23,6,NPK 17-17-17,17-17-17,"All three nutrients (N, P, K) are below optimal. Balanced 17-17-17 corrects deficiencies uniformly.",Apply 150–200 kg/ha basal + 50–75 kg/ha top-dress at 30 & 60 DAS.
Barley,Red,68,13,24,SSP (Single Super Phosphate),0-16-0,Severe phosphorus deficiency. SSP provides P with calcium and sulphur — ideal for legumes and oilseeds.,Apply 200–250 kg/ha as basal dose incorporated into soil before sowing.
Barley,Red,81,24,16,DAP,18-46-0,Phosphorus is severely deficient. DAP delivers high P (46%) essential for root development and energy transfer.,"Apply 80–100 kg/ha as basal dose, 5–10 cm below seed level before planting."
Barley,Red,92,31,7,MOP (Muriate of Potash),0-0-60,"Potassium is severely deficient. MOP (60% K) improves drought tolerance, disease resistance, and grain quality.",Apply 60–80 kg/ha: 50% basal at sowing + 50% at flowering. Avoid during dry spells.
Barley,Red,47,43,17,Ammonium Sulphate,21-0-0,Nitrogen is moderately low. Ammonium Sulphate provides N + sulphur — ideal for alkaline/sulphur-deficient soils.,Apply 100–150 kg/ha in two splits: at planting and 30–40 DAS.
Barley,Red,70,44,22,NPK 17-17-17,17-17-17,"All three nutrients (N, P, K) are below optimal. Balanced 17-17-17 corrects deficiencies uniformly.",Apply 150–200 kg/ha basal + 50–75 kg/ha top-dress at 30 & 60 DAS.
Barley,Red,93,11,15,SSP (Single Super Phosphate),0-16-0,Severe phosphorus deficiency. SSP provides P with calcium and sulphur — ideal for legumes and oilseeds.,Apply 200–250 kg/ha as basal dose incorporated into soil before sowing.
Barley,Red,78,39,16,NPK 17-17-17,17-17-17,"All three nutrients (N, P, K) are below optimal. Balanced 17-17-17 corrects deficiencies uniformly.",Apply 150–200 kg/ha basal + 50–75 kg/ha top-dress at 30 & 60 DAS.
Barley,Red,30,41,19,Urea,46-0-0,Nitrogen is severely deficient. Urea (46% N) rapidly restores soil nitrogen for vegetative growth.,Apply 100–120 kg/ha split: 50% at sowing + 50% at 30 DAS. Incorporate into moist soil.
Barley,Red,23,27,7,NPK 13-0-45,13-0-45,High potassium demand with adequate phosphorus. NPK 13-0-45 provides premium K and supplementary N for quality crops.,Apply 100–120 kg/ha: 40% basal + 60% at flowering/fruiting via fertigation.
Barley,Red,44,8,12,NPK 17-17-17,17-17-17,"All three nutrients (N, P, K) are below optimal. Balanced 17-17-17 corrects deficiencies uniformly.",Apply 150–200 kg/ha basal + 50–75 kg/ha top-dress at 30 & 60 DAS.
Barley,Red,62,34,17,Ammonium Sulphate,21-0-0,Nitrogen is moderately low. Ammonium Sulphate provides N + sulphur — ideal for alkaline/sulphur-deficient soils.,Apply 100–150 kg/ha in two splits: at planting and 30–40 DAS.
Barley,Red,86,17,6,NPK 10-26-26,10-26-26,Phosphorus and potassium are deficient; nitrogen is adequate. NPK 10-26-26 corrects P & K without excess N.,Apply 120–150 kg/ha as basal dose before planting. Ideal for fruiting crops.
Barley,Red,87,14,24,SSP (Single Super Phosphate),0-16-0,Severe phosphorus deficiency. SSP provides P with calcium and sulphur — ideal for legumes and oilseeds.,Apply 200–250 kg/ha as basal dose incorporated into soil before sowing.
Barley,Red,86,29,24,NPK 17-17-17,17-17-17,"All three nutrients (N, P, K) are below optimal. Balanced 17-17-17 corrects deficiencies uniformly.",Apply 150–200 kg/ha basal + 50–75 kg/ha top-dress at 30 & 60 DAS.
Barley,Red,24,20,17,NPK 20-20-0,20-20-0,Nitrogen and phosphorus are deficient; potassium is adequate. NPK 20-20-0 targets N & P without excess K.,Apply 120–150 kg/ha at sowing. Supplement with 30 kg/ha urea at tillering stage.
Barley,Red,45,46,5,NPK 13-0-45,13-0-45,High potassium demand with adequate phosphorus. NPK 13-0-45 provides premium K and supplementary N for quality crops.,Apply 100–120 kg/ha: 40% basal + 60% at flowering/fruiting via fertigation.
Barley,Red,62,32,17,Ammonium Sulphate,21-0-0,Nitrogen is moderately low. Ammonium Sulphate provides N + sulphur — ideal for alkaline/sulphur-deficient soils.,Apply 100–150 kg/ha in two splits: at planting and 30–40 DAS.
Barley,Red,37,23,21,NPK 20-20-0,20-20-0,Nitrogen and phosphorus are deficient; potassium is adequate. NPK 20-20-0 targets N & P without excess K.,Apply 120–150 kg/ha at sowing. Supplement with 30 kg/ha urea at tillering stage.
Barley,Red,32,42,15,Urea,46-0-0,Nitrogen is severely deficient. Urea (46% N) rapidly restores soil nitrogen for vegetative growth.,Apply 100–120 kg/ha split: 50% at sowing + 50% at 30 DAS. Incorporate into moist soil.
Barley,Red,80,37,8,MOP (Muriate of Potash),0-0-60,"Potassium is severely deficient. MOP (60% K) improves drought tolerance, disease resistance, and grain quality.",Apply 60–80 kg/ha: 50% basal at sowing + 50% at flowering. Avoid during dry spells.
Barley,Red,63,44,13,NPK 13-0-45,13-0-45,High potassium demand with adequate phosphorus. NPK 13-0-45 provides premium K and supplementary N for quality crops.,Apply 100–120 kg/ha: 40% basal + 60% at flowering/fruiting via fertigation.
Barley,Red,97,26,6,MOP (Muriate of Potash),0-0-60,"Potassium is severely deficient. MOP (60% K) improves drought tolerance, disease resistance, and grain quality.",Apply 60–80 kg/ha: 50% basal at sowing + 50% at flowering. Avoid during dry spells.
Barley,Red,48,47,10,NPK 13-0-45,13-0-45,High potassium demand with adequate phosphorus. NPK 13-0-45 provides premium K and supplementary N for quality crops.,Apply 100–120 kg/ha: 40% basal + 60% at flowering/fruiting via fertigation.
Barley,Red,88,45,11,NPK 13-0-45,13-0-45,High potassium demand with adequate phosphorus. NPK 13-0-45 provides premium K and supplementary N for quality crops.,Apply 100–120 kg/ha: 40% basal + 60% at flowering/fruiting via fertigation.
Barley,Red,22,38,10,NPK 13-0-45,13-0-45,High potassium demand with adequate phosphorus. NPK 13-0-45 provides premium K and supplementary N for quality crops.,Apply 100–120 kg/ha: 40% basal + 60% at flowering/fruiting via fertigation.
Mango,Sandy,102,33,70,NPK 12-32-16,12-32-16,High phosphorus demand with moderate N and K deficiency. NPK 12-32-16 emphasises P with balanced N & K.,Apply 100–125 kg/ha as basal. Supplement with 30 kg/ha urea at 30 DAS.
Mango,Sandy,101,30,66,DAP,18-46-0,Phosphorus is severely deficient. DAP delivers high P (46%) essential for root development and energy transfer.,"Apply 80–100 kg/ha as basal dose, 5–10 cm below seed level before planting."
Mango,Sandy,59,29,75,NPK 20-20-0,20-20-0,Nitrogen and phosphorus are deficient; potassium is adequate. NPK 20-20-0 targets N & P without excess K.,Apply 120–150 kg/ha at sowing. Supplement with 30 kg/ha urea at tillering stage.
Mango,Sandy,104,28,75,DAP,18-46-0,Phosphorus is severely deficient. DAP delivers high P (46%) essential for root development and energy transfer.,"Apply 80–100 kg/ha as basal dose, 5–10 cm below seed level before planting."
Mango,Sandy,90,24,49,NPK 10-26-26,10-26-26,Phosphorus and potassium are deficient; nitrogen is adequate. NPK 10-26-26 corrects P & K without excess N.,Apply 120–150 kg/ha as basal dose before planting. Ideal for fruiting crops.
Mango,Sandy,118,47,80,NPK 17-17-17,17-17-17,"All three nutrients (N, P, K) are below optimal. Balanced 17-17-17 corrects deficiencies uniformly.",Apply 150–200 kg/ha basal + 50–75 kg/ha top-dress at 30 & 60 DAS.
Mango,Sandy,88,11,84,SSP (Single Super Phosphate),0-16-0,Severe phosphorus deficiency. SSP provides P with calcium and sulphur — ideal for legumes and oilseeds.,Apply 200–250 kg/ha as basal dose incorporated into soil before sowing.
Mango,Sandy,73,38,57,NPK 13-0-45,13-0-45,High potassium demand with adequate phosphorus. NPK 13-0-45 provides premium K and supplementary N for quality crops.,Apply 100–120 kg/ha: 40% basal + 60% at flowering/fruiting via fertigation.
Mango,Sandy,28,20,119,NPK 20-20-0,20-20-0,Nitrogen and phosphorus are deficient; potassium is adequate. NPK 20-20-0 targets N & P without excess K.,Apply 120–150 kg/ha at sowing. Supplement with 30 kg/ha urea at tillering stage.
Mango,Sandy,62,34,25,NPK 13-0-45,13-0-45,High potassium demand with adequate phosphorus. NPK 13-0-45 provides premium K and supplementary N for quality crops.,Apply 100–120 kg/ha: 40% basal + 60% at flowering/fruiting via fertigation.
Mango,Sandy,23,47,76,Urea,46-0-0,Nitrogen is severely deficient. Urea (46% N) rapidly restores soil nitrogen for vegetative growth.,Apply 100–120 kg/ha split: 50% at sowing + 50% at 30 DAS. Incorporate into moist soil.
Mango,Sandy,73,22,98,SSP (Single Super Phosphate),0-16-0,Severe phosphorus deficiency. SSP provides P with calcium and sulphur — ideal for legumes and oilseeds.,Apply 200–250 kg/ha as basal dose incorporated into soil before sowing.
Mango,Sandy,37,19,68,NPK 20-20-0,20-20-0,Nitrogen and phosphorus are deficient; potassium is adequate. NPK 20-20-0 targets N & P without excess K.,Apply 120–150 kg/ha at sowing. Supplement with 30 kg/ha urea at tillering stage.
Mango,Sandy,50,22,87,NPK 20-20-0,20-20-0,Nitrogen and phosphorus are deficient; potassium is adequate. NPK 20-20-0 targets N & P without excess K.,Apply 120–150 kg/ha at sowing. Supplement with 30 kg/ha urea at tillering stage.
Mango,Sandy,88,53,63,NPK 13-0-45,13-0-45,High potassium demand with adequate phosphorus. NPK 13-0-45 provides premium K and supplementary N for quality crops.,Apply 100–120 kg/ha: 40% basal + 60% at flowering/fruiting via fertigation.
Mango,Sandy,27,24,122,NPK 20-20-0,20-20-0,Nitrogen and phosphorus are deficient; potassium is adequate. NPK 20-20-0 targets N & P without excess K.,Apply 120–150 kg/ha at sowing. Supplement with 30 kg/ha urea at tillering stage.
Mango,Sandy,82,47,20,MOP (Muriate of Potash),0-0-60,"Potassium is severely deficient. MOP (60% K) improves drought tolerance, disease resistance, and grain quality.",Apply 60–80 kg/ha: 50% basal at sowing + 50% at flowering. Avoid during dry spells.
Mango,Sandy,74,11,79,SSP (Single Super Phosphate),0-16-0,Severe phosphorus deficiency. SSP provides P with calcium and sulphur — ideal for legumes and oilseeds.,Apply 200–250 kg/ha as basal dose incorporated into soil before sowing.
Mango,Sandy,116,60,76,NPK 17-17-17,17-17-17,"All three nutrients (N, P, K) are below optimal. Balanced 17-17-17 corrects deficiencies uniformly.",Apply 150–200 kg/ha basal + 50–75 kg/ha top-dress at 30 & 60 DAS.
Mango,Sandy,68,59,90,Ammonium Sulphate,21-0-0,Nitrogen is moderately low. Ammonium Sulphate provides N + sulphur — ideal for alkaline/sulphur-deficient soils.,Apply 100–150 kg/ha in two splits: at planting and 30–40 DAS.
Mango,Sandy,26,34,45,NPK 13-0-45,13-0-45,High potassium demand with adequate phosphorus. NPK 13-0-45 provides premium K and supplementary N for quality crops.,Apply 100–120 kg/ha: 40% basal + 60% at flowering/fruiting via fertigation.
Mango,Sandy,69,33,81,NPK 17-17-17,17-17-17,"All three nutrients (N, P, K) are below optimal. Balanced 17-17-17 corrects deficiencies uniformly.",Apply 150–200 kg/ha basal + 50–75 kg/ha top-dress at 30 & 60 DAS.
Mango,Sandy,57,18,72,NPK 20-20-0,20-20-0,Nitrogen and phosphorus are deficient; potassium is adequate. NPK 20-20-0 targets N & P without excess K.,Apply 120–150 kg/ha at sowing. Supplement with 30 kg/ha urea at tillering stage.
Mango,Sandy,107,44,55,NPK 13-0-45,13-0-45,High potassium demand with adequate phosphorus. NPK 13-0-45 provides premium K and supplementary N for quality crops.,Apply 100–120 kg/ha: 40% basal + 60% at flowering/fruiting via fertigation.
Mango,Sandy,118,57,41,MOP (Muriate of Potash),0-0-60,"Potassium is severely deficient. MOP (60% K) improves drought tolerance, disease resistance, and grain quality.",Apply 60–80 kg/ha: 50% basal at sowing + 50% at flowering. Avoid during dry spells.
Mango,Loamy,24,48,106,Urea,46-0-0,Nitrogen is severely deficient. Urea (46% N) rapidly restores soil nitrogen for vegetative growth.,Apply 100–120 kg/ha split: 50% at sowing + 50% at 30 DAS. Incorporate into moist soil.
Mango,Loamy,121,56,83,NPK 17-17-17,17-17-17,"All three nutrients (N, P, K) are below optimal. Balanced 17-17-17 corrects deficiencies uniformly.",Apply 150–200 kg/ha basal + 50–75 kg/ha top-dress at 30 & 60 DAS.
Mango,Loamy,75,11,45,NPK 10-26-26,10-26-26,Phosphorus and potassium are deficient; nitrogen is adequate. NPK 10-26-26 corrects P & K without excess N.,Apply 120–150 kg/ha as basal dose before planting. Ideal for fruiting crops.
Mango,Loamy,68,42,78,NPK 13-0-45,13-0-45,High potassium demand with adequate phosphorus. NPK 13-0-45 provides premium K and supplementary N for quality crops.,Apply 100–120 kg/ha: 40% basal + 60% at flowering/fruiting via fertigation.
Mango,Loamy,97,24,79,DAP,18-46-0,Phosphorus is severely deficient. DAP delivers high P (46%) essential for root development and energy transfer.,"Apply 80–100 kg/ha as basal dose, 5–10 cm below seed level before planting."
Mango,Loamy,29,31,98,NPK 20-20-0,20-20-0,Nitrogen and phosphorus are deficient; potassium is adequate. NPK 20-20-0 targets N & P without excess K.,Apply 120–150 kg/ha at sowing. Supplement with 30 kg/ha urea at tillering stage.
Mango,Loamy,92,62,49,NPK 13-0-45,13-0-45,High potassium demand with adequate phosphorus. NPK 13-0-45 provides premium K and supplementary N for quality crops.,Apply 100–120 kg/ha: 40% basal + 60% at flowering/fruiting via fertigation.
Mango,Loamy,72,27,66,DAP,18-46-0,Phosphorus is severely deficient. DAP delivers high P (46%) essential for root development and energy transfer.,"Apply 80–100 kg/ha as basal dose, 5–10 cm below seed level before planting."
Mango,Loamy,109,45,112,NPK 17-17-17,17-17-17,"All three nutrients (N, P, K) are below optimal. Balanced 17-17-17 corrects deficiencies uniformly.",Apply 150–200 kg/ha basal + 50–75 kg/ha top-dress at 30 & 60 DAS.
Mango,Loamy,41,55,26,NPK 13-0-45,13-0-45,High potassium demand with adequate phosphorus. NPK 13-0-45 provides premium K and supplementary N for quality crops.,Apply 100–120 kg/ha: 40% basal + 60% at flowering/fruiting via fertigation.
Mango,Loamy,113,27,53,NPK 10-26-26,10-26-26,Phosphorus and potassium are deficient; nitrogen is adequate. NPK 10-26-26 corrects P & K without excess N.,Apply 120–150 kg/ha as basal dose before planting. Ideal for fruiting crops.
Mango,Loamy,73,59,25,MOP (Muriate of Potash),0-0-60,"Potassium is severely deficient. MOP (60% K) improves drought tolerance, disease resistance, and grain quality.",Apply 60–80 kg/ha: 50% basal at sowing + 50% at flowering. Avoid during dry spells.
Mango,Loamy,56,54,61,NPK 13-0-45,13-0-45,High potassium demand with adequate phosphorus. NPK 13-0-45 provides premium K and supplementary N for quality crops.,Apply 100–120 kg/ha: 40% basal + 60% at flowering/fruiting via fertigation.
Mango,Loamy,40,32,60,NPK 17-17-17,17-17-17,"All three nutrients (N, P, K) are below optimal. Balanced 17-17-17 corrects deficiencies uniformly.",Apply 150–200 kg/ha basal + 50–75 kg/ha top-dress at 30 & 60 DAS.
Mango,Loamy,116,50,73,NPK 17-17-17,17-17-17,"All three nutrients (N, P, K) are below optimal. Balanced 17-17-17 corrects deficiencies uniformly.",Apply 150–200 kg/ha basal + 50–75 kg/ha top-dress at 30 & 60 DAS.
Mango,Loamy,123,34,26,MOP (Muriate of Potash),0-0-60,"Potassium is severely deficient. MOP (60% K) improves drought tolerance, disease resistance, and grain quality.",Apply 60–80 kg/ha: 50% basal at sowing + 50% at flowering. Avoid during dry spells.
Mango,Loamy,47,32,36,NPK 17-17-17,17-17-17,"All three nutrients (N, P, K) are below optimal. Balanced 17-17-17 corrects deficiencies uniformly.",Apply 150–200 kg/ha basal + 50–75 kg/ha top-dress at 30 & 60 DAS.
Mango,Loamy,119,50,48,NPK 13-0-45,13-0-45,High potassium demand with adequate phosphorus. NPK 13-0-45 provides premium K and supplementary N for quality crops.,Apply 100–120 kg/ha: 40% basal + 60% at flowering/fruiting via fertigation.
Mango,Loamy,82,47,118,NPK 17-17-17,17-17-17,"All three nutrients (N, P, K) are below optimal. Balanced 17-17-17 corrects deficiencies uniformly.",Apply 150–200 kg/ha basal + 50–75 kg/ha top-dress at 30 & 60 DAS.
Mango,Loamy,112,37,101,NPK 17-17-17,17-17-17,"All three nutrients (N, P, K) are below optimal. Balanced 17-17-17 corrects deficiencies uniformly.",Apply 150–200 kg/ha basal + 50–75 kg/ha top-dress at 30 & 60 DAS.
Mango,Loamy,79,39,32,MOP (Muriate of Potash),0-0-60,"Potassium is severely deficient. MOP (60% K) improves drought tolerance, disease resistance, and grain quality.",Apply 60–80 kg/ha: 50% basal at sowing + 50% at flowering. Avoid during dry spells.
Mango,Loamy,33,37,48,NPK 13-0-45,13-0-45,High potassium demand with adequate phosphorus. NPK 13-0-45 provides premium K and supplementary N for quality crops.,Apply 100–120 kg/ha: 40% basal + 60% at flowering/fruiting via fertigation.
Mango,Loamy,22,47,23,NPK 13-0-45,13-0-45,High potassium demand with adequate phosphorus. NPK 13-0-45 provides premium K and supplementary N for quality crops.,Apply 100–120 kg/ha: 40% basal + 60% at flowering/fruiting via fertigation.
Mango,Loamy,82,38,121,NPK 17-17-17,17-17-17,"All three nutrients (N, P, K) are below optimal. Balanced 17-17-17 corrects deficiencies uniformly.",Apply 150–200 kg/ha basal + 50–75 kg/ha top-dress at 30 & 60 DAS.
Mango,Loamy,70,13,77,SSP (Single Super Phosphate),0-16-0,Severe phosphorus deficiency. SSP provides P with calcium and sulphur — ideal for legumes and oilseeds.,Apply 200–250 kg/ha as basal dose incorporated into soil before sowing.
Mango,Clay,108,62,65,NPK 17-17-17,17-17-17,"All three nutrients (N, P, K) are below optimal. Balanced 17-17-17 corrects deficiencies uniformly.",Apply 150–200 kg/ha basal + 50–75 kg/ha top-dress at 30 & 60 DAS.
Mango,Clay,53,57,40,NPK 13-0-45,13-0-45,High potassium demand with adequate phosphorus. NPK 13-0-45 provides premium K and supplementary N for quality crops.,Apply 100–120 kg/ha: 40% basal + 60% at flowering/fruiting via fertigation.
Mango,Clay,84,31,24,NPK 10-26-26,10-26-26,Phosphorus and potassium are deficient; nitrogen is adequate. NPK 10-26-26 corrects P & K without excess N.,Apply 120–150 kg/ha as basal dose before planting. Ideal for fruiting crops.
Mango,Clay,56,23,92,NPK 20-20-0,20-20-0,Nitrogen and phosphorus are deficient; potassium is adequate. NPK 20-20-0 targets N & P without excess K.,Apply 120–150 kg/ha at sowing. Supplement with 30 kg/ha urea at tillering stage.
Mango,Clay,119,24,105,DAP,18-46-0,Phosphorus is severely deficient. DAP delivers high P (46%) essential for root development and energy transfer.,"Apply 80–100 kg/ha as basal dose, 5–10 cm below seed level before planting."
Mango,Clay,25,38,27,NPK 13-0-45,13-0-45,High potassium demand with adequate phosphorus. NPK 13-0-45 provides premium K and supplementary N for quality crops.,Apply 100–120 kg/ha: 40% basal + 60% at flowering/fruiting via fertigation.
Mango,Clay,118,50,89,NPK 17-17-17,17-17-17,"All three nutrients (N, P, K) are below optimal. Balanced 17-17-17 corrects deficiencies uniformly.",Apply 150–200 kg/ha basal + 50–75 kg/ha top-dress at 30 & 60 DAS.
Mango,Clay,106,43,121,NPK 17-17-17,17-17-17,"All three nutrients (N, P, K) are below optimal. Balanced 17-17-17 corrects deficiencies uniformly.",Apply 150–200 kg/ha basal + 50–75 kg/ha top-dress at 30 & 60 DAS.
Mango,Clay,94,58,74,NPK 17-17-17,17-17-17,"All three nutrients (N, P, K) are below optimal. Balanced 17-17-17 corrects deficiencies uniformly.",Apply 150–200 kg/ha basal + 50–75 kg/ha top-dress at 30 & 60 DAS.
Mango,Clay,32,37,33,NPK 13-0-45,13-0-45,High potassium demand with adequate phosphorus. NPK 13-0-45 provides premium K and supplementary N for quality crops.,Apply 100–120 kg/ha: 40% basal + 60% at flowering/fruiting via fertigation.
Mango,Clay,82,35,85,NPK 17-17-17,17-17-17,"All three nutrients (N, P, K) are below optimal. Balanced 17-17-17 corrects deficiencies uniformly.",Apply 150–200 kg/ha basal + 50–75 kg/ha top-dress at 30 & 60 DAS.
Mango,Clay,21,20,71,NPK 20-20-0,20-20-0,Nitrogen and phosphorus are deficient; potassium is adequate. NPK 20-20-0 targets N & P without excess K.,Apply 120–150 kg/ha at sowing. Supplement with 30 kg/ha urea at tillering stage.
Mango,Clay,119,30,64,NPK 10-26-26,10-26-26,Phosphorus and potassium are deficient; nitrogen is adequate. NPK 10-26-26 corrects P & K without excess N.,Apply 120–150 kg/ha as basal dose before planting. Ideal for fruiting crops.
Mango,Clay,95,41,51,NPK 13-0-45,13-0-45,High potassium demand with adequate phosphorus. NPK 13-0-45 provides premium K and supplementary N for quality crops.,Apply 100–120 kg/ha: 40% basal + 60% at flowering/fruiting via fertigation.
Mango,Clay,63,21,121,NPK 20-20-0,20-20-0,Nitrogen and phosphorus are deficient; potassium is adequate. NPK 20-20-0 targets N & P without excess K.,Apply 120–150 kg/ha at sowing. Supplement with 30 kg/ha urea at tillering stage.
Mango,Clay,33,29,22,NPK 17-17-17,17-17-17,"All three nutrients (N, P, K) are below optimal. Balanced 17-17-17 corrects deficiencies uniformly.",Apply 150–200 kg/ha basal + 50–75 kg/ha top-dress at 30 & 60 DAS.
Mango,Clay,43,50,41,NPK 13-0-45,13-0-45,High potassium demand with adequate phosphorus. NPK 13-0-45 provides premium K and supplementary N for quality crops.,Apply 100–120 kg/ha: 40% basal + 60% at flowering/fruiting via fertigation.
Mango,Clay,28,34,21,NPK 13-0-45,13-0-45,High potassium demand with adequate phosphorus. NPK 13-0-45 provides premium K and supplementary N for quality crops.,Apply 100–120 kg/ha: 40% basal + 60% at flowering/fruiting via fertigation.
Mango,Clay,28,52,101,Urea,46-0-0,Nitrogen is severely deficient. Urea (46% N) rapidly restores soil nitrogen for vegetative growth.,Apply 100–120 kg/ha split: 50% at sowing + 50% at 30 DAS. Incorporate into moist soil.
Mango,Clay,116,54,91,NPK 17-17-17,17-17-17,"All three nutrients (N, P, K) are below optimal. Balanced 17-17-17 corrects deficiencies uniformly.",Apply 150–200 kg/ha basal + 50–75 kg/ha top-dress at 30 & 60 DAS.
Mango,Clay,25,51,108,Urea,46-0-0,Nitrogen is severely deficient. Urea (46% N) rapidly restores soil nitrogen for vegetative growth.,Apply 100–120 kg/ha split: 50% at sowing + 50% at 30 DAS. Incorporate into moist soil.
Mango,Clay,103,36,44,MOP (Muriate of Potash),0-0-60,"Potassium is severely deficient. MOP (60% K) improves drought tolerance, disease resistance, and grain quality.",Apply 60–80 kg/ha: 50% basal at sowing + 50% at flowering. Avoid during dry spells.
Mango,Clay,108,48,122,NPK 17-17-17,17-17-17,"All three nutrients (N, P, K) are below optimal. Balanced 17-17-17 corrects deficiencies uniformly.",Apply 150–200 kg/ha basal + 50–75 kg/ha top-dress at 30 & 60 DAS.
Mango,Clay,36,21,42,NPK 17-17-17,17-17-17,"All three nutrients (N, P, K) are below optimal. Balanced 17-17-17 corrects deficiencies uniformly.",Apply 150–200 kg/ha basal + 50–75 kg/ha top-dress at 30 & 60 DAS.
Mango,Clay,103,19,26,NPK 10-26-26,10-26-26,Phosphorus and potassium are deficient; nitrogen is adequate. NPK 10-26-26 corrects P & K without excess N.,Apply 120–150 kg/ha as basal dose before planting. Ideal for fruiting crops.
Mango,Silt,124,11,107,SSP (Single Super Phosphate),0-16-0,Severe phosphorus deficiency. SSP provides P with calcium and sulphur — ideal for legumes and oilseeds.,Apply 200–250 kg/ha as basal dose incorporated into soil before sowing.
Mango,Silt,58,54,78,Ammonium Sulphate,21-0-0,Nitrogen is moderately low. Ammonium Sulphate provides N + sulphur — ideal for alkaline/sulphur-deficient soils.,Apply 100–150 kg/ha in two splits: at planting and 30–40 DAS.
Mango,Silt,114,58,20,MOP (Muriate of Potash),0-0-60,"Potassium is severely deficient. MOP (60% K) improves drought tolerance, disease resistance, and grain quality.",Apply 60–80 kg/ha: 50% basal at sowing + 50% at flowering. Avoid during dry spells.
Mango,Silt,27,23,90,NPK 20-20-0,20-20-0,Nitrogen and phosphorus are deficient; potassium is adequate. NPK 20-20-0 targets N & P without excess K.,Apply 120–150 kg/ha at sowing. Supplement with 30 kg/ha urea at tillering stage.
Mango,Silt,113,34,83,NPK 17-17-17,17-17-17,"All three nutrients (N, P, K) are below optimal. Balanced 17-17-17 corrects deficiencies uniformly.",Apply 150–200 kg/ha basal + 50–75 kg/ha top-dress at 30 & 60 DAS.
Mango,Silt,39,52,121,Urea,46-0-0,Nitrogen is severely deficient. Urea (46% N) rapidly restores soil nitrogen for vegetative growth.,Apply 100–120 kg/ha split: 50% at sowing + 50% at 30 DAS. Incorporate into moist soil.
Mango,Silt,48,35,29,NPK 13-0-45,13-0-45,High potassium demand with adequate phosphorus. NPK 13-0-45 provides premium K and supplementary N for quality crops.,Apply 100–120 kg/ha: 40% basal + 60% at flowering/fruiting via fertigation.
Mango,Silt,78,36,35,MOP (Muriate of Potash),0-0-60,"Potassium is severely deficient. MOP (60% K) improves drought tolerance, disease resistance, and grain quality.",Apply 60–80 kg/ha: 50% basal at sowing + 50% at flowering. Avoid during dry spells.
Mango,Silt,66,27,74,DAP,18-46-0,Phosphorus is severely deficient. DAP delivers high P (46%) essential for root development and energy transfer.,"Apply 80–100 kg/ha as basal dose, 5–10 cm below seed level before planting."
Mango,Silt,81,10,99,SSP (Single Super Phosphate),0-16-0,Severe phosphorus deficiency. SSP provides P with calcium and sulphur — ideal for legumes and oilseeds.,Apply 200–250 kg/ha as basal dose incorporated into soil before sowing.
Mango,Silt,94,29,25,NPK 10-26-26,10-26-26,Phosphorus and potassium are deficient; nitrogen is adequate. NPK 10-26-26 corrects P & K without excess N.,Apply 120–150 kg/ha as basal dose before planting. Ideal for fruiting crops.
Mango,Silt,99,60,45,NPK 13-0-45,13-0-45,High potassium demand with adequate phosphorus. NPK 13-0-45 provides premium K and supplementary N for quality crops.,Apply 100–120 kg/ha: 40% basal + 60% at flowering/fruiting via fertigation.
Mango,Silt,53,19,80,NPK 20-20-0,20-20-0,Nitrogen and phosphorus are deficient; potassium is adequate. NPK 20-20-0 targets N & P without excess K.,Apply 120–150 kg/ha at sowing. Supplement with 30 kg/ha urea at tillering stage.
Mango,Silt,36,28,93,NPK 20-20-0,20-20-0,Nitrogen and phosphorus are deficient; potassium is adequate. NPK 20-20-0 targets N & P without excess K.,Apply 120–150 kg/ha at sowing. Supplement with 30 kg/ha urea at tillering stage.
Mango,Silt,78,30,64,NPK 10-26-26,10-26-26,Phosphorus and potassium are deficient; nitrogen is adequate. NPK 10-26-26 corrects P & K without excess N.,Apply 120–150 kg/ha as basal dose before planting. Ideal for fruiting crops.
Mango,Silt,79,10,28,NPK 10-26-26,10-26-26,Phosphorus and potassium are deficient; nitrogen is adequate. NPK 10-26-26 corrects P & K without excess N.,Apply 120–150 kg/ha as basal dose before planting. Ideal for fruiting crops.
Mango,Silt,112,14,94,SSP (Single Super Phosphate),0-16-0,Severe phosphorus deficiency. SSP provides P with calcium and sulphur — ideal for legumes and oilseeds.,Apply 200–250 kg/ha as basal dose incorporated into soil before sowing.
Mango,Silt,116,24,58,NPK 10-26-26,10-26-26,Phosphorus and potassium are deficient; nitrogen is adequate. NPK 10-26-26 corrects P & K without excess N.,Apply 120–150 kg/ha as basal dose before planting. Ideal for fruiting crops.
Mango,Silt,79,56,118,Ammonium Sulphate,21-0-0,Nitrogen is moderately low. Ammonium Sulphate provides N + sulphur — ideal for alkaline/sulphur-deficient soils.,Apply 100–150 kg/ha in two splits: at planting and 30–40 DAS.
Mango,Silt,97,14,90,SSP (Single Super Phosphate),0-16-0,Severe phosphorus deficiency. SSP provides P with calcium and sulphur — ideal for legumes and oilseeds.,Apply 200–250 kg/ha as basal dose incorporated into soil before sowing.
Mango,Silt,63,34,25,NPK 13-0-45,13-0-45,High potassium demand with adequate phosphorus. NPK 13-0-45 provides premium K and supplementary N for quality crops.,Apply 100–120 kg/ha: 40% basal + 60% at flowering/fruiting via fertigation.
Mango,Silt,40,51,67,Urea,46-0-0,Nitrogen is severely deficient. Urea (46% N) rapidly restores soil nitrogen for vegetative growth.,Apply 100–120 kg/ha split: 50% at sowing + 50% at 30 DAS. Incorporate into moist soil.
Mango,Silt,51,30,109,NPK 20-20-0,20-20-0,Nitrogen and phosphorus are deficient; potassium is adequate. NPK 20-20-0 targets N & P without excess K.,Apply 120–150 kg/ha at sowing. Supplement with 30 kg/ha urea at tillering stage.
Mango,Silt,98,24,32,NPK 10-26-26,10-26-26,Phosphorus and potassium are deficient; nitrogen is adequate. NPK 10-26-26 corrects P & K without excess N.,Apply 120–150 kg/ha as basal dose before planting. Ideal for fruiting crops.
Mango,Silt,46,58,81,Urea,46-0-0,Nitrogen is severely deficient. Urea (46% N) rapidly restores soil nitrogen for vegetative growth.,Apply 100–120 kg/ha split: 50% at sowing + 50% at 30 DAS. Incorporate into moist soil.
Mango,Black,76,41,58,NPK 13-0-45,13-0-45,High potassium demand with adequate phosphorus. NPK 13-0-45 provides premium K and supplementary N for quality crops.,Apply 100–120 kg/ha: 40% basal + 60% at flowering/fruiting via fertigation.
Mango,Black,104,37,32,MOP (Muriate of Potash),0-0-60,"Potassium is severely deficient. MOP (60% K) improves drought tolerance, disease resistance, and grain quality.",Apply 60–80 kg/ha: 50% basal at sowing + 50% at flowering. Avoid during dry spells.
Mango,Black,33,38,118,Urea,46-0-0,Nitrogen is severely deficient. Urea (46% N) rapidly restores soil nitrogen for vegetative growth.,Apply 100–120 kg/ha split: 50% at sowing + 50% at 30 DAS. Incorporate into moist soil.
Mango,Black,52,55,100,Ammonium Sulphate,21-0-0,Nitrogen is moderately low. Ammonium Sulphate provides N + sulphur — ideal for alkaline/sulphur-deficient soils.,Apply 100–150 kg/ha in two splits: at planting and 30–40 DAS.
Mango,Black,46,11,30,NPK 17-17-17,17-17-17,"All three nutrients (N, P, K) are below optimal. Balanced 17-17-17 corrects deficiencies uniformly.",Apply 150–200 kg/ha basal + 50–75 kg/ha top-dress at 30 & 60 DAS.
Mango,Black,96,20,58,NPK 10-26-26,10-26-26,Phosphorus and potassium are deficient; nitrogen is adequate. NPK 10-26-26 corrects P & K without excess N.,Apply 120–150 kg/ha as basal dose before planting. Ideal for fruiting crops.
Mango,Black,72,48,31,MOP (Muriate of Potash),0-0-60,"Potassium is severely deficient. MOP (60% K) improves drought tolerance, disease resistance, and grain quality.",Apply 60–80 kg/ha: 50% basal at sowing + 50% at flowering. Avoid during dry spells.
Mango,Black,62,35,76,Ammonium Sulphate,21-0-0,Nitrogen is moderately low. Ammonium Sulphate provides N + sulphur — ideal for alkaline/sulphur-deficient soils.,Apply 100–150 kg/ha in two splits: at planting and 30–40 DAS.
Mango,Black,105,19,104,SSP (Single Super Phosphate),0-16-0,Severe phosphorus deficiency. SSP provides P with calcium and sulphur — ideal for legumes and oilseeds.,Apply 200–250 kg/ha as basal dose incorporated into soil before sowing.
Mango,Black,92,39,93,NPK 17-17-17,17-17-17,"All three nutrients (N, P, K) are below optimal. Balanced 17-17-17 corrects deficiencies uniformly.",Apply 150–200 kg/ha basal + 50–75 kg/ha top-dress at 30 & 60 DAS.
Mango,Black,63,17,89,NPK 20-20-0,20-20-0,Nitrogen and phosphorus are deficient; potassium is adequate. NPK 20-20-0 targets N & P without excess K.,Apply 120–150 kg/ha at sowing. Supplement with 30 kg/ha urea at tillering stage.
Mango,Black,75,43,55,NPK 13-0-45,13-0-45,High potassium demand with adequate phosphorus. NPK 13-0-45 provides premium K and supplementary N for quality crops.,Apply 100–120 kg/ha: 40% basal + 60% at flowering/fruiting via fertigation.
Mango,Black,115,40,28,MOP (Muriate of Potash),0-0-60,"Potassium is severely deficient. MOP (60% K) improves drought tolerance, disease resistance, and grain quality.",Apply 60–80 kg/ha: 50% basal at sowing + 50% at flowering. Avoid during dry spells.
Mango,Black,67,49,103,Ammonium Sulphate,21-0-0,Nitrogen is moderately low. Ammonium Sulphate provides N + sulphur — ideal for alkaline/sulphur-deficient soils.,Apply 100–150 kg/ha in two splits: at planting and 30–40 DAS.
Mango,Black,71,56,48,NPK 13-0-45,13-0-45,High potassium demand with adequate phosphorus. NPK 13-0-45 provides premium K and supplementary N for quality crops.,Apply 100–120 kg/ha: 40% basal + 60% at flowering/fruiting via fertigation.
Mango,Black,63,57,114,Ammonium Sulphate,21-0-0,Nitrogen is moderately low. Ammonium Sulphate provides N + sulphur — ideal for alkaline/sulphur-deficient soils.,Apply 100–150 kg/ha in two splits: at planting and 30–40 DAS.
Mango,Black,91,55,29,MOP (Muriate of Potash),0-0-60,"Potassium is severely deficient. MOP (60% K) improves drought tolerance, disease resistance, and grain quality.",Apply 60–80 kg/ha: 50% basal at sowing + 50% at flowering. Avoid during dry spells.
Mango,Black,110,26,38,NPK 10-26-26,10-26-26,Phosphorus and potassium are deficient; nitrogen is adequate. NPK 10-26-26 corrects P & K without excess N.,Apply 120–150 kg/ha as basal dose before planting. Ideal for fruiting crops.
Mango,Black,45,31,46,NPK 17-17-17,17-17-17,"All three nutrients (N, P, K) are below optimal. Balanced 17-17-17 corrects deficiencies uniformly.",Apply 150–200 kg/ha basal + 50–75 kg/ha top-dress at 30 & 60 DAS.
Mango,Black,53,17,51,NPK 17-17-17,17-17-17,"All three nutrients (N, P, K) are below optimal. Balanced 17-17-17 corrects deficiencies uniformly.",Apply 150–200 kg/ha basal + 50–75 kg/ha top-dress at 30 & 60 DAS.
Mango,Black,80,33,56,NPK 13-0-45,13-0-45,High potassium demand with adequate phosphorus. NPK 13-0-45 provides premium K and supplementary N for quality crops.,Apply 100–120 kg/ha: 40% basal + 60% at flowering/fruiting via fertigation.
Mango,Black,98,56,99,NPK 17-17-17,17-17-17,"All three nutrients (N, P, K) are below optimal. Balanced 17-17-17 corrects deficiencies uniformly.",Apply 150–200 kg/ha basal + 50–75 kg/ha top-dress at 30 & 60 DAS.
Mango,Black,54,49,35,NPK 13-0-45,13-0-45,High potassium demand with adequate phosphorus. NPK 13-0-45 provides premium K and supplementary N for quality crops.,Apply 100–120 kg/ha: 40% basal + 60% at flowering/fruiting via fertigation.
Mango,Black,33,28,104,NPK 20-20-0,20-20-0,Nitrogen and phosphorus are deficient; potassium is adequate. NPK 20-20-0 targets N & P without excess K.,Apply 120–150 kg/ha at sowing. Supplement with 30 kg/ha urea at tillering stage.
Mango,Black,45,13,33,NPK 17-17-17,17-17-17,"All three nutrients (N, P, K) are below optimal. Balanced 17-17-17 corrects deficiencies uniformly.",Apply 150–200 kg/ha basal + 50–75 kg/ha top-dress at 30 & 60 DAS.
Mango,Red,110,43,46,NPK 13-0-45,13-0-45,High potassium demand with adequate phosphorus. NPK 13-0-45 provides premium K and supplementary N for quality crops.,Apply 100–120 kg/ha: 40% basal + 60% at flowering/fruiting via fertigation.
Mango,Red,78,37,88,NPK 17-17-17,17-17-17,"All three nutrients (N, P, K) are below optimal. Balanced 17-17-17 corrects deficiencies uniformly.",Apply 150–200 kg/ha basal + 50–75 kg/ha top-dress at 30 & 60 DAS.
Mango,Red,44,55,52,NPK 13-0-45,13-0-45,High potassium demand with adequate phosphorus. NPK 13-0-45 provides premium K and supplementary N for quality crops.,Apply 100–120 kg/ha: 40% basal + 60% at flowering/fruiting via fertigation.
Mango,Red,92,10,59,NPK 10-26-26,10-26-26,Phosphorus and potassium are deficient; nitrogen is adequate. NPK 10-26-26 corrects P & K without excess N.,Apply 120–150 kg/ha as basal dose before planting. Ideal for fruiting crops.
Mango,Red,56,38,27,NPK 13-0-45,13-0-45,High potassium demand with adequate phosphorus. NPK 13-0-45 provides premium K and supplementary N for quality crops.,Apply 100–120 kg/ha: 40% basal + 60% at flowering/fruiting via fertigation.
Mango,Red,102,21,91,SSP (Single Super Phosphate),0-16-0,Severe phosphorus deficiency. SSP provides P with calcium and sulphur — ideal for legumes and oilseeds.,Apply 200–250 kg/ha as basal dose incorporated into soil before sowing.
Mango,Red,104,39,97,NPK 17-17-17,17-17-17,"All three nutrients (N, P, K) are below optimal. Balanced 17-17-17 corrects deficiencies uniformly.",Apply 150–200 kg/ha basal + 50–75 kg/ha top-dress at 30 & 60 DAS.
Mango,Red,89,28,104,DAP,18-46-0,Phosphorus is severely deficient. DAP delivers high P (46%) essential for root development and energy transfer.,"Apply 80–100 kg/ha as basal dose, 5–10 cm below seed level before planting."
Mango,Red,50,39,98,Ammonium Sulphate,21-0-0,Nitrogen is moderately low. Ammonium Sulphate provides N + sulphur — ideal for alkaline/sulphur-deficient soils.,Apply 100–150 kg/ha in two splits: at planting and 30–40 DAS.
Mango,Red,59,25,68,NPK 20-20-0,20-20-0,Nitrogen and phosphorus are deficient; potassium is adequate. NPK 20-20-0 targets N & P without excess K.,Apply 120–150 kg/ha at sowing. Supplement with 30 kg/ha urea at tillering stage.
Mango,Red,105,58,77,NPK 17-17-17,17-17-17,"All three nutrients (N, P, K) are below optimal. Balanced 17-17-17 corrects deficiencies uniformly.",Apply 150–200 kg/ha basal + 50–75 kg/ha top-dress at 30 & 60 DAS.
Mango,Red,89,57,30,MOP (Muriate of Potash),0-0-60,"Potassium is severely deficient. MOP (60% K) improves drought tolerance, disease resistance, and grain quality.",Apply 60–80 kg/ha: 50% basal at sowing + 50% at flowering. Avoid during dry spells.
Mango,Red,44,47,106,Urea,46-0-0,Nitrogen is severely deficient. Urea (46% N) rapidly restores soil nitrogen for vegetative growth.,Apply 100–120 kg/ha split: 50% at sowing + 50% at 30 DAS. Incorporate into moist soil.
Mango,Red,109,31,29,NPK 10-26-26,10-26-26,Phosphorus and potassium are deficient; nitrogen is adequate. NPK 10-26-26 corrects P & K without excess N.,Apply 120–150 kg/ha as basal dose before planting. Ideal for fruiting crops.
Mango,Red,65,22,50,NPK 10-26-26,10-26-26,Phosphorus and potassium are deficient; nitrogen is adequate. NPK 10-26-26 corrects P & K without excess N.,Apply 120–150 kg/ha as basal dose before planting. Ideal for fruiting crops.
Mango,Red,101,13,106,SSP (Single Super Phosphate),0-16-0,Severe phosphorus deficiency. SSP provides P with calcium and sulphur — ideal for legumes and oilseeds.,Apply 200–250 kg/ha as basal dose incorporated into soil before sowing.
Mango,Red,64,41,29,NPK 13-0-45,13-0-45,High potassium demand with adequate phosphorus. NPK 13-0-45 provides premium K and supplementary N for quality crops.,Apply 100–120 kg/ha: 40% basal + 60% at flowering/fruiting via fertigation.
Mango,Red,55,14,120,NPK 20-20-0,20-20-0,Nitrogen and phosphorus are deficient; potassium is adequate. NPK 20-20-0 targets N & P without excess K.,Apply 120–150 kg/ha at sowing. Supplement with 30 kg/ha urea at tillering stage.
Mango,Red,104,34,43,MOP (Muriate of Potash),0-0-60,"Potassium is severely deficient. MOP (60% K) improves drought tolerance, disease resistance, and grain quality.",Apply 60–80 kg/ha: 50% basal at sowing + 50% at flowering. Avoid during dry spells.
Mango,Red,118,28,36,NPK 10-26-26,10-26-26,Phosphorus and potassium are deficient; nitrogen is adequate. NPK 10-26-26 corrects P & K without excess N.,Apply 120–150 kg/ha as basal dose before planting. Ideal for fruiting crops.
Mango,Red,79,59,20,MOP (Muriate of Potash),0-0-60,"Potassium is severely deficient. MOP (60% K) improves drought tolerance, disease resistance, and grain quality.",Apply 60–80 kg/ha: 50% basal at sowing + 50% at flowering. Avoid during dry spells.
Mango,Red,45,59,37,NPK 13-0-45,13-0-45,High potassium demand with adequate phosphorus. NPK 13-0-45 provides premium K and supplementary N for quality crops.,Apply 100–120 kg/ha: 40% basal + 60% at flowering/fruiting via fertigation.
Mango,Red,31,39,110,Urea,46-0-0,Nitrogen is severely deficient. Urea (46% N) rapidly restores soil nitrogen for vegetative growth.,Apply 100–120 kg/ha split: 50% at sowing + 50% at 30 DAS. Incorporate into moist soil.
Mango,Red,70,62,91,Ammonium Sulphate,21-0-0,Nitrogen is moderately low. Ammonium Sulphate provides N + sulphur — ideal for alkaline/sulphur-deficient soils.,Apply 100–150 kg/ha in two splits: at planting and 30–40 DAS.
Mango,Red,27,62,62,NPK 13-0-45,13-0-45,High potassium demand with adequate phosphorus. NPK 13-0-45 provides premium K and supplementary N for quality crops.,Apply 100–120 kg/ha: 40% basal + 60% at flowering/fruiting via fertigation.
Banana,Sandy,100,39,155,NPK 13-0-45,13-0-45,High potassium demand with adequate phosphorus. NPK 13-0-45 provides premium K and supplementary N for quality crops.,Apply 100–120 kg/ha: 40% basal + 60% at flowering/fruiting via fertigation.
Banana,Sandy,58,10,201,NPK 20-20-0,20-20-0,Nitrogen and phosphorus are deficient; potassium is adequate. NPK 20-20-0 targets N & P without excess K.,Apply 120–150 kg/ha at sowing. Supplement with 30 kg/ha urea at tillering stage.
Banana,Sandy,215,40,374,NPK 17-17-17,17-17-17,"All three nutrients (N, P, K) are below optimal. Balanced 17-17-17 corrects deficiencies uniformly.",Apply 150–200 kg/ha basal + 50–75 kg/ha top-dress at 30 & 60 DAS.
Banana,Sandy,100,24,110,NPK 17-17-17,17-17-17,"All three nutrients (N, P, K) are below optimal. Balanced 17-17-17 corrects deficiencies uniformly.",Apply 150–200 kg/ha basal + 50–75 kg/ha top-dress at 30 & 60 DAS.
Banana,Sandy,74,24,309,NPK 20-20-0,20-20-0,Nitrogen and phosphorus are deficient; potassium is adequate. NPK 20-20-0 targets N & P without excess K.,Apply 120–150 kg/ha at sowing. Supplement with 30 kg/ha urea at tillering stage.
Banana,Sandy,230,61,133,MOP (Muriate of Potash),0-0-60,"Potassium is severely deficient. MOP (60% K) improves drought tolerance, disease resistance, and grain quality.",Apply 60–80 kg/ha: 50% basal at sowing + 50% at flowering. Avoid during dry spells.
Banana,Sandy,225,27,95,NPK 10-26-26,10-26-26,Phosphorus and potassium are deficient; nitrogen is adequate. NPK 10-26-26 corrects P & K without excess N.,Apply 120–150 kg/ha as basal dose before planting. Ideal for fruiting crops.
Banana,Sandy,222,43,111,MOP (Muriate of Potash),0-0-60,"Potassium is severely deficient. MOP (60% K) improves drought tolerance, disease resistance, and grain quality.",Apply 60–80 kg/ha: 50% basal at sowing + 50% at flowering. Avoid during dry spells.
Banana,Sandy,130,25,292,DAP,18-46-0,Phosphorus is severely deficient. DAP delivers high P (46%) essential for root development and energy transfer.,"Apply 80–100 kg/ha as basal dose, 5–10 cm below seed level before planting."
Banana,Sandy,135,61,77,MOP (Muriate of Potash),0-0-60,"Potassium is severely deficient. MOP (60% K) improves drought tolerance, disease resistance, and grain quality.",Apply 60–80 kg/ha: 50% basal at sowing + 50% at flowering. Avoid during dry spells.
Banana,Sandy,114,35,218,Ammonium Sulphate,21-0-0,Nitrogen is moderately low. Ammonium Sulphate provides N + sulphur — ideal for alkaline/sulphur-deficient soils.,Apply 100–150 kg/ha in two splits: at planting and 30–40 DAS.
Banana,Sandy,106,48,335,Ammonium Sulphate,21-0-0,Nitrogen is moderately low. Ammonium Sulphate provides N + sulphur — ideal for alkaline/sulphur-deficient soils.,Apply 100–150 kg/ha in two splits: at planting and 30–40 DAS.
Banana,Sandy,237,52,327,NPK 17-17-17,17-17-17,"All three nutrients (N, P, K) are below optimal. Balanced 17-17-17 corrects deficiencies uniformly.",Apply 150–200 kg/ha basal + 50–75 kg/ha top-dress at 30 & 60 DAS.
Banana,Sandy,155,53,155,NPK 13-0-45,13-0-45,High potassium demand with adequate phosphorus. NPK 13-0-45 provides premium K and supplementary N for quality crops.,Apply 100–120 kg/ha: 40% basal + 60% at flowering/fruiting via fertigation.
Banana,Sandy,123,26,207,NPK 20-20-0,20-20-0,Nitrogen and phosphorus are deficient; potassium is adequate. NPK 20-20-0 targets N & P without excess K.,Apply 120–150 kg/ha at sowing. Supplement with 30 kg/ha urea at tillering stage.
Banana,Sandy,99,60,158,NPK 13-0-45,13-0-45,High potassium demand with adequate phosphorus. NPK 13-0-45 provides premium K and supplementary N for quality crops.,Apply 100–120 kg/ha: 40% basal + 60% at flowering/fruiting via fertigation.
Banana,Sandy,60,37,77,NPK 13-0-45,13-0-45,High potassium demand with adequate phosphorus. NPK 13-0-45 provides premium K and supplementary N for quality crops.,Apply 100–120 kg/ha: 40% basal + 60% at flowering/fruiting via fertigation.
Banana,Sandy,63,21,206,NPK 20-20-0,20-20-0,Nitrogen and phosphorus are deficient; potassium is adequate. NPK 20-20-0 targets N & P without excess K.,Apply 120–150 kg/ha at sowing. Supplement with 30 kg/ha urea at tillering stage.
Banana,Sandy,130,51,292,Ammonium Sulphate,21-0-0,Nitrogen is moderately low. Ammonium Sulphate provides N + sulphur — ideal for alkaline/sulphur-deficient soils.,Apply 100–150 kg/ha in two splits: at planting and 30–40 DAS.
Banana,Sandy,129,27,159,NPK 17-17-17,17-17-17,"All three nutrients (N, P, K) are below optimal. Balanced 17-17-17 corrects deficiencies uniformly.",Apply 150–200 kg/ha basal + 50–75 kg/ha top-dress at 30 & 60 DAS.
Banana,Sandy,202,12,64,NPK 10-26-26,10-26-26,Phosphorus and potassium are deficient; nitrogen is adequate. NPK 10-26-26 corrects P & K without excess N.,Apply 120–150 kg/ha as basal dose before planting. Ideal for fruiting crops.
Banana,Sandy,207,35,101,MOP (Muriate of Potash),0-0-60,"Potassium is severely deficient. MOP (60% K) improves drought tolerance, disease resistance, and grain quality.",Apply 60–80 kg/ha: 50% basal at sowing + 50% at flowering. Avoid during dry spells.
Banana,Sandy,89,58,330,Urea,46-0-0,Nitrogen is severely deficient. Urea (46% N) rapidly restores soil nitrogen for vegetative growth.,Apply 100–120 kg/ha split: 50% at sowing + 50% at 30 DAS. Incorporate into moist soil.
Banana,Sandy,189,35,223,NPK 12-32-16,12-32-16,High phosphorus demand with moderate N and K deficiency. NPK 12-32-16 emphasises P with balanced N & K.,Apply 100–125 kg/ha as basal. Supplement with 30 kg/ha urea at 30 DAS.
Banana,Sandy,244,60,127,MOP (Muriate of Potash),0-0-60,"Potassium is severely deficient. MOP (60% K) improves drought tolerance, disease resistance, and grain quality.",Apply 60–80 kg/ha: 50% basal at sowing + 50% at flowering. Avoid during dry spells.
Banana,Loamy,210,20,127,NPK 10-26-26,10-26-26,Phosphorus and potassium are deficient; nitrogen is adequate. NPK 10-26-26 corrects P & K without excess N.,Apply 120–150 kg/ha as basal dose before planting. Ideal for fruiting crops.
Banana,Loamy,181,31,353,DAP,18-46-0,Phosphorus is severely deficient. DAP delivers high P (46%) essential for root development and energy transfer.,"Apply 80–100 kg/ha as basal dose, 5–10 cm below seed level before planting."
Banana,Loamy,58,36,349,Urea,46-0-0,Nitrogen is severely deficient. Urea (46% N) rapidly restores soil nitrogen for vegetative growth.,Apply 100–120 kg/ha split: 50% at sowing + 50% at 30 DAS. Incorporate into moist soil.
Banana,Loamy,229,18,175,NPK 10-26-26,10-26-26,Phosphorus and potassium are deficient; nitrogen is adequate. NPK 10-26-26 corrects P & K without excess N.,Apply 120–150 kg/ha as basal dose before planting. Ideal for fruiting crops.
Banana,Loamy,170,18,364,SSP (Single Super Phosphate),0-16-0,Severe phosphorus deficiency. SSP provides P with calcium and sulphur — ideal for legumes and oilseeds.,Apply 200–250 kg/ha as basal dose incorporated into soil before sowing.
Banana,Loamy,232,18,98,NPK 10-26-26,10-26-26,Phosphorus and potassium are deficient; nitrogen is adequate. NPK 10-26-26 corrects P & K without excess N.,Apply 120–150 kg/ha as basal dose before planting. Ideal for fruiting crops.
Banana,Loamy,57,57,120,NPK 13-0-45,13-0-45,High potassium demand with adequate phosphorus. NPK 13-0-45 provides premium K and supplementary N for quality crops.,Apply 100–120 kg/ha: 40% basal + 60% at flowering/fruiting via fertigation.
Banana,Loamy,127,33,248,Ammonium Sulphate,21-0-0,Nitrogen is moderately low. Ammonium Sulphate provides N + sulphur — ideal for alkaline/sulphur-deficient soils.,Apply 100–150 kg/ha in two splits: at planting and 30–40 DAS.
Banana,Loamy,55,21,353,NPK 20-20-0,20-20-0,Nitrogen and phosphorus are deficient; potassium is adequate. NPK 20-20-0 targets N & P without excess K.,Apply 120–150 kg/ha at sowing. Supplement with 30 kg/ha urea at tillering stage.
Banana,Loamy,230,51,66,MOP (Muriate of Potash),0-0-60,"Potassium is severely deficient. MOP (60% K) improves drought tolerance, disease resistance, and grain quality.",Apply 60–80 kg/ha: 50% basal at sowing + 50% at flowering. Avoid during dry spells.
Banana,Loamy,108,42,146,NPK 13-0-45,13-0-45,High potassium demand with adequate phosphorus. NPK 13-0-45 provides premium K and supplementary N for quality crops.,Apply 100–120 kg/ha: 40% basal + 60% at flowering/fruiting via fertigation.
Banana,Loamy,231,43,82,MOP (Muriate of Potash),0-0-60,"Potassium is severely deficient. MOP (60% K) improves drought tolerance, disease resistance, and grain quality.",Apply 60–80 kg/ha: 50% basal at sowing + 50% at flowering. Avoid during dry spells.
Banana,Loamy,230,60,84,MOP (Muriate of Potash),0-0-60,"Potassium is severely deficient. MOP (60% K) improves drought tolerance, disease resistance, and grain quality.",Apply 60–80 kg/ha: 50% basal at sowing + 50% at flowering. Avoid during dry spells.
Banana,Loamy,151,25,183,NPK 10-26-26,10-26-26,Phosphorus and potassium are deficient; nitrogen is adequate. NPK 10-26-26 corrects P & K without excess N.,Apply 120–150 kg/ha as basal dose before planting. Ideal for fruiting crops.
Banana,Loamy,77,40,361,Urea,46-0-0,Nitrogen is severely deficient. Urea (46% N) rapidly restores soil nitrogen for vegetative growth.,Apply 100–120 kg/ha split: 50% at sowing + 50% at 30 DAS. Incorporate into moist soil.
Banana,Loamy,145,14,255,SSP (Single Super Phosphate),0-16-0,Severe phosphorus deficiency. SSP provides P with calcium and sulphur — ideal for legumes and oilseeds.,Apply 200–250 kg/ha as basal dose incorporated into soil before sowing.
Banana,Loamy,111,54,196,Ammonium Sulphate,21-0-0,Nitrogen is moderately low. Ammonium Sulphate provides N + sulphur — ideal for alkaline/sulphur-deficient soils.,Apply 100–150 kg/ha in two splits: at planting and 30–40 DAS.
Banana,Loamy,80,20,302,NPK 20-20-0,20-20-0,Nitrogen and phosphorus are deficient; potassium is adequate. NPK 20-20-0 targets N & P without excess K.,Apply 120–150 kg/ha at sowing. Supplement with 30 kg/ha urea at tillering stage.
Banana,Loamy,95,50,124,NPK 13-0-45,13-0-45,High potassium demand with adequate phosphorus. NPK 13-0-45 provides premium K and supplementary N for quality crops.,Apply 100–120 kg/ha: 40% basal + 60% at flowering/fruiting via fertigation.
Banana,Loamy,107,34,357,Ammonium Sulphate,21-0-0,Nitrogen is moderately low. Ammonium Sulphate provides N + sulphur — ideal for alkaline/sulphur-deficient soils.,Apply 100–150 kg/ha in two splits: at planting and 30–40 DAS.
Banana,Loamy,235,20,172,NPK 10-26-26,10-26-26,Phosphorus and potassium are deficient; nitrogen is adequate. NPK 10-26-26 corrects P & K without excess N.,Apply 120–150 kg/ha as basal dose before planting. Ideal for fruiting crops.
Banana,Loamy,71,36,205,Urea,46-0-0,Nitrogen is severely deficient. Urea (46% N) rapidly restores soil nitrogen for vegetative growth.,Apply 100–120 kg/ha split: 50% at sowing + 50% at 30 DAS. Incorporate into moist soil.
Banana,Loamy,229,58,180,NPK 13-0-45,13-0-45,High potassium demand with adequate phosphorus. NPK 13-0-45 provides premium K and supplementary N for quality crops.,Apply 100–120 kg/ha: 40% basal + 60% at flowering/fruiting via fertigation.
Banana,Loamy,143,57,314,Ammonium Sulphate,21-0-0,Nitrogen is moderately low. Ammonium Sulphate provides N + sulphur — ideal for alkaline/sulphur-deficient soils.,Apply 100–150 kg/ha in two splits: at planting and 30–40 DAS.
Banana,Loamy,40,26,192,NPK 17-17-17,17-17-17,"All three nutrients (N, P, K) are below optimal. Balanced 17-17-17 corrects deficiencies uniformly.",Apply 150–200 kg/ha basal + 50–75 kg/ha top-dress at 30 & 60 DAS.
Banana,Clay,88,20,71,NPK 17-17-17,17-17-17,"All three nutrients (N, P, K) are below optimal. Balanced 17-17-17 corrects deficiencies uniformly.",Apply 150–200 kg/ha basal + 50–75 kg/ha top-dress at 30 & 60 DAS.
Banana,Clay,175,23,76,NPK 10-26-26,10-26-26,Phosphorus and potassium are deficient; nitrogen is adequate. NPK 10-26-26 corrects P & K without excess N.,Apply 120–150 kg/ha as basal dose before planting. Ideal for fruiting crops.
Banana,Clay,88,52,328,Urea,46-0-0,Nitrogen is severely deficient. Urea (46% N) rapidly restores soil nitrogen for vegetative growth.,Apply 100–120 kg/ha split: 50% at sowing + 50% at 30 DAS. Incorporate into moist soil.
Banana,Clay,141,31,368,DAP,18-46-0,Phosphorus is severely deficient. DAP delivers high P (46%) essential for root development and energy transfer.,"Apply 80–100 kg/ha as basal dose, 5–10 cm below seed level before planting."
Banana,Clay,82,21,151,NPK 17-17-17,17-17-17,"All three nutrients (N, P, K) are below optimal. Balanced 17-17-17 corrects deficiencies uniformly.",Apply 150–200 kg/ha basal + 50–75 kg/ha top-dress at 30 & 60 DAS.
Banana,Clay,76,29,346,NPK 20-20-0,20-20-0,Nitrogen and phosphorus are deficient; potassium is adequate. NPK 20-20-0 targets N & P without excess K.,Apply 120–150 kg/ha at sowing. Supplement with 30 kg/ha urea at tillering stage.
Banana,Clay,169,31,354,DAP,18-46-0,Phosphorus is severely deficient. DAP delivers high P (46%) essential for root development and energy transfer.,"Apply 80–100 kg/ha as basal dose, 5–10 cm below seed level before planting."
Banana,Clay,50,21,238,NPK 20-20-0,20-20-0,Nitrogen and phosphorus are deficient; potassium is adequate. NPK 20-20-0 targets N & P without excess K.,Apply 120–150 kg/ha at sowing. Supplement with 30 kg/ha urea at tillering stage.
Banana,Clay,169,12,186,NPK 10-26-26,10-26-26,Phosphorus and potassium are deficient; nitrogen is adequate. NPK 10-26-26 corrects P & K without excess N.,Apply 120–150 kg/ha as basal dose before planting. Ideal for fruiting crops.
Banana,Clay,176,46,261,NPK 17-17-17,17-17-17,"All three nutrients (N, P, K) are below optimal. Balanced 17-17-17 corrects deficiencies uniformly.",Apply 150–200 kg/ha basal + 50–75 kg/ha top-dress at 30 & 60 DAS.
Banana,Clay,107,14,194,NPK 17-17-17,17-17-17,"All three nutrients (N, P, K) are below optimal. Balanced 17-17-17 corrects deficiencies uniformly.",Apply 150–200 kg/ha basal + 50–75 kg/ha top-dress at 30 & 60 DAS.
Banana,Clay,67,59,209,Urea,46-0-0,Nitrogen is severely deficient. Urea (46% N) rapidly restores soil nitrogen for vegetative growth.,Apply 100–120 kg/ha split: 50% at sowing + 50% at 30 DAS. Incorporate into moist soil.
Banana,Clay,106,50,216,Ammonium Sulphate,21-0-0,Nitrogen is moderately low. Ammonium Sulphate provides N + sulphur — ideal for alkaline/sulphur-deficient soils.,Apply 100–150 kg/ha in two splits: at planting and 30–40 DAS.
Banana,Clay,105,52,333,Ammonium Sulphate,21-0-0,Nitrogen is moderately low. Ammonium Sulphate provides N + sulphur — ideal for alkaline/sulphur-deficient soils.,Apply 100–150 kg/ha in two splits: at planting and 30–40 DAS.
Banana,Clay,181,12,238,SSP (Single Super Phosphate),0-16-0,Severe phosphorus deficiency. SSP provides P with calcium and sulphur — ideal for legumes and oilseeds.,Apply 200–250 kg/ha as basal dose incorporated into soil before sowing.
Banana,Clay,200,17,132,NPK 10-26-26,10-26-26,Phosphorus and potassium are deficient; nitrogen is adequate. NPK 10-26-26 corrects P & K without excess N.,Apply 120–150 kg/ha as basal dose before planting. Ideal for fruiting crops.
Banana,Clay,225,11,297,SSP (Single Super Phosphate),0-16-0,Severe phosphorus deficiency. SSP provides P with calcium and sulphur — ideal for legumes and oilseeds.,Apply 200–250 kg/ha as basal dose incorporated into soil before sowing.
Banana,Clay,139,33,62,MOP (Muriate of Potash),0-0-60,"Potassium is severely deficient. MOP (60% K) improves drought tolerance, disease resistance, and grain quality.",Apply 60–80 kg/ha: 50% basal at sowing + 50% at flowering. Avoid during dry spells.
Banana,Clay,212,28,230,DAP,18-46-0,Phosphorus is severely deficient. DAP delivers high P (46%) essential for root development and energy transfer.,"Apply 80–100 kg/ha as basal dose, 5–10 cm below seed level before planting."
Banana,Clay,182,46,361,NPK 17-17-17,17-17-17,"All three nutrients (N, P, K) are below optimal. Balanced 17-17-17 corrects deficiencies uniformly.",Apply 150–200 kg/ha basal + 50–75 kg/ha top-dress at 30 & 60 DAS.
Banana,Clay,151,30,360,DAP,18-46-0,Phosphorus is severely deficient. DAP delivers high P (46%) essential for root development and energy transfer.,"Apply 80–100 kg/ha as basal dose, 5–10 cm below seed level before planting."
Banana,Clay,174,25,99,NPK 10-26-26,10-26-26,Phosphorus and potassium are deficient; nitrogen is adequate. NPK 10-26-26 corrects P & K without excess N.,Apply 120–150 kg/ha as basal dose before planting. Ideal for fruiting crops.
Banana,Clay,216,29,268,DAP,18-46-0,Phosphorus is severely deficient. DAP delivers high P (46%) essential for root development and energy transfer.,"Apply 80–100 kg/ha as basal dose, 5–10 cm below seed level before planting."
Banana,Clay,138,20,249,SSP (Single Super Phosphate),0-16-0,Severe phosphorus deficiency. SSP provides P with calcium and sulphur — ideal for legumes and oilseeds.,Apply 200–250 kg/ha as basal dose incorporated into soil before sowing.
Banana,Clay,52,31,232,NPK 20-20-0,20-20-0,Nitrogen and phosphorus are deficient; potassium is adequate. NPK 20-20-0 targets N & P without excess K.,Apply 120–150 kg/ha at sowing. Supplement with 30 kg/ha urea at tillering stage.
Banana,Silt,131,49,320,Ammonium Sulphate,21-0-0,Nitrogen is moderately low. Ammonium Sulphate provides N + sulphur — ideal for alkaline/sulphur-deficient soils.,Apply 100–150 kg/ha in two splits: at planting and 30–40 DAS.
Banana,Silt,201,12,121,NPK 10-26-26,10-26-26,Phosphorus and potassium are deficient; nitrogen is adequate. NPK 10-26-26 corrects P & K without excess N.,Apply 120–150 kg/ha as basal dose before planting. Ideal for fruiting crops.
Banana,Silt,152,59,323,Ammonium Sulphate,21-0-0,Nitrogen is moderately low. Ammonium Sulphate provides N + sulphur — ideal for alkaline/sulphur-deficient soils.,Apply 100–150 kg/ha in two splits: at planting and 30–40 DAS.
Banana,Silt,216,25,195,DAP,18-46-0,Phosphorus is severely deficient. DAP delivers high P (46%) essential for root development and energy transfer.,"Apply 80–100 kg/ha as basal dose, 5–10 cm below seed level before planting."
Banana,Silt,138,18,69,NPK 10-26-26,10-26-26,Phosphorus and potassium are deficient; nitrogen is adequate. NPK 10-26-26 corrects P & K without excess N.,Apply 120–150 kg/ha as basal dose before planting. Ideal for fruiting crops.
Banana,Silt,238,22,135,NPK 10-26-26,10-26-26,Phosphorus and potassium are deficient; nitrogen is adequate. NPK 10-26-26 corrects P & K without excess N.,Apply 120–150 kg/ha as basal dose before planting. Ideal for fruiting crops.
Banana,Silt,57,58,242,Urea,46-0-0,Nitrogen is severely deficient. Urea (46% N) rapidly restores soil nitrogen for vegetative growth.,Apply 100–120 kg/ha split: 50% at sowing + 50% at 30 DAS. Incorporate into moist soil.
Banana,Silt,180,57,168,NPK 13-0-45,13-0-45,High potassium demand with adequate phosphorus. NPK 13-0-45 provides premium K and supplementary N for quality crops.,Apply 100–120 kg/ha: 40% basal + 60% at flowering/fruiting via fertigation.
Banana,Silt,170,12,118,NPK 10-26-26,10-26-26,Phosphorus and potassium are deficient; nitrogen is adequate. NPK 10-26-26 corrects P & K without excess N.,Apply 120–150 kg/ha as basal dose before planting. Ideal for fruiting crops.
Banana,Silt,214,50,170,NPK 13-0-45,13-0-45,High potassium demand with adequate phosphorus. NPK 13-0-45 provides premium K and supplementary N for quality crops.,Apply 100–120 kg/ha: 40% basal + 60% at flowering/fruiting via fertigation.
Banana,Silt,119,38,60,NPK 13-0-45,13-0-45,High potassium demand with adequate phosphorus. NPK 13-0-45 provides premium K and supplementary N for quality crops.,Apply 100–120 kg/ha: 40% basal + 60% at flowering/fruiting via fertigation.
Banana,Silt,90,20,138,NPK 17-17-17,17-17-17,"All three nutrients (N, P, K) are below optimal. Balanced 17-17-17 corrects deficiencies uniformly.",Apply 150–200 kg/ha basal + 50–75 kg/ha top-dress at 30 & 60 DAS.
Banana,Silt,209,24,120,NPK 10-26-26,10-26-26,Phosphorus and potassium are deficient; nitrogen is adequate. NPK 10-26-26 corrects P & K without excess N.,Apply 120–150 kg/ha as basal dose before planting. Ideal for fruiting crops.
Banana,Silt,145,55,136,NPK 13-0-45,13-0-45,High potassium demand with adequate phosphorus. NPK 13-0-45 provides premium K and supplementary N for quality crops.,Apply 100–120 kg/ha: 40% basal + 60% at flowering/fruiting via fertigation.
Banana,Silt,56,28,295,NPK 20-20-0,20-20-0,Nitrogen and phosphorus are deficient; potassium is adequate. NPK 20-20-0 targets N & P without excess K.,Apply 120–150 kg/ha at sowing. Supplement with 30 kg/ha urea at tillering stage.
Banana,Silt,155,52,362,Ammonium Sulphate,21-0-0,Nitrogen is moderately low. Ammonium Sulphate provides N + sulphur — ideal for alkaline/sulphur-deficient soils.,Apply 100–150 kg/ha in two splits: at planting and 30–40 DAS.
Banana,Silt,206,41,215,NPK 17-17-17,17-17-17,"All three nutrients (N, P, K) are below optimal. Balanced 17-17-17 corrects deficiencies uniformly.",Apply 150–200 kg/ha basal + 50–75 kg/ha top-dress at 30 & 60 DAS.
Banana,Silt,48,61,180,NPK 13-0-45,13-0-45,High potassium demand with adequate phosphorus. NPK 13-0-45 provides premium K and supplementary N for quality crops.,Apply 100–120 kg/ha: 40% basal + 60% at flowering/fruiting via fertigation.
Banana,Silt,71,45,149,NPK 13-0-45,13-0-45,High potassium demand with adequate phosphorus. NPK 13-0-45 provides premium K and supplementary N for quality crops.,Apply 100–120 kg/ha: 40% basal + 60% at flowering/fruiting via fertigation.
Banana,Silt,163,40,200,NPK 17-17-17,17-17-17,"All three nutrients (N, P, K) are below optimal. Balanced 17-17-17 corrects deficiencies uniformly.",Apply 150–200 kg/ha basal + 50–75 kg/ha top-dress at 30 & 60 DAS.
Banana,Silt,215,23,201,DAP,18-46-0,Phosphorus is severely deficient. DAP delivers high P (46%) essential for root development and energy transfer.,"Apply 80–100 kg/ha as basal dose, 5–10 cm below seed level before planting."
Banana,Silt,152,44,306,Ammonium Sulphate,21-0-0,Nitrogen is moderately low. Ammonium Sulphate provides N + sulphur — ideal for alkaline/sulphur-deficient soils.,Apply 100–150 kg/ha in two splits: at planting and 30–40 DAS.
Banana,Silt,122,43,107,NPK 13-0-45,13-0-45,High potassium demand with adequate phosphorus. NPK 13-0-45 provides premium K and supplementary N for quality crops.,Apply 100–120 kg/ha: 40% basal + 60% at flowering/fruiting via fertigation.
Banana,Silt,235,30,289,DAP,18-46-0,Phosphorus is severely deficient. DAP delivers high P (46%) essential for root development and energy transfer.,"Apply 80–100 kg/ha as basal dose, 5–10 cm below seed level before planting."
Banana,Silt,44,20,213,NPK 20-20-0,20-20-0,Nitrogen and phosphorus are deficient; potassium is adequate. NPK 20-20-0 targets N & P without excess K.,Apply 120–150 kg/ha at sowing. Supplement with 30 kg/ha urea at tillering stage.
Banana,Black,224,37,352,NPK 17-17-17,17-17-17,"All three nutrients (N, P, K) are below optimal. Balanced 17-17-17 corrects deficiencies uniformly.",Apply 150–200 kg/ha basal + 50–75 kg/ha top-dress at 30 & 60 DAS.
Banana,Black,141,35,97,MOP (Muriate of Potash),0-0-60,"Potassium is severely deficient. MOP (60% K) improves drought tolerance, disease resistance, and grain quality.",Apply 60–80 kg/ha: 50% basal at sowing + 50% at flowering. Avoid during dry spells.
Banana,Black,208,22,343,SSP (Single Super Phosphate),0-16-0,Severe phosphorus deficiency. SSP provides P with calcium and sulphur — ideal for legumes and oilseeds.,Apply 200–250 kg/ha as basal dose incorporated into soil before sowing.
Banana,Black,231,59,223,NPK 17-17-17,17-17-17,"All three nutrients (N, P, K) are below optimal. Balanced 17-17-17 corrects deficiencies uniformly.",Apply 150–200 kg/ha basal + 50–75 kg/ha top-dress at 30 & 60 DAS.
Banana,Black,182,50,101,MOP (Muriate of Potash),0-0-60,"Potassium is severely deficient. MOP (60% K) improves drought tolerance, disease resistance, and grain quality.",Apply 60–80 kg/ha: 50% basal at sowing + 50% at flowering. Avoid during dry spells.
Banana,Black,166,11,216,SSP (Single Super Phosphate),0-16-0,Severe phosphorus deficiency. SSP provides P with calcium and sulphur — ideal for legumes and oilseeds.,Apply 200–250 kg/ha as basal dose incorporated into soil before sowing.
Banana,Black,72,19,174,NPK 17-17-17,17-17-17,"All three nutrients (N, P, K) are below optimal. Balanced 17-17-17 corrects deficiencies uniformly.",Apply 150–200 kg/ha basal + 50–75 kg/ha top-dress at 30 & 60 DAS.
Banana,Black,130,42,83,MOP (Muriate of Potash),0-0-60,"Potassium is severely deficient. MOP (60% K) improves drought tolerance, disease resistance, and grain quality.",Apply 60–80 kg/ha: 50% basal at sowing + 50% at flowering. Avoid during dry spells.
Banana,Black,145,19,240,SSP (Single Super Phosphate),0-16-0,Severe phosphorus deficiency. SSP provides P with calcium and sulphur — ideal for legumes and oilseeds.,Apply 200–250 kg/ha as basal dose incorporated into soil before sowing.
Banana,Black,173,39,292,NPK 17-17-17,17-17-17,"All three nutrients (N, P, K) are below optimal. Balanced 17-17-17 corrects deficiencies uniformly.",Apply 150–200 kg/ha basal + 50–75 kg/ha top-dress at 30 & 60 DAS.
Banana,Black,110,50,196,Ammonium Sulphate,21-0-0,Nitrogen is moderately low. Ammonium Sulphate provides N + sulphur — ideal for alkaline/sulphur-deficient soils.,Apply 100–150 kg/ha in two splits: at planting and 30–40 DAS.
Banana,Black,141,44,65,MOP (Muriate of Potash),0-0-60,"Potassium is severely deficient. MOP (60% K) improves drought tolerance, disease resistance, and grain quality.",Apply 60–80 kg/ha: 50% basal at sowing + 50% at flowering. Avoid during dry spells.
Banana,Black,177,42,157,NPK 13-0-45,13-0-45,High potassium demand with adequate phosphorus. NPK 13-0-45 provides premium K and supplementary N for quality crops.,Apply 100–120 kg/ha: 40% basal + 60% at flowering/fruiting via fertigation.
Banana,Black,58,14,350,NPK 20-20-0,20-20-0,Nitrogen and phosphorus are deficient; potassium is adequate. NPK 20-20-0 targets N & P without excess K.,Apply 120–150 kg/ha at sowing. Supplement with 30 kg/ha urea at tillering stage.
Banana,Black,184,16,172,NPK 10-26-26,10-26-26,Phosphorus and potassium are deficient; nitrogen is adequate. NPK 10-26-26 corrects P & K without excess N.,Apply 120–150 kg/ha as basal dose before planting. Ideal for fruiting crops.
Banana,Black,164,53,73,MOP (Muriate of Potash),0-0-60,"Potassium is severely deficient. MOP (60% K) improves drought tolerance, disease resistance, and grain quality.",Apply 60–80 kg/ha: 50% basal at sowing + 50% at flowering. Avoid during dry spells.
Banana,Black,89,56,62,NPK 13-0-45,13-0-45,High potassium demand with adequate phosphorus. NPK 13-0-45 provides premium K and supplementary N for quality crops.,Apply 100–120 kg/ha: 40% basal + 60% at flowering/fruiting via fertigation.
Banana,Black,82,60,253,Urea,46-0-0,Nitrogen is severely deficient. Urea (46% N) rapidly restores soil nitrogen for vegetative growth.,Apply 100–120 kg/ha split: 50% at sowing + 50% at 30 DAS. Incorporate into moist soil.
Banana,Black,94,13,68,NPK 17-17-17,17-17-17,"All three nutrients (N, P, K) are below optimal. Balanced 17-17-17 corrects deficiencies uniformly.",Apply 150–200 kg/ha basal + 50–75 kg/ha top-dress at 30 & 60 DAS.
Banana,Black,91,56,191,NPK 13-0-45,13-0-45,High potassium demand with adequate phosphorus. NPK 13-0-45 provides premium K and supplementary N for quality crops.,Apply 100–120 kg/ha: 40% basal + 60% at flowering/fruiting via fertigation.
Banana,Black,191,58,188,NPK 13-0-45,13-0-45,High potassium demand with adequate phosphorus. NPK 13-0-45 provides premium K and supplementary N for quality crops.,Apply 100–120 kg/ha: 40% basal + 60% at flowering/fruiting via fertigation.
Banana,Black,80,37,346,Urea,46-0-0,Nitrogen is severely deficient. Urea (46% N) rapidly restores soil nitrogen for vegetative growth.,Apply 100–120 kg/ha split: 50% at sowing + 50% at 30 DAS. Incorporate into moist soil.
Banana,Black,208,13,278,SSP (Single Super Phosphate),0-16-0,Severe phosphorus deficiency. SSP provides P with calcium and sulphur — ideal for legumes and oilseeds.,Apply 200–250 kg/ha as basal dose incorporated into soil before sowing.
Banana,Black,160,57,98,MOP (Muriate of Potash),0-0-60,"Potassium is severely deficient. MOP (60% K) improves drought tolerance, disease resistance, and grain quality.",Apply 60–80 kg/ha: 50% basal at sowing + 50% at flowering. Avoid during dry spells.
Banana,Black,152,56,189,NPK 13-0-45,13-0-45,High potassium demand with adequate phosphorus. NPK 13-0-45 provides premium K and supplementary N for quality crops.,Apply 100–120 kg/ha: 40% basal + 60% at flowering/fruiting via fertigation.
Banana,Red,141,13,147,NPK 10-26-26,10-26-26,Phosphorus and potassium are deficient; nitrogen is adequate. NPK 10-26-26 corrects P & K without excess N.,Apply 120–150 kg/ha as basal dose before planting. Ideal for fruiting crops.
Banana,Red,108,59,149,NPK 13-0-45,13-0-45,High potassium demand with adequate phosphorus. NPK 13-0-45 provides premium K and supplementary N for quality crops.,Apply 100–120 kg/ha: 40% basal + 60% at flowering/fruiting via fertigation.
Banana,Red,136,45,111,MOP (Muriate of Potash),0-0-60,"Potassium is severely deficient. MOP (60% K) improves drought tolerance, disease resistance, and grain quality.",Apply 60–80 kg/ha: 50% basal at sowing + 50% at flowering. Avoid during dry spells.
Banana,Red,142,48,333,Ammonium Sulphate,21-0-0,Nitrogen is moderately low. Ammonium Sulphate provides N + sulphur — ideal for alkaline/sulphur-deficient soils.,Apply 100–150 kg/ha in two splits: at planting and 30–40 DAS.
Banana,Red,171,45,99,MOP (Muriate of Potash),0-0-60,"Potassium is severely deficient. MOP (60% K) improves drought tolerance, disease resistance, and grain quality.",Apply 60–80 kg/ha: 50% basal at sowing + 50% at flowering. Avoid during dry spells.
Banana,Red,238,16,304,SSP (Single Super Phosphate),0-16-0,Severe phosphorus deficiency. SSP provides P with calcium and sulphur — ideal for legumes and oilseeds.,Apply 200–250 kg/ha as basal dose incorporated into soil before sowing.
Banana,Red,95,59,286,Urea,46-0-0,Nitrogen is severely deficient. Urea (46% N) rapidly restores soil nitrogen for vegetative growth.,Apply 100–120 kg/ha split: 50% at sowing + 50% at 30 DAS. Incorporate into moist soil.
Banana,Red,198,21,199,SSP (Single Super Phosphate),0-16-0,Severe phosphorus deficiency. SSP provides P with calcium and sulphur — ideal for legumes and oilseeds.,Apply 200–250 kg/ha as basal dose incorporated into soil before sowing.
Banana,Red,169,50,92,MOP (Muriate of Potash),0-0-60,"Potassium is severely deficient. MOP (60% K) improves drought tolerance, disease resistance, and grain quality.",Apply 60–80 kg/ha: 50% basal at sowing + 50% at flowering. Avoid during dry spells.
Banana,Red,242,56,145,NPK 13-0-45,13-0-45,High potassium demand with adequate phosphorus. NPK 13-0-45 provides premium K and supplementary N for quality crops.,Apply 100–120 kg/ha: 40% basal + 60% at flowering/fruiting via fertigation.
Banana,Red,212,37,205,NPK 12-32-16,12-32-16,High phosphorus demand with moderate N and K deficiency. NPK 12-32-16 emphasises P with balanced N & K.,Apply 100–125 kg/ha as basal. Supplement with 30 kg/ha urea at 30 DAS.
Banana,Red,106,40,289,Ammonium Sulphate,21-0-0,Nitrogen is moderately low. Ammonium Sulphate provides N + sulphur — ideal for alkaline/sulphur-deficient soils.,Apply 100–150 kg/ha in two splits: at planting and 30–40 DAS.
Banana,Red,126,43,280,Ammonium Sulphate,21-0-0,Nitrogen is moderately low. Ammonium Sulphate provides N + sulphur — ideal for alkaline/sulphur-deficient soils.,Apply 100–150 kg/ha in two splits: at planting and 30–40 DAS.
Banana,Red,189,12,330,SSP (Single Super Phosphate),0-16-0,Severe phosphorus deficiency. SSP provides P with calcium and sulphur — ideal for legumes and oilseeds.,Apply 200–250 kg/ha as basal dose incorporated into soil before sowing.
Banana,Red,136,23,136,NPK 10-26-26,10-26-26,Phosphorus and potassium are deficient; nitrogen is adequate. NPK 10-26-26 corrects P & K without excess N.,Apply 120–150 kg/ha as basal dose before planting. Ideal for fruiting crops.
Banana,Red,141,56,179,NPK 13-0-45,13-0-45,High potassium demand with adequate phosphorus. NPK 13-0-45 provides premium K and supplementary N for quality crops.,Apply 100–120 kg/ha: 40% basal + 60% at flowering/fruiting via fertigation.
Banana,Red,197,15,209,SSP (Single Super Phosphate),0-16-0,Severe phosphorus deficiency. SSP provides P with calcium and sulphur — ideal for legumes and oilseeds.,Apply 200–250 kg/ha as basal dose incorporated into soil before sowing.
Banana,Red,248,50,126,MOP (Muriate of Potash),0-0-60,"Potassium is severely deficient. MOP (60% K) improves drought tolerance, disease resistance, and grain quality.",Apply 60–80 kg/ha: 50% basal at sowing + 50% at flowering. Avoid during dry spells.
Banana,Red,145,22,189,NPK 10-26-26,10-26-26,Phosphorus and potassium are deficient; nitrogen is adequate. NPK 10-26-26 corrects P & K without excess N.,Apply 120–150 kg/ha as basal dose before planting. Ideal for fruiting crops.
Banana,Red,203,50,131,MOP (Muriate of Potash),0-0-60,"Potassium is severely deficient. MOP (60% K) improves drought tolerance, disease resistance, and grain quality.",Apply 60–80 kg/ha: 50% basal at sowing + 50% at flowering. Avoid during dry spells.
Banana,Red,233,41,179,NPK 13-0-45,13-0-45,High potassium demand with adequate phosphorus. NPK 13-0-45 provides premium K and supplementary N for quality crops.,Apply 100–120 kg/ha: 40% basal + 60% at flowering/fruiting via fertigation.
Banana,Red,145,41,236,NPK 13-0-45,13-0-45,High potassium demand with adequate phosphorus. NPK 13-0-45 provides premium K and supplementary N for quality crops.,Apply 100–120 kg/ha: 40% basal + 60% at flowering/fruiting via fertigation.
Banana,Red,142,36,115,MOP (Muriate of Potash),0-0-60,"Potassium is severely deficient. MOP (60% K) improves drought tolerance, disease resistance, and grain quality.",Apply 60–80 kg/ha: 50% basal at sowing + 50% at flowering. Avoid during dry spells.
Banana,Red,210,38,101,MOP (Muriate of Potash),0-0-60,"Potassium is severely deficient. MOP (60% K) improves drought tolerance, disease resistance, and grain quality.",Apply 60–80 kg/ha: 50% basal at sowing + 50% at flowering. Avoid during dry spells.
Banana,Red,200,58,358,NPK 17-17-17,17-17-17,"All three nutrients (N, P, K) are below optimal. Balanced 17-17-17 corrects deficiencies uniformly.",Apply 150–200 kg/ha basal + 50–75 kg/ha top-dress at 30 & 60 DAS.
Coffee,Sandy,58,10,74,NPK 20-20-0,20-20-0,Nitrogen and phosphorus are deficient; potassium is adequate. NPK 20-20-0 targets N & P without excess K.,Apply 120–150 kg/ha at sowing. Supplement with 30 kg/ha urea at tillering stage.
Coffee,Sandy,31,35,39,NPK 13-0-45,13-0-45,High potassium demand with adequate phosphorus. NPK 13-0-45 provides premium K and supplementary N for quality crops.,Apply 100–120 kg/ha: 40% basal + 60% at flowering/fruiting via fertigation.
Coffee,Sandy,46,18,60,NPK 17-17-17,17-17-17,"All three nutrients (N, P, K) are below optimal. Balanced 17-17-17 corrects deficiencies uniformly.",Apply 150–200 kg/ha basal + 50–75 kg/ha top-dress at 30 & 60 DAS.
Coffee,Sandy,103,20,37,MOP (Muriate of Potash),0-0-60,"Potassium is severely deficient. MOP (60% K) improves drought tolerance, disease resistance, and grain quality.",Apply 60–80 kg/ha: 50% basal at sowing + 50% at flowering. Avoid during dry spells.
Coffee,Sandy,48,22,35,NPK 13-0-45,13-0-45,High potassium demand with adequate phosphorus. NPK 13-0-45 provides premium K and supplementary N for quality crops.,Apply 100–120 kg/ha: 40% basal + 60% at flowering/fruiting via fertigation.
Coffee,Sandy,84,23,95,NPK 17-17-17,17-17-17,"All three nutrients (N, P, K) are below optimal. Balanced 17-17-17 corrects deficiencies uniformly.",Apply 150–200 kg/ha basal + 50–75 kg/ha top-dress at 30 & 60 DAS.
Coffee,Sandy,118,34,119,NPK 17-17-17,17-17-17,"All three nutrients (N, P, K) are below optimal. Balanced 17-17-17 corrects deficiencies uniformly.",Apply 150–200 kg/ha basal + 50–75 kg/ha top-dress at 30 & 60 DAS.
Coffee,Sandy,45,10,51,NPK 17-17-17,17-17-17,"All three nutrients (N, P, K) are below optimal. Balanced 17-17-17 corrects deficiencies uniformly.",Apply 150–200 kg/ha basal + 50–75 kg/ha top-dress at 30 & 60 DAS.
Coffee,Sandy,113,36,110,NPK 17-17-17,17-17-17,"All three nutrients (N, P, K) are below optimal. Balanced 17-17-17 corrects deficiencies uniformly.",Apply 150–200 kg/ha basal + 50–75 kg/ha top-dress at 30 & 60 DAS.
Coffee,Sandy,31,35,64,NPK 13-0-45,13-0-45,High potassium demand with adequate phosphorus. NPK 13-0-45 provides premium K and supplementary N for quality crops.,Apply 100–120 kg/ha: 40% basal + 60% at flowering/fruiting via fertigation.
Coffee,Sandy,20,19,24,NPK 17-17-17,17-17-17,"All three nutrients (N, P, K) are below optimal. Balanced 17-17-17 corrects deficiencies uniformly.",Apply 150–200 kg/ha basal + 50–75 kg/ha top-dress at 30 & 60 DAS.
Coffee,Sandy,77,16,69,DAP,18-46-0,Phosphorus is severely deficient. DAP delivers high P (46%) essential for root development and energy transfer.,"Apply 80–100 kg/ha as basal dose, 5–10 cm below seed level before planting."
Coffee,Sandy,84,33,89,NPK 17-17-17,17-17-17,"All three nutrients (N, P, K) are below optimal. Balanced 17-17-17 corrects deficiencies uniformly.",Apply 150–200 kg/ha basal + 50–75 kg/ha top-dress at 30 & 60 DAS.
Coffee,Sandy,65,31,115,Ammonium Sulphate,21-0-0,Nitrogen is moderately low. Ammonium Sulphate provides N + sulphur — ideal for alkaline/sulphur-deficient soils.,Apply 100–150 kg/ha in two splits: at planting and 30–40 DAS.
Coffee,Sandy,32,22,49,NPK 13-0-45,13-0-45,High potassium demand with adequate phosphorus. NPK 13-0-45 provides premium K and supplementary N for quality crops.,Apply 100–120 kg/ha: 40% basal + 60% at flowering/fruiting via fertigation.
Coffee,Sandy,24,27,110,Urea,46-0-0,Nitrogen is severely deficient. Urea (46% N) rapidly restores soil nitrogen for vegetative growth.,Apply 100–120 kg/ha split: 50% at sowing + 50% at 30 DAS. Incorporate into moist soil.
Coffee,Sandy,37,31,109,Urea,46-0-0,Nitrogen is severely deficient. Urea (46% N) rapidly restores soil nitrogen for vegetative growth.,Apply 100–120 kg/ha split: 50% at sowing + 50% at 30 DAS. Incorporate into moist soil.
Coffee,Sandy,116,14,114,DAP,18-46-0,Phosphorus is severely deficient. DAP delivers high P (46%) essential for root development and energy transfer.,"Apply 80–100 kg/ha as basal dose, 5–10 cm below seed level before planting."
Coffee,Sandy,53,23,25,NPK 13-0-45,13-0-45,High potassium demand with adequate phosphorus. NPK 13-0-45 provides premium K and supplementary N for quality crops.,Apply 100–120 kg/ha: 40% basal + 60% at flowering/fruiting via fertigation.
Coffee,Sandy,24,28,66,Urea,46-0-0,Nitrogen is severely deficient. Urea (46% N) rapidly restores soil nitrogen for vegetative growth.,Apply 100–120 kg/ha split: 50% at sowing + 50% at 30 DAS. Incorporate into moist soil.
Coffee,Sandy,46,11,90,NPK 20-20-0,20-20-0,Nitrogen and phosphorus are deficient; potassium is adequate. NPK 20-20-0 targets N & P without excess K.,Apply 120–150 kg/ha at sowing. Supplement with 30 kg/ha urea at tillering stage.
Coffee,Sandy,20,31,28,NPK 13-0-45,13-0-45,High potassium demand with adequate phosphorus. NPK 13-0-45 provides premium K and supplementary N for quality crops.,Apply 100–120 kg/ha: 40% basal + 60% at flowering/fruiting via fertigation.
Coffee,Sandy,40,18,70,NPK 20-20-0,20-20-0,Nitrogen and phosphorus are deficient; potassium is adequate. NPK 20-20-0 targets N & P without excess K.,Apply 120–150 kg/ha at sowing. Supplement with 30 kg/ha urea at tillering stage.
Coffee,Sandy,57,16,121,NPK 20-20-0,20-20-0,Nitrogen and phosphorus are deficient; potassium is adequate. NPK 20-20-0 targets N & P without excess K.,Apply 120–150 kg/ha at sowing. Supplement with 30 kg/ha urea at tillering stage.
Coffee,Sandy,87,6,65,SSP (Single Super Phosphate),0-16-0,Severe phosphorus deficiency. SSP provides P with calcium and sulphur — ideal for legumes and oilseeds.,Apply 200–250 kg/ha as basal dose incorporated into soil before sowing.
Coffee,Loamy,111,15,29,NPK 10-26-26,10-26-26,Phosphorus and potassium are deficient; nitrogen is adequate. NPK 10-26-26 corrects P & K without excess N.,Apply 120–150 kg/ha as basal dose before planting. Ideal for fruiting crops.
Coffee,Loamy,99,25,79,NPK 17-17-17,17-17-17,"All three nutrients (N, P, K) are below optimal. Balanced 17-17-17 corrects deficiencies uniformly.",Apply 150–200 kg/ha basal + 50–75 kg/ha top-dress at 30 & 60 DAS.
Coffee,Loamy,25,10,85,NPK 20-20-0,20-20-0,Nitrogen and phosphorus are deficient; potassium is adequate. NPK 20-20-0 targets N & P without excess K.,Apply 120–150 kg/ha at sowing. Supplement with 30 kg/ha urea at tillering stage.
Coffee,Loamy,41,21,77,Urea,46-0-0,Nitrogen is severely deficient. Urea (46% N) rapidly restores soil nitrogen for vegetative growth.,Apply 100–120 kg/ha split: 50% at sowing + 50% at 30 DAS. Incorporate into moist soil.
Coffee,Loamy,49,35,108,Urea,46-0-0,Nitrogen is severely deficient. Urea (46% N) rapidly restores soil nitrogen for vegetative growth.,Apply 100–120 kg/ha split: 50% at sowing + 50% at 30 DAS. Incorporate into moist soil.
Coffee,Loamy,95,8,31,NPK 10-26-26,10-26-26,Phosphorus and potassium are deficient; nitrogen is adequate. NPK 10-26-26 corrects P & K without excess N.,Apply 120–150 kg/ha as basal dose before planting. Ideal for fruiting crops.
Coffee,Loamy,71,11,122,SSP (Single Super Phosphate),0-16-0,Severe phosphorus deficiency. SSP provides P with calcium and sulphur — ideal for legumes and oilseeds.,Apply 200–250 kg/ha as basal dose incorporated into soil before sowing.
Coffee,Loamy,36,21,58,NPK 13-0-45,13-0-45,High potassium demand with adequate phosphorus. NPK 13-0-45 provides premium K and supplementary N for quality crops.,Apply 100–120 kg/ha: 40% basal + 60% at flowering/fruiting via fertigation.
Coffee,Loamy,87,10,65,SSP (Single Super Phosphate),0-16-0,Severe phosphorus deficiency. SSP provides P with calcium and sulphur — ideal for legumes and oilseeds.,Apply 200–250 kg/ha as basal dose incorporated into soil before sowing.
Coffee,Loamy,48,33,24,NPK 13-0-45,13-0-45,High potassium demand with adequate phosphorus. NPK 13-0-45 provides premium K and supplementary N for quality crops.,Apply 100–120 kg/ha: 40% basal + 60% at flowering/fruiting via fertigation.
Coffee,Loamy,115,32,51,NPK 13-0-45,13-0-45,High potassium demand with adequate phosphorus. NPK 13-0-45 provides premium K and supplementary N for quality crops.,Apply 100–120 kg/ha: 40% basal + 60% at flowering/fruiting via fertigation.
Coffee,Loamy,102,6,121,SSP (Single Super Phosphate),0-16-0,Severe phosphorus deficiency. SSP provides P with calcium and sulphur — ideal for legumes and oilseeds.,Apply 200–250 kg/ha as basal dose incorporated into soil before sowing.
Coffee,Loamy,75,15,58,NPK 10-26-26,10-26-26,Phosphorus and potassium are deficient; nitrogen is adequate. NPK 10-26-26 corrects P & K without excess N.,Apply 120–150 kg/ha as basal dose before planting. Ideal for fruiting crops.
Coffee,Loamy,26,37,24,NPK 13-0-45,13-0-45,High potassium demand with adequate phosphorus. NPK 13-0-45 provides premium K and supplementary N for quality crops.,Apply 100–120 kg/ha: 40% basal + 60% at flowering/fruiting via fertigation.
Coffee,Loamy,88,19,119,DAP,18-46-0,Phosphorus is severely deficient. DAP delivers high P (46%) essential for root development and energy transfer.,"Apply 80–100 kg/ha as basal dose, 5–10 cm below seed level before planting."
Coffee,Loamy,45,22,70,Urea,46-0-0,Nitrogen is severely deficient. Urea (46% N) rapidly restores soil nitrogen for vegetative growth.,Apply 100–120 kg/ha split: 50% at sowing + 50% at 30 DAS. Incorporate into moist soil.
Coffee,Loamy,93,8,40,NPK 10-26-26,10-26-26,Phosphorus and potassium are deficient; nitrogen is adequate. NPK 10-26-26 corrects P & K without excess N.,Apply 120–150 kg/ha as basal dose before planting. Ideal for fruiting crops.
Coffee,Loamy,42,29,39,NPK 13-0-45,13-0-45,High potassium demand with adequate phosphorus. NPK 13-0-45 provides premium K and supplementary N for quality crops.,Apply 100–120 kg/ha: 40% basal + 60% at flowering/fruiting via fertigation.
Coffee,Loamy,80,12,110,SSP (Single Super Phosphate),0-16-0,Severe phosphorus deficiency. SSP provides P with calcium and sulphur — ideal for legumes and oilseeds.,Apply 200–250 kg/ha as basal dose incorporated into soil before sowing.
Coffee,Loamy,118,22,56,NPK 13-0-45,13-0-45,High potassium demand with adequate phosphorus. NPK 13-0-45 provides premium K and supplementary N for quality crops.,Apply 100–120 kg/ha: 40% basal + 60% at flowering/fruiting via fertigation.
Coffee,Loamy,44,7,48,NPK 17-17-17,17-17-17,"All three nutrients (N, P, K) are below optimal. Balanced 17-17-17 corrects deficiencies uniformly.",Apply 150–200 kg/ha basal + 50–75 kg/ha top-dress at 30 & 60 DAS.
Coffee,Loamy,88,22,119,NPK 17-17-17,17-17-17,"All three nutrients (N, P, K) are below optimal. Balanced 17-17-17 corrects deficiencies uniformly.",Apply 150–200 kg/ha basal + 50–75 kg/ha top-dress at 30 & 60 DAS.
Coffee,Loamy,61,27,71,Ammonium Sulphate,21-0-0,Nitrogen is moderately low. Ammonium Sulphate provides N + sulphur — ideal for alkaline/sulphur-deficient soils.,Apply 100–150 kg/ha in two splits: at planting and 30–40 DAS.
Coffee,Loamy,73,14,67,DAP,18-46-0,Phosphorus is severely deficient. DAP delivers high P (46%) essential for root development and energy transfer.,"Apply 80–100 kg/ha as basal dose, 5–10 cm below seed level before planting."
Coffee,Loamy,69,28,118,Ammonium Sulphate,21-0-0,Nitrogen is moderately low. Ammonium Sulphate provides N + sulphur — ideal for alkaline/sulphur-deficient soils.,Apply 100–150 kg/ha in two splits: at planting and 30–40 DAS.
Coffee,Clay,54,7,72,NPK 20-20-0,20-20-0,Nitrogen and phosphorus are deficient; potassium is adequate. NPK 20-20-0 targets N & P without excess K.,Apply 120–150 kg/ha at sowing. Supplement with 30 kg/ha urea at tillering stage.
Coffee,Clay,77,11,99,SSP (Single Super Phosphate),0-16-0,Severe phosphorus deficiency. SSP provides P with calcium and sulphur — ideal for legumes and oilseeds.,Apply 200–250 kg/ha as basal dose incorporated into soil before sowing.
Coffee,Clay,123,35,40,MOP (Muriate of Potash),0-0-60,"Potassium is severely deficient. MOP (60% K) improves drought tolerance, disease resistance, and grain quality.",Apply 60–80 kg/ha: 50% basal at sowing + 50% at flowering. Avoid during dry spells.
Coffee,Clay,111,28,67,NPK 17-17-17,17-17-17,"All three nutrients (N, P, K) are below optimal. Balanced 17-17-17 corrects deficiencies uniformly.",Apply 150–200 kg/ha basal + 50–75 kg/ha top-dress at 30 & 60 DAS.
Coffee,Clay,76,32,70,NPK 13-0-45,13-0-45,High potassium demand with adequate phosphorus. NPK 13-0-45 provides premium K and supplementary N for quality crops.,Apply 100–120 kg/ha: 40% basal + 60% at flowering/fruiting via fertigation.
Coffee,Clay,59,21,80,Ammonium Sulphate,21-0-0,Nitrogen is moderately low. Ammonium Sulphate provides N + sulphur — ideal for alkaline/sulphur-deficient soils.,Apply 100–150 kg/ha in two splits: at planting and 30–40 DAS.
Coffee,Clay,39,34,90,Urea,46-0-0,Nitrogen is severely deficient. Urea (46% N) rapidly restores soil nitrogen for vegetative growth.,Apply 100–120 kg/ha split: 50% at sowing + 50% at 30 DAS. Incorporate into moist soil.
Coffee,Clay,86,9,83,SSP (Single Super Phosphate),0-16-0,Severe phosphorus deficiency. SSP provides P with calcium and sulphur — ideal for legumes and oilseeds.,Apply 200–250 kg/ha as basal dose incorporated into soil before sowing.
Coffee,Clay,32,8,75,NPK 20-20-0,20-20-0,Nitrogen and phosphorus are deficient; potassium is adequate. NPK 20-20-0 targets N & P without excess K.,Apply 120–150 kg/ha at sowing. Supplement with 30 kg/ha urea at tillering stage.
Coffee,Clay,62,24,29,NPK 13-0-45,13-0-45,High potassium demand with adequate phosphorus. NPK 13-0-45 provides premium K and supplementary N for quality crops.,Apply 100–120 kg/ha: 40% basal + 60% at flowering/fruiting via fertigation.
Coffee,Clay,65,11,123,SSP (Single Super Phosphate),0-16-0,Severe phosphorus deficiency. SSP provides P with calcium and sulphur — ideal for legumes and oilseeds.,Apply 200–250 kg/ha as basal dose incorporated into soil before sowing.
Coffee,Clay,78,27,54,NPK 13-0-45,13-0-45,High potassium demand with adequate phosphorus. NPK 13-0-45 provides premium K and supplementary N for quality crops.,Apply 100–120 kg/ha: 40% basal + 60% at flowering/fruiting via fertigation.
Coffee,Clay,29,36,50,NPK 13-0-45,13-0-45,High potassium demand with adequate phosphorus. NPK 13-0-45 provides premium K and supplementary N for quality crops.,Apply 100–120 kg/ha: 40% basal + 60% at flowering/fruiting via fertigation.
Coffee,Clay,64,26,22,NPK 13-0-45,13-0-45,High potassium demand with adequate phosphorus. NPK 13-0-45 provides premium K and supplementary N for quality crops.,Apply 100–120 kg/ha: 40% basal + 60% at flowering/fruiting via fertigation.
Coffee,Clay,105,22,49,NPK 13-0-45,13-0-45,High potassium demand with adequate phosphorus. NPK 13-0-45 provides premium K and supplementary N for quality crops.,Apply 100–120 kg/ha: 40% basal + 60% at flowering/fruiting via fertigation.
Coffee,Clay,26,11,113,NPK 20-20-0,20-20-0,Nitrogen and phosphorus are deficient; potassium is adequate. NPK 20-20-0 targets N & P without excess K.,Apply 120–150 kg/ha at sowing. Supplement with 30 kg/ha urea at tillering stage.
Coffee,Clay,92,13,26,NPK 10-26-26,10-26-26,Phosphorus and potassium are deficient; nitrogen is adequate. NPK 10-26-26 corrects P & K without excess N.,Apply 120–150 kg/ha as basal dose before planting. Ideal for fruiting crops.
Coffee,Clay,92,24,62,NPK 13-0-45,13-0-45,High potassium demand with adequate phosphorus. NPK 13-0-45 provides premium K and supplementary N for quality crops.,Apply 100–120 kg/ha: 40% basal + 60% at flowering/fruiting via fertigation.
Coffee,Clay,58,12,90,NPK 20-20-0,20-20-0,Nitrogen and phosphorus are deficient; potassium is adequate. NPK 20-20-0 targets N & P without excess K.,Apply 120–150 kg/ha at sowing. Supplement with 30 kg/ha urea at tillering stage.
Coffee,Clay,121,11,82,SSP (Single Super Phosphate),0-16-0,Severe phosphorus deficiency. SSP provides P with calcium and sulphur — ideal for legumes and oilseeds.,Apply 200–250 kg/ha as basal dose incorporated into soil before sowing.
Coffee,Clay,64,20,46,NPK 13-0-45,13-0-45,High potassium demand with adequate phosphorus. NPK 13-0-45 provides premium K and supplementary N for quality crops.,Apply 100–120 kg/ha: 40% basal + 60% at flowering/fruiting via fertigation.
Coffee,Clay,106,21,77,NPK 12-32-16,12-32-16,High phosphorus demand with moderate N and K deficiency. NPK 12-32-16 emphasises P with balanced N & K.,Apply 100–125 kg/ha as basal. Supplement with 30 kg/ha urea at 30 DAS.
Coffee,Clay,51,11,29,NPK 17-17-17,17-17-17,"All three nutrients (N, P, K) are below optimal. Balanced 17-17-17 corrects deficiencies uniformly.",Apply 150–200 kg/ha basal + 50–75 kg/ha top-dress at 30 & 60 DAS.
Coffee,Clay,94,12,92,SSP (Single Super Phosphate),0-16-0,Severe phosphorus deficiency. SSP provides P with calcium and sulphur — ideal for legumes and oilseeds.,Apply 200–250 kg/ha as basal dose incorporated into soil before sowing.
Coffee,Clay,60,19,69,NPK 20-20-0,20-20-0,Nitrogen and phosphorus are deficient; potassium is adequate. NPK 20-20-0 targets N & P without excess K.,Apply 120–150 kg/ha at sowing. Supplement with 30 kg/ha urea at tillering stage.
Coffee,Silt,58,9,52,NPK 17-17-17,17-17-17,"All three nutrients (N, P, K) are below optimal. Balanced 17-17-17 corrects deficiencies uniformly.",Apply 150–200 kg/ha basal + 50–75 kg/ha top-dress at 30 & 60 DAS.
Coffee,Silt,89,26,50,NPK 13-0-45,13-0-45,High potassium demand with adequate phosphorus. NPK 13-0-45 provides premium K and supplementary N for quality crops.,Apply 100–120 kg/ha: 40% basal + 60% at flowering/fruiting via fertigation.
Coffee,Silt,68,12,42,NPK 10-26-26,10-26-26,Phosphorus and potassium are deficient; nitrogen is adequate. NPK 10-26-26 corrects P & K without excess N.,Apply 120–150 kg/ha as basal dose before planting. Ideal for fruiting crops.
Coffee,Silt,22,34,42,NPK 13-0-45,13-0-45,High potassium demand with adequate phosphorus. NPK 13-0-45 provides premium K and supplementary N for quality crops.,Apply 100–120 kg/ha: 40% basal + 60% at flowering/fruiting via fertigation.
Coffee,Silt,43,14,33,NPK 17-17-17,17-17-17,"All three nutrients (N, P, K) are below optimal. Balanced 17-17-17 corrects deficiencies uniformly.",Apply 150–200 kg/ha basal + 50–75 kg/ha top-dress at 30 & 60 DAS.
Coffee,Silt,87,8,34,NPK 10-26-26,10-26-26,Phosphorus and potassium are deficient; nitrogen is adequate. NPK 10-26-26 corrects P & K without excess N.,Apply 120–150 kg/ha as basal dose before planting. Ideal for fruiting crops.
Coffee,Silt,87,16,94,DAP,18-46-0,Phosphorus is severely deficient. DAP delivers high P (46%) essential for root development and energy transfer.,"Apply 80–100 kg/ha as basal dose, 5–10 cm below seed level before planting."
Coffee,Silt,78,14,88,DAP,18-46-0,Phosphorus is severely deficient. DAP delivers high P (46%) essential for root development and energy transfer.,"Apply 80–100 kg/ha as basal dose, 5–10 cm below seed level before planting."
Coffee,Silt,32,22,65,Urea,46-0-0,Nitrogen is severely deficient. Urea (46% N) rapidly restores soil nitrogen for vegetative growth.,Apply 100–120 kg/ha split: 50% at sowing + 50% at 30 DAS. Incorporate into moist soil.
Coffee,Silt,48,25,111,Urea,46-0-0,Nitrogen is severely deficient. Urea (46% N) rapidly restores soil nitrogen for vegetative growth.,Apply 100–120 kg/ha split: 50% at sowing + 50% at 30 DAS. Incorporate into moist soil.
Coffee,Silt,124,25,62,NPK 13-0-45,13-0-45,High potassium demand with adequate phosphorus. NPK 13-0-45 provides premium K and supplementary N for quality crops.,Apply 100–120 kg/ha: 40% basal + 60% at flowering/fruiting via fertigation.
Coffee,Silt,43,14,70,NPK 20-20-0,20-20-0,Nitrogen and phosphorus are deficient; potassium is adequate. NPK 20-20-0 targets N & P without excess K.,Apply 120–150 kg/ha at sowing. Supplement with 30 kg/ha urea at tillering stage.
Coffee,Silt,58,34,58,NPK 13-0-45,13-0-45,High potassium demand with adequate phosphorus. NPK 13-0-45 provides premium K and supplementary N for quality crops.,Apply 100–120 kg/ha: 40% basal + 60% at flowering/fruiting via fertigation.
Coffee,Silt,59,18,107,NPK 20-20-0,20-20-0,Nitrogen and phosphorus are deficient; potassium is adequate. NPK 20-20-0 targets N & P without excess K.,Apply 120–150 kg/ha at sowing. Supplement with 30 kg/ha urea at tillering stage.
Coffee,Silt,88,25,55,NPK 13-0-45,13-0-45,High potassium demand with adequate phosphorus. NPK 13-0-45 provides premium K and supplementary N for quality crops.,Apply 100–120 kg/ha: 40% basal + 60% at flowering/fruiting via fertigation.
Coffee,Silt,105,7,111,SSP (Single Super Phosphate),0-16-0,Severe phosphorus deficiency. SSP provides P with calcium and sulphur — ideal for legumes and oilseeds.,Apply 200–250 kg/ha as basal dose incorporated into soil before sowing.
Coffee,Silt,73,18,72,DAP,18-46-0,Phosphorus is severely deficient. DAP delivers high P (46%) essential for root development and energy transfer.,"Apply 80–100 kg/ha as basal dose, 5–10 cm below seed level before planting."
Coffee,Silt,90,6,111,SSP (Single Super Phosphate),0-16-0,Severe phosphorus deficiency. SSP provides P with calcium and sulphur — ideal for legumes and oilseeds.,Apply 200–250 kg/ha as basal dose incorporated into soil before sowing.
Coffee,Silt,66,16,34,NPK 10-26-26,10-26-26,Phosphorus and potassium are deficient; nitrogen is adequate. NPK 10-26-26 corrects P & K without excess N.,Apply 120–150 kg/ha as basal dose before planting. Ideal for fruiting crops.
Coffee,Silt,66,21,62,NPK 13-0-45,13-0-45,High potassium demand with adequate phosphorus. NPK 13-0-45 provides premium K and supplementary N for quality crops.,Apply 100–120 kg/ha: 40% basal + 60% at flowering/fruiting via fertigation.
Coffee,Silt,91,19,120,DAP,18-46-0,Phosphorus is severely deficient. DAP delivers high P (46%) essential for root development and energy transfer.,"Apply 80–100 kg/ha as basal dose, 5–10 cm below seed level before planting."
Coffee,Silt,82,31,31,MOP (Muriate of Potash),0-0-60,"Potassium is severely deficient. MOP (60% K) improves drought tolerance, disease resistance, and grain quality.",Apply 60–80 kg/ha: 50% basal at sowing + 50% at flowering. Avoid during dry spells.
Coffee,Silt,61,16,79,NPK 20-20-0,20-20-0,Nitrogen and phosphorus are deficient; potassium is adequate. NPK 20-20-0 targets N & P without excess K.,Apply 120–150 kg/ha at sowing. Supplement with 30 kg/ha urea at tillering stage.
Coffee,Silt,110,8,27,NPK 10-26-26,10-26-26,Phosphorus and potassium are deficient; nitrogen is adequate. NPK 10-26-26 corrects P & K without excess N.,Apply 120–150 kg/ha as basal dose before planting. Ideal for fruiting crops.
Coffee,Silt,109,12,90,SSP (Single Super Phosphate),0-16-0,Severe phosphorus deficiency. SSP provides P with calcium and sulphur — ideal for legumes and oilseeds.,Apply 200–250 kg/ha as basal dose incorporated into soil before sowing.
Coffee,Black,77,32,33,MOP (Muriate of Potash),0-0-60,"Potassium is severely deficient. MOP (60% K) improves drought tolerance, disease resistance, and grain quality.",Apply 60–80 kg/ha: 50% basal at sowing + 50% at flowering. Avoid during dry spells.
Coffee,Black,33,23,119,Urea,46-0-0,Nitrogen is severely deficient. Urea (46% N) rapidly restores soil nitrogen for vegetative growth.,Apply 100–120 kg/ha split: 50% at sowing + 50% at 30 DAS. Incorporate into moist soil.
Coffee,Black,63,16,83,NPK 20-20-0,20-20-0,Nitrogen and phosphorus are deficient; potassium is adequate. NPK 20-20-0 targets N & P without excess K.,Apply 120–150 kg/ha at sowing. Supplement with 30 kg/ha urea at tillering stage.
Coffee,Black,117,32,124,NPK 17-17-17,17-17-17,"All three nutrients (N, P, K) are below optimal. Balanced 17-17-17 corrects deficiencies uniformly.",Apply 150–200 kg/ha basal + 50–75 kg/ha top-dress at 30 & 60 DAS.
Coffee,Black,22,9,83,NPK 20-20-0,20-20-0,Nitrogen and phosphorus are deficient; potassium is adequate. NPK 20-20-0 targets N & P without excess K.,Apply 120–150 kg/ha at sowing. Supplement with 30 kg/ha urea at tillering stage.
Coffee,Black,106,14,45,NPK 10-26-26,10-26-26,Phosphorus and potassium are deficient; nitrogen is adequate. NPK 10-26-26 corrects P & K without excess N.,Apply 120–150 kg/ha as basal dose before planting. Ideal for fruiting crops.
Coffee,Black,102,7,58,NPK 10-26-26,10-26-26,Phosphorus and potassium are deficient; nitrogen is adequate. NPK 10-26-26 corrects P & K without excess N.,Apply 120–150 kg/ha as basal dose before planting. Ideal for fruiting crops.
Coffee,Black,73,23,96,NPK 17-17-17,17-17-17,"All three nutrients (N, P, K) are below optimal. Balanced 17-17-17 corrects deficiencies uniformly.",Apply 150–200 kg/ha basal + 50–75 kg/ha top-dress at 30 & 60 DAS.
Coffee,Black,57,25,81,Ammonium Sulphate,21-0-0,Nitrogen is moderately low. Ammonium Sulphate provides N + sulphur — ideal for alkaline/sulphur-deficient soils.,Apply 100–150 kg/ha in two splits: at planting and 30–40 DAS.
Coffee,Black,77,26,47,NPK 13-0-45,13-0-45,High potassium demand with adequate phosphorus. NPK 13-0-45 provides premium K and supplementary N for quality crops.,Apply 100–120 kg/ha: 40% basal + 60% at flowering/fruiting via fertigation.
Coffee,Black,28,9,43,NPK 17-17-17,17-17-17,"All three nutrients (N, P, K) are below optimal. Balanced 17-17-17 corrects deficiencies uniformly.",Apply 150–200 kg/ha basal + 50–75 kg/ha top-dress at 30 & 60 DAS.
Coffee,Black,72,32,93,Ammonium Sulphate,21-0-0,Nitrogen is moderately low. Ammonium Sulphate provides N + sulphur — ideal for alkaline/sulphur-deficient soils.,Apply 100–150 kg/ha in two splits: at planting and 30–40 DAS.
Coffee,Black,102,17,62,NPK 10-26-26,10-26-26,Phosphorus and potassium are deficient; nitrogen is adequate. NPK 10-26-26 corrects P & K without excess N.,Apply 120–150 kg/ha as basal dose before planting. Ideal for fruiting crops.
Coffee,Black,61,12,26,NPK 17-17-17,17-17-17,"All three nutrients (N, P, K) are below optimal. Balanced 17-17-17 corrects deficiencies uniformly.",Apply 150–200 kg/ha basal + 50–75 kg/ha top-dress at 30 & 60 DAS.
Coffee,Black,82,37,37,MOP (Muriate of Potash),0-0-60,"Potassium is severely deficient. MOP (60% K) improves drought tolerance, disease resistance, and grain quality.",Apply 60–80 kg/ha: 50% basal at sowing + 50% at flowering. Avoid during dry spells.
Coffee,Black,24,30,46,NPK 13-0-45,13-0-45,High potassium demand with adequate phosphorus. NPK 13-0-45 provides premium K and supplementary N for quality crops.,Apply 100–120 kg/ha: 40% basal + 60% at flowering/fruiting via fertigation.
Coffee,Black,107,28,119,NPK 17-17-17,17-17-17,"All three nutrients (N, P, K) are below optimal. Balanced 17-17-17 corrects deficiencies uniformly.",Apply 150–200 kg/ha basal + 50–75 kg/ha top-dress at 30 & 60 DAS.
Coffee,Black,62,26,68,Ammonium Sulphate,21-0-0,Nitrogen is moderately low. Ammonium Sulphate provides N + sulphur — ideal for alkaline/sulphur-deficient soils.,Apply 100–150 kg/ha in two splits: at planting and 30–40 DAS.
Coffee,Black,86,20,39,MOP (Muriate of Potash),0-0-60,"Potassium is severely deficient. MOP (60% K) improves drought tolerance, disease resistance, and grain quality.",Apply 60–80 kg/ha: 50% basal at sowing + 50% at flowering. Avoid during dry spells.
Coffee,Black,73,22,105,NPK 17-17-17,17-17-17,"All three nutrients (N, P, K) are below optimal. Balanced 17-17-17 corrects deficiencies uniformly.",Apply 150–200 kg/ha basal + 50–75 kg/ha top-dress at 30 & 60 DAS.
Coffee,Black,97,26,31,MOP (Muriate of Potash),0-0-60,"Potassium is severely deficient. MOP (60% K) improves drought tolerance, disease resistance, and grain quality.",Apply 60–80 kg/ha: 50% basal at sowing + 50% at flowering. Avoid during dry spells.
Coffee,Black,95,21,113,NPK 17-17-17,17-17-17,"All three nutrients (N, P, K) are below optimal. Balanced 17-17-17 corrects deficiencies uniformly.",Apply 150–200 kg/ha basal + 50–75 kg/ha top-dress at 30 & 60 DAS.
Coffee,Black,116,7,106,SSP (Single Super Phosphate),0-16-0,Severe phosphorus deficiency. SSP provides P with calcium and sulphur — ideal for legumes and oilseeds.,Apply 200–250 kg/ha as basal dose incorporated into soil before sowing.
Coffee,Black,23,17,76,NPK 20-20-0,20-20-0,Nitrogen and phosphorus are deficient; potassium is adequate. NPK 20-20-0 targets N & P without excess K.,Apply 120–150 kg/ha at sowing. Supplement with 30 kg/ha urea at tillering stage.
Coffee,Black,35,29,20,NPK 13-0-45,13-0-45,High potassium demand with adequate phosphorus. NPK 13-0-45 provides premium K and supplementary N for quality crops.,Apply 100–120 kg/ha: 40% basal + 60% at flowering/fruiting via fertigation.
Coffee,Red,37,24,95,Urea,46-0-0,Nitrogen is severely deficient. Urea (46% N) rapidly restores soil nitrogen for vegetative growth.,Apply 100–120 kg/ha split: 50% at sowing + 50% at 30 DAS. Incorporate into moist soil.
Coffee,Red,116,28,90,NPK 17-17-17,17-17-17,"All three nutrients (N, P, K) are below optimal. Balanced 17-17-17 corrects deficiencies uniformly.",Apply 150–200 kg/ha basal + 50–75 kg/ha top-dress at 30 & 60 DAS.
Coffee,Red,61,6,32,NPK 17-17-17,17-17-17,"All three nutrients (N, P, K) are below optimal. Balanced 17-17-17 corrects deficiencies uniformly.",Apply 150–200 kg/ha basal + 50–75 kg/ha top-dress at 30 & 60 DAS.
Coffee,Red,76,27,63,NPK 13-0-45,13-0-45,High potassium demand with adequate phosphorus. NPK 13-0-45 provides premium K and supplementary N for quality crops.,Apply 100–120 kg/ha: 40% basal + 60% at flowering/fruiting via fertigation.
Coffee,Red,96,22,27,MOP (Muriate of Potash),0-0-60,"Potassium is severely deficient. MOP (60% K) improves drought tolerance, disease resistance, and grain quality.",Apply 60–80 kg/ha: 50% basal at sowing + 50% at flowering. Avoid during dry spells.
Coffee,Red,40,32,96,Urea,46-0-0,Nitrogen is severely deficient. Urea (46% N) rapidly restores soil nitrogen for vegetative growth.,Apply 100–120 kg/ha split: 50% at sowing + 50% at 30 DAS. Incorporate into moist soil.
Coffee,Red,113,9,123,SSP (Single Super Phosphate),0-16-0,Severe phosphorus deficiency. SSP provides P with calcium and sulphur — ideal for legumes and oilseeds.,Apply 200–250 kg/ha as basal dose incorporated into soil before sowing.
Coffee,Red,41,6,124,NPK 20-20-0,20-20-0,Nitrogen and phosphorus are deficient; potassium is adequate. NPK 20-20-0 targets N & P without excess K.,Apply 120–150 kg/ha at sowing. Supplement with 30 kg/ha urea at tillering stage.
Coffee,Red,49,27,38,NPK 13-0-45,13-0-45,High potassium demand with adequate phosphorus. NPK 13-0-45 provides premium K and supplementary N for quality crops.,Apply 100–120 kg/ha: 40% basal + 60% at flowering/fruiting via fertigation.
Coffee,Red,80,34,53,NPK 13-0-45,13-0-45,High potassium demand with adequate phosphorus. NPK 13-0-45 provides premium K and supplementary N for quality crops.,Apply 100–120 kg/ha: 40% basal + 60% at flowering/fruiting via fertigation.
Coffee,Red,90,11,85,SSP (Single Super Phosphate),0-16-0,Severe phosphorus deficiency. SSP provides P with calcium and sulphur — ideal for legumes and oilseeds.,Apply 200–250 kg/ha as basal dose incorporated into soil before sowing.
Coffee,Red,55,12,52,NPK 17-17-17,17-17-17,"All three nutrients (N, P, K) are below optimal. Balanced 17-17-17 corrects deficiencies uniformly.",Apply 150–200 kg/ha basal + 50–75 kg/ha top-dress at 30 & 60 DAS.
Coffee,Red,38,34,61,NPK 13-0-45,13-0-45,High potassium demand with adequate phosphorus. NPK 13-0-45 provides premium K and supplementary N for quality crops.,Apply 100–120 kg/ha: 40% basal + 60% at flowering/fruiting via fertigation.
Coffee,Red,45,20,53,NPK 13-0-45,13-0-45,High potassium demand with adequate phosphorus. NPK 13-0-45 provides premium K and supplementary N for quality crops.,Apply 100–120 kg/ha: 40% basal + 60% at flowering/fruiting via fertigation.
Coffee,Red,98,36,65,NPK 17-17-17,17-17-17,"All three nutrients (N, P, K) are below optimal. Balanced 17-17-17 corrects deficiencies uniformly.",Apply 150–200 kg/ha basal + 50–75 kg/ha top-dress at 30 & 60 DAS.
Coffee,Red,110,23,36,MOP (Muriate of Potash),0-0-60,"Potassium is severely deficient. MOP (60% K) improves drought tolerance, disease resistance, and grain quality.",Apply 60–80 kg/ha: 50% basal at sowing + 50% at flowering. Avoid during dry spells.
Coffee,Red,92,22,88,NPK 17-17-17,17-17-17,"All three nutrients (N, P, K) are below optimal. Balanced 17-17-17 corrects deficiencies uniformly.",Apply 150–200 kg/ha basal + 50–75 kg/ha top-dress at 30 & 60 DAS.
Coffee,Red,113,19,114,DAP,18-46-0,Phosphorus is severely deficient. DAP delivers high P (46%) essential for root development and energy transfer.,"Apply 80–100 kg/ha as basal dose, 5–10 cm below seed level before planting."
Coffee,Red,98,21,83,NPK 17-17-17,17-17-17,"All three nutrients (N, P, K) are below optimal. Balanced 17-17-17 corrects deficiencies uniformly.",Apply 150–200 kg/ha basal + 50–75 kg/ha top-dress at 30 & 60 DAS.
Coffee,Red,54,36,90,Ammonium Sulphate,21-0-0,Nitrogen is moderately low. Ammonium Sulphate provides N + sulphur — ideal for alkaline/sulphur-deficient soils.,Apply 100–150 kg/ha in two splits: at planting and 30–40 DAS.
Coffee,Red,24,16,85,NPK 20-20-0,20-20-0,Nitrogen and phosphorus are deficient; potassium is adequate. NPK 20-20-0 targets N & P without excess K.,Apply 120–150 kg/ha at sowing. Supplement with 30 kg/ha urea at tillering stage.
Coffee,Red,25,6,67,NPK 20-20-0,20-20-0,Nitrogen and phosphorus are deficient; potassium is adequate. NPK 20-20-0 targets N & P without excess K.,Apply 120–150 kg/ha at sowing. Supplement with 30 kg/ha urea at tillering stage.
Coffee,Red,54,19,47,NPK 17-17-17,17-17-17,"All three nutrients (N, P, K) are below optimal. Balanced 17-17-17 corrects deficiencies uniformly.",Apply 150–200 kg/ha basal + 50–75 kg/ha top-dress at 30 & 60 DAS.
Coffee,Red,37,27,74,Urea,46-0-0,Nitrogen is severely deficient. Urea (46% N) rapidly restores soil nitrogen for vegetative growth.,Apply 100–120 kg/ha split: 50% at sowing + 50% at 30 DAS. Incorporate into moist soil.
Coffee,Red,41,16,82,NPK 20-20-0,20-20-0,Nitrogen and phosphorus are deficient; potassium is adequate. NPK 20-20-0 targets N & P without excess K.,Apply 120–150 kg/ha at sowing. Supplement with 30 kg/ha urea at tillering stage.
Tea,Sandy,33,10,16,NPK 17-17-17,17-17-17,"All three nutrients (N, P, K) are below optimal. Balanced 17-17-17 corrects deficiencies uniformly.",Apply 150–200 kg/ha basal + 50–75 kg/ha top-dress at 30 & 60 DAS.
Tea,Sandy,126,29,59,NPK 17-17-17,17-17-17,"All three nutrients (N, P, K) are below optimal. Balanced 17-17-17 corrects deficiencies uniformly.",Apply 150–200 kg/ha basal + 50–75 kg/ha top-dress at 30 & 60 DAS.
Tea,Sandy,114,27,42,NPK 17-17-17,17-17-17,"All three nutrients (N, P, K) are below optimal. Balanced 17-17-17 corrects deficiencies uniformly.",Apply 150–200 kg/ha basal + 50–75 kg/ha top-dress at 30 & 60 DAS.
Tea,Sandy,104,7,51,SSP (Single Super Phosphate),0-16-0,Severe phosphorus deficiency. SSP provides P with calcium and sulphur — ideal for legumes and oilseeds.,Apply 200–250 kg/ha as basal dose incorporated into soil before sowing.
Tea,Sandy,122,21,34,NPK 13-0-45,13-0-45,High potassium demand with adequate phosphorus. NPK 13-0-45 provides premium K and supplementary N for quality crops.,Apply 100–120 kg/ha: 40% basal + 60% at flowering/fruiting via fertigation.
Tea,Sandy,58,26,55,Urea,46-0-0,Nitrogen is severely deficient. Urea (46% N) rapidly restores soil nitrogen for vegetative growth.,Apply 100–120 kg/ha split: 50% at sowing + 50% at 30 DAS. Incorporate into moist soil.
Tea,Sandy,133,16,60,DAP,18-46-0,Phosphorus is severely deficient. DAP delivers high P (46%) essential for root development and energy transfer.,"Apply 80–100 kg/ha as basal dose, 5–10 cm below seed level before planting."
Tea,Sandy,94,33,45,NPK 13-0-45,13-0-45,High potassium demand with adequate phosphorus. NPK 13-0-45 provides premium K and supplementary N for quality crops.,Apply 100–120 kg/ha: 40% basal + 60% at flowering/fruiting via fertigation.
Tea,Sandy,89,24,59,Ammonium Sulphate,21-0-0,Nitrogen is moderately low. Ammonium Sulphate provides N + sulphur — ideal for alkaline/sulphur-deficient soils.,Apply 100–150 kg/ha in two splits: at planting and 30–40 DAS.
Tea,Sandy,145,8,15,NPK 10-26-26,10-26-26,Phosphorus and potassium are deficient; nitrogen is adequate. NPK 10-26-26 corrects P & K without excess N.,Apply 120–150 kg/ha as basal dose before planting. Ideal for fruiting crops.
Tea,Sandy,142,22,50,NPK 17-17-17,17-17-17,"All three nutrients (N, P, K) are below optimal. Balanced 17-17-17 corrects deficiencies uniformly.",Apply 150–200 kg/ha basal + 50–75 kg/ha top-dress at 30 & 60 DAS.
Tea,Sandy,84,8,60,SSP (Single Super Phosphate),0-16-0,Severe phosphorus deficiency. SSP provides P with calcium and sulphur — ideal for legumes and oilseeds.,Apply 200–250 kg/ha as basal dose incorporated into soil before sowing.
Tea,Sandy,118,15,31,NPK 10-26-26,10-26-26,Phosphorus and potassium are deficient; nitrogen is adequate. NPK 10-26-26 corrects P & K without excess N.,Apply 120–150 kg/ha as basal dose before planting. Ideal for fruiting crops.
Tea,Sandy,129,8,67,SSP (Single Super Phosphate),0-16-0,Severe phosphorus deficiency. SSP provides P with calcium and sulphur — ideal for legumes and oilseeds.,Apply 200–250 kg/ha as basal dose incorporated into soil before sowing.
Tea,Sandy,56,24,70,Urea,46-0-0,Nitrogen is severely deficient. Urea (46% N) rapidly restores soil nitrogen for vegetative growth.,Apply 100–120 kg/ha split: 50% at sowing + 50% at 30 DAS. Incorporate into moist soil.
Tea,Sandy,109,19,55,DAP,18-46-0,Phosphorus is severely deficient. DAP delivers high P (46%) essential for root development and energy transfer.,"Apply 80–100 kg/ha as basal dose, 5–10 cm below seed level before planting."
Tea,Sandy,67,14,74,NPK 20-20-0,20-20-0,Nitrogen and phosphorus are deficient; potassium is adequate. NPK 20-20-0 targets N & P without excess K.,Apply 120–150 kg/ha at sowing. Supplement with 30 kg/ha urea at tillering stage.
Tea,Sandy,118,26,34,NPK 13-0-45,13-0-45,High potassium demand with adequate phosphorus. NPK 13-0-45 provides premium K and supplementary N for quality crops.,Apply 100–120 kg/ha: 40% basal + 60% at flowering/fruiting via fertigation.
Tea,Sandy,30,6,46,NPK 20-20-0,20-20-0,Nitrogen and phosphorus are deficient; potassium is adequate. NPK 20-20-0 targets N & P without excess K.,Apply 120–150 kg/ha at sowing. Supplement with 30 kg/ha urea at tillering stage.
Tea,Sandy,120,22,64,NPK 17-17-17,17-17-17,"All three nutrients (N, P, K) are below optimal. Balanced 17-17-17 corrects deficiencies uniformly.",Apply 150–200 kg/ha basal + 50–75 kg/ha top-dress at 30 & 60 DAS.
Tea,Sandy,28,17,26,NPK 17-17-17,17-17-17,"All three nutrients (N, P, K) are below optimal. Balanced 17-17-17 corrects deficiencies uniformly.",Apply 150–200 kg/ha basal + 50–75 kg/ha top-dress at 30 & 60 DAS.
Tea,Sandy,80,8,72,SSP (Single Super Phosphate),0-16-0,Severe phosphorus deficiency. SSP provides P with calcium and sulphur — ideal for legumes and oilseeds.,Apply 200–250 kg/ha as basal dose incorporated into soil before sowing.
Tea,Sandy,52,35,38,NPK 13-0-45,13-0-45,High potassium demand with adequate phosphorus. NPK 13-0-45 provides premium K and supplementary N for quality crops.,Apply 100–120 kg/ha: 40% basal + 60% at flowering/fruiting via fertigation.
Tea,Sandy,148,23,70,NPK 17-17-17,17-17-17,"All three nutrients (N, P, K) are below optimal. Balanced 17-17-17 corrects deficiencies uniformly.",Apply 150–200 kg/ha basal + 50–75 kg/ha top-dress at 30 & 60 DAS.
Tea,Sandy,24,29,68,Urea,46-0-0,Nitrogen is severely deficient. Urea (46% N) rapidly restores soil nitrogen for vegetative growth.,Apply 100–120 kg/ha split: 50% at sowing + 50% at 30 DAS. Incorporate into moist soil.
Tea,Loamy,41,9,38,NPK 17-17-17,17-17-17,"All three nutrients (N, P, K) are below optimal. Balanced 17-17-17 corrects deficiencies uniformly.",Apply 150–200 kg/ha basal + 50–75 kg/ha top-dress at 30 & 60 DAS.
Tea,Loamy,141,23,45,NPK 12-32-16,12-32-16,High phosphorus demand with moderate N and K deficiency. NPK 12-32-16 emphasises P with balanced N & K.,Apply 100–125 kg/ha as basal. Supplement with 30 kg/ha urea at 30 DAS.
Tea,Loamy,41,6,63,NPK 20-20-0,20-20-0,Nitrogen and phosphorus are deficient; potassium is adequate. NPK 20-20-0 targets N & P without excess K.,Apply 120–150 kg/ha at sowing. Supplement with 30 kg/ha urea at tillering stage.
Tea,Loamy,35,25,69,Urea,46-0-0,Nitrogen is severely deficient. Urea (46% N) rapidly restores soil nitrogen for vegetative growth.,Apply 100–120 kg/ha split: 50% at sowing + 50% at 30 DAS. Incorporate into moist soil.
Tea,Loamy,50,26,16,NPK 13-0-45,13-0-45,High potassium demand with adequate phosphorus. NPK 13-0-45 provides premium K and supplementary N for quality crops.,Apply 100–120 kg/ha: 40% basal + 60% at flowering/fruiting via fertigation.
Tea,Loamy,100,11,58,SSP (Single Super Phosphate),0-16-0,Severe phosphorus deficiency. SSP provides P with calcium and sulphur — ideal for legumes and oilseeds.,Apply 200–250 kg/ha as basal dose incorporated into soil before sowing.
Tea,Loamy,61,20,49,Ammonium Sulphate,21-0-0,Nitrogen is moderately low. Ammonium Sulphate provides N + sulphur — ideal for alkaline/sulphur-deficient soils.,Apply 100–150 kg/ha in two splits: at planting and 30–40 DAS.
Tea,Loamy,45,29,31,NPK 13-0-45,13-0-45,High potassium demand with adequate phosphorus. NPK 13-0-45 provides premium K and supplementary N for quality crops.,Apply 100–120 kg/ha: 40% basal + 60% at flowering/fruiting via fertigation.
Tea,Loamy,107,10,55,SSP (Single Super Phosphate),0-16-0,Severe phosphorus deficiency. SSP provides P with calcium and sulphur — ideal for legumes and oilseeds.,Apply 200–250 kg/ha as basal dose incorporated into soil before sowing.
Tea,Loamy,40,19,27,NPK 17-17-17,17-17-17,"All three nutrients (N, P, K) are below optimal. Balanced 17-17-17 corrects deficiencies uniformly.",Apply 150–200 kg/ha basal + 50–75 kg/ha top-dress at 30 & 60 DAS.
Tea,Loamy,118,14,67,DAP,18-46-0,Phosphorus is severely deficient. DAP delivers high P (46%) essential for root development and energy transfer.,"Apply 80–100 kg/ha as basal dose, 5–10 cm below seed level before planting."
Tea,Loamy,136,12,50,SSP (Single Super Phosphate),0-16-0,Severe phosphorus deficiency. SSP provides P with calcium and sulphur — ideal for legumes and oilseeds.,Apply 200–250 kg/ha as basal dose incorporated into soil before sowing.
Tea,Loamy,35,18,56,NPK 20-20-0,20-20-0,Nitrogen and phosphorus are deficient; potassium is adequate. NPK 20-20-0 targets N & P without excess K.,Apply 120–150 kg/ha at sowing. Supplement with 30 kg/ha urea at tillering stage.
Tea,Loamy,107,25,29,NPK 13-0-45,13-0-45,High potassium demand with adequate phosphorus. NPK 13-0-45 provides premium K and supplementary N for quality crops.,Apply 100–120 kg/ha: 40% basal + 60% at flowering/fruiting via fertigation.
Tea,Loamy,71,9,57,NPK 20-20-0,20-20-0,Nitrogen and phosphorus are deficient; potassium is adequate. NPK 20-20-0 targets N & P without excess K.,Apply 120–150 kg/ha at sowing. Supplement with 30 kg/ha urea at tillering stage.
Tea,Loamy,87,28,27,NPK 13-0-45,13-0-45,High potassium demand with adequate phosphorus. NPK 13-0-45 provides premium K and supplementary N for quality crops.,Apply 100–120 kg/ha: 40% basal + 60% at flowering/fruiting via fertigation.
Tea,Loamy,64,16,13,NPK 17-17-17,17-17-17,"All three nutrients (N, P, K) are below optimal. Balanced 17-17-17 corrects deficiencies uniformly.",Apply 150–200 kg/ha basal + 50–75 kg/ha top-dress at 30 & 60 DAS.
Tea,Loamy,66,31,68,Ammonium Sulphate,21-0-0,Nitrogen is moderately low. Ammonium Sulphate provides N + sulphur — ideal for alkaline/sulphur-deficient soils.,Apply 100–150 kg/ha in two splits: at planting and 30–40 DAS.
Tea,Loamy,89,20,13,MOP (Muriate of Potash),0-0-60,"Potassium is severely deficient. MOP (60% K) improves drought tolerance, disease resistance, and grain quality.",Apply 60–80 kg/ha: 50% basal at sowing + 50% at flowering. Avoid during dry spells.
Tea,Loamy,134,6,71,SSP (Single Super Phosphate),0-16-0,Severe phosphorus deficiency. SSP provides P with calcium and sulphur — ideal for legumes and oilseeds.,Apply 200–250 kg/ha as basal dose incorporated into soil before sowing.
Tea,Loamy,85,16,70,DAP,18-46-0,Phosphorus is severely deficient. DAP delivers high P (46%) essential for root development and energy transfer.,"Apply 80–100 kg/ha as basal dose, 5–10 cm below seed level before planting."
Tea,Loamy,27,24,46,Urea,46-0-0,Nitrogen is severely deficient. Urea (46% N) rapidly restores soil nitrogen for vegetative growth.,Apply 100–120 kg/ha split: 50% at sowing + 50% at 30 DAS. Incorporate into moist soil.
Tea,Loamy,51,19,53,NPK 20-20-0,20-20-0,Nitrogen and phosphorus are deficient; potassium is adequate. NPK 20-20-0 targets N & P without excess K.,Apply 120–150 kg/ha at sowing. Supplement with 30 kg/ha urea at tillering stage.
Tea,Loamy,115,6,71,SSP (Single Super Phosphate),0-16-0,Severe phosphorus deficiency. SSP provides P with calcium and sulphur — ideal for legumes and oilseeds.,Apply 200–250 kg/ha as basal dose incorporated into soil before sowing.
Tea,Loamy,44,13,28,NPK 17-17-17,17-17-17,"All three nutrients (N, P, K) are below optimal. Balanced 17-17-17 corrects deficiencies uniformly.",Apply 150–200 kg/ha basal + 50–75 kg/ha top-dress at 30 & 60 DAS.
Tea,Clay,28,9,74,NPK 20-20-0,20-20-0,Nitrogen and phosphorus are deficient; potassium is adequate. NPK 20-20-0 targets N & P without excess K.,Apply 120–150 kg/ha at sowing. Supplement with 30 kg/ha urea at tillering stage.
Tea,Clay,63,9,18,NPK 17-17-17,17-17-17,"All three nutrients (N, P, K) are below optimal. Balanced 17-17-17 corrects deficiencies uniformly.",Apply 150–200 kg/ha basal + 50–75 kg/ha top-dress at 30 & 60 DAS.
Tea,Clay,114,32,28,NPK 13-0-45,13-0-45,High potassium demand with adequate phosphorus. NPK 13-0-45 provides premium K and supplementary N for quality crops.,Apply 100–120 kg/ha: 40% basal + 60% at flowering/fruiting via fertigation.
Tea,Clay,26,13,15,NPK 17-17-17,17-17-17,"All three nutrients (N, P, K) are below optimal. Balanced 17-17-17 corrects deficiencies uniformly.",Apply 150–200 kg/ha basal + 50–75 kg/ha top-dress at 30 & 60 DAS.
Tea,Clay,37,19,26,NPK 17-17-17,17-17-17,"All three nutrients (N, P, K) are below optimal. Balanced 17-17-17 corrects deficiencies uniformly.",Apply 150–200 kg/ha basal + 50–75 kg/ha top-dress at 30 & 60 DAS.
Tea,Clay,89,13,71,SSP (Single Super Phosphate),0-16-0,Severe phosphorus deficiency. SSP provides P with calcium and sulphur — ideal for legumes and oilseeds.,Apply 200–250 kg/ha as basal dose incorporated into soil before sowing.
Tea,Clay,138,23,34,NPK 13-0-45,13-0-45,High potassium demand with adequate phosphorus. NPK 13-0-45 provides premium K and supplementary N for quality crops.,Apply 100–120 kg/ha: 40% basal + 60% at flowering/fruiting via fertigation.
Tea,Clay,72,18,57,NPK 20-20-0,20-20-0,Nitrogen and phosphorus are deficient; potassium is adequate. NPK 20-20-0 targets N & P without excess K.,Apply 120–150 kg/ha at sowing. Supplement with 30 kg/ha urea at tillering stage.
Tea,Clay,80,32,71,Ammonium Sulphate,21-0-0,Nitrogen is moderately low. Ammonium Sulphate provides N + sulphur — ideal for alkaline/sulphur-deficient soils.,Apply 100–150 kg/ha in two splits: at planting and 30–40 DAS.
Tea,Clay,66,23,17,NPK 13-0-45,13-0-45,High potassium demand with adequate phosphorus. NPK 13-0-45 provides premium K and supplementary N for quality crops.,Apply 100–120 kg/ha: 40% basal + 60% at flowering/fruiting via fertigation.
Tea,Clay,49,19,24,NPK 17-17-17,17-17-17,"All three nutrients (N, P, K) are below optimal. Balanced 17-17-17 corrects deficiencies uniformly.",Apply 150–200 kg/ha basal + 50–75 kg/ha top-dress at 30 & 60 DAS.
Tea,Clay,134,10,40,SSP (Single Super Phosphate),0-16-0,Severe phosphorus deficiency. SSP provides P with calcium and sulphur — ideal for legumes and oilseeds.,Apply 200–250 kg/ha as basal dose incorporated into soil before sowing.
Tea,Clay,100,27,36,NPK 13-0-45,13-0-45,High potassium demand with adequate phosphorus. NPK 13-0-45 provides premium K and supplementary N for quality crops.,Apply 100–120 kg/ha: 40% basal + 60% at flowering/fruiting via fertigation.
Tea,Clay,133,23,39,NPK 12-32-16,12-32-16,High phosphorus demand with moderate N and K deficiency. NPK 12-32-16 emphasises P with balanced N & K.,Apply 100–125 kg/ha as basal. Supplement with 30 kg/ha urea at 30 DAS.
Tea,Clay,32,20,63,Urea,46-0-0,Nitrogen is severely deficient. Urea (46% N) rapidly restores soil nitrogen for vegetative growth.,Apply 100–120 kg/ha split: 50% at sowing + 50% at 30 DAS. Incorporate into moist soil.
Tea,Clay,101,32,43,NPK 17-17-17,17-17-17,"All three nutrients (N, P, K) are below optimal. Balanced 17-17-17 corrects deficiencies uniformly.",Apply 150–200 kg/ha basal + 50–75 kg/ha top-dress at 30 & 60 DAS.
Tea,Clay,38,6,31,NPK 17-17-17,17-17-17,"All three nutrients (N, P, K) are below optimal. Balanced 17-17-17 corrects deficiencies uniformly.",Apply 150–200 kg/ha basal + 50–75 kg/ha top-dress at 30 & 60 DAS.
Tea,Clay,111,30,30,NPK 13-0-45,13-0-45,High potassium demand with adequate phosphorus. NPK 13-0-45 provides premium K and supplementary N for quality crops.,Apply 100–120 kg/ha: 40% basal + 60% at flowering/fruiting via fertigation.
Tea,Clay,86,19,37,NPK 10-26-26,10-26-26,Phosphorus and potassium are deficient; nitrogen is adequate. NPK 10-26-26 corrects P & K without excess N.,Apply 120–150 kg/ha as basal dose before planting. Ideal for fruiting crops.
Tea,Clay,53,10,24,NPK 17-17-17,17-17-17,"All three nutrients (N, P, K) are below optimal. Balanced 17-17-17 corrects deficiencies uniformly.",Apply 150–200 kg/ha basal + 50–75 kg/ha top-dress at 30 & 60 DAS.
Tea,Clay,30,12,12,NPK 17-17-17,17-17-17,"All three nutrients (N, P, K) are below optimal. Balanced 17-17-17 corrects deficiencies uniformly.",Apply 150–200 kg/ha basal + 50–75 kg/ha top-dress at 30 & 60 DAS.
Tea,Clay,103,15,73,DAP,18-46-0,Phosphorus is severely deficient. DAP delivers high P (46%) essential for root development and energy transfer.,"Apply 80–100 kg/ha as basal dose, 5–10 cm below seed level before planting."
Tea,Clay,48,16,34,NPK 17-17-17,17-17-17,"All three nutrients (N, P, K) are below optimal. Balanced 17-17-17 corrects deficiencies uniformly.",Apply 150–200 kg/ha basal + 50–75 kg/ha top-dress at 30 & 60 DAS.
Tea,Clay,25,32,14,NPK 13-0-45,13-0-45,High potassium demand with adequate phosphorus. NPK 13-0-45 provides premium K and supplementary N for quality crops.,Apply 100–120 kg/ha: 40% basal + 60% at flowering/fruiting via fertigation.
Tea,Clay,142,34,45,NPK 17-17-17,17-17-17,"All three nutrients (N, P, K) are below optimal. Balanced 17-17-17 corrects deficiencies uniformly.",Apply 150–200 kg/ha basal + 50–75 kg/ha top-dress at 30 & 60 DAS.
Tea,Silt,92,26,36,NPK 13-0-45,13-0-45,High potassium demand with adequate phosphorus. NPK 13-0-45 provides premium K and supplementary N for quality crops.,Apply 100–120 kg/ha: 40% basal + 60% at flowering/fruiting via fertigation.
Tea,Silt,105,7,15,NPK 10-26-26,10-26-26,Phosphorus and potassium are deficient; nitrogen is adequate. NPK 10-26-26 corrects P & K without excess N.,Apply 120–150 kg/ha as basal dose before planting. Ideal for fruiting crops.
Tea,Silt,81,23,67,NPK 17-17-17,17-17-17,"All three nutrients (N, P, K) are below optimal. Balanced 17-17-17 corrects deficiencies uniformly.",Apply 150–200 kg/ha basal + 50–75 kg/ha top-dress at 30 & 60 DAS.
Tea,Silt,37,31,25,NPK 13-0-45,13-0-45,High potassium demand with adequate phosphorus. NPK 13-0-45 provides premium K and supplementary N for quality crops.,Apply 100–120 kg/ha: 40% basal + 60% at flowering/fruiting via fertigation.
Tea,Silt,73,15,37,NPK 17-17-17,17-17-17,"All three nutrients (N, P, K) are below optimal. Balanced 17-17-17 corrects deficiencies uniformly.",Apply 150–200 kg/ha basal + 50–75 kg/ha top-dress at 30 & 60 DAS.
Tea,Silt,42,21,62,Urea,46-0-0,Nitrogen is severely deficient. Urea (46% N) rapidly restores soil nitrogen for vegetative growth.,Apply 100–120 kg/ha split: 50% at sowing + 50% at 30 DAS. Incorporate into moist soil.
Tea,Silt,79,21,65,NPK 17-17-17,17-17-17,"All three nutrients (N, P, K) are below optimal. Balanced 17-17-17 corrects deficiencies uniformly.",Apply 150–200 kg/ha basal + 50–75 kg/ha top-dress at 30 & 60 DAS.
Tea,Silt,112,21,28,NPK 13-0-45,13-0-45,High potassium demand with adequate phosphorus. NPK 13-0-45 provides premium K and supplementary N for quality crops.,Apply 100–120 kg/ha: 40% basal + 60% at flowering/fruiting via fertigation.
Tea,Silt,135,24,25,MOP (Muriate of Potash),0-0-60,"Potassium is severely deficient. MOP (60% K) improves drought tolerance, disease resistance, and grain quality.",Apply 60–80 kg/ha: 50% basal at sowing + 50% at flowering. Avoid during dry spells.
Tea,Silt,57,31,14,NPK 13-0-45,13-0-45,High potassium demand with adequate phosphorus. NPK 13-0-45 provides premium K and supplementary N for quality crops.,Apply 100–120 kg/ha: 40% basal + 60% at flowering/fruiting via fertigation.
Tea,Silt,149,10,62,SSP (Single Super Phosphate),0-16-0,Severe phosphorus deficiency. SSP provides P with calcium and sulphur — ideal for legumes and oilseeds.,Apply 200–250 kg/ha as basal dose incorporated into soil before sowing.
Tea,Silt,73,21,67,Ammonium Sulphate,21-0-0,Nitrogen is moderately low. Ammonium Sulphate provides N + sulphur — ideal for alkaline/sulphur-deficient soils.,Apply 100–150 kg/ha in two splits: at planting and 30–40 DAS.
Tea,Silt,76,22,15,NPK 13-0-45,13-0-45,High potassium demand with adequate phosphorus. NPK 13-0-45 provides premium K and supplementary N for quality crops.,Apply 100–120 kg/ha: 40% basal + 60% at flowering/fruiting via fertigation.
Tea,Silt,24,13,54,NPK 20-20-0,20-20-0,Nitrogen and phosphorus are deficient; potassium is adequate. NPK 20-20-0 targets N & P without excess K.,Apply 120–150 kg/ha at sowing. Supplement with 30 kg/ha urea at tillering stage.
Tea,Silt,39,9,37,NPK 17-17-17,17-17-17,"All three nutrients (N, P, K) are below optimal. Balanced 17-17-17 corrects deficiencies uniformly.",Apply 150–200 kg/ha basal + 50–75 kg/ha top-dress at 30 & 60 DAS.
Tea,Silt,105,28,23,MOP (Muriate of Potash),0-0-60,"Potassium is severely deficient. MOP (60% K) improves drought tolerance, disease resistance, and grain quality.",Apply 60–80 kg/ha: 50% basal at sowing + 50% at flowering. Avoid during dry spells.
Tea,Silt,34,35,28,NPK 13-0-45,13-0-45,High potassium demand with adequate phosphorus. NPK 13-0-45 provides premium K and supplementary N for quality crops.,Apply 100–120 kg/ha: 40% basal + 60% at flowering/fruiting via fertigation.
Tea,Silt,131,33,60,NPK 17-17-17,17-17-17,"All three nutrients (N, P, K) are below optimal. Balanced 17-17-17 corrects deficiencies uniformly.",Apply 150–200 kg/ha basal + 50–75 kg/ha top-dress at 30 & 60 DAS.
Tea,Silt,45,31,60,Urea,46-0-0,Nitrogen is severely deficient. Urea (46% N) rapidly restores soil nitrogen for vegetative growth.,Apply 100–120 kg/ha split: 50% at sowing + 50% at 30 DAS. Incorporate into moist soil.
Tea,Silt,99,16,28,NPK 10-26-26,10-26-26,Phosphorus and potassium are deficient; nitrogen is adequate. NPK 10-26-26 corrects P & K without excess N.,Apply 120–150 kg/ha as basal dose before planting. Ideal for fruiting crops.
Tea,Silt,39,22,48,Urea,46-0-0,Nitrogen is severely deficient. Urea (46% N) rapidly restores soil nitrogen for vegetative growth.,Apply 100–120 kg/ha split: 50% at sowing + 50% at 30 DAS. Incorporate into moist soil.
Tea,Silt,69,20,34,NPK 13-0-45,13-0-45,High potassium demand with adequate phosphorus. NPK 13-0-45 provides premium K and supplementary N for quality crops.,Apply 100–120 kg/ha: 40% basal + 60% at flowering/fruiting via fertigation.
Tea,Silt,104,34,22,MOP (Muriate of Potash),0-0-60,"Potassium is severely deficient. MOP (60% K) improves drought tolerance, disease resistance, and grain quality.",Apply 60–80 kg/ha: 50% basal at sowing + 50% at flowering. Avoid during dry spells.
Tea,Silt,72,10,51,NPK 20-20-0,20-20-0,Nitrogen and phosphorus are deficient; potassium is adequate. NPK 20-20-0 targets N & P without excess K.,Apply 120–150 kg/ha at sowing. Supplement with 30 kg/ha urea at tillering stage.
Tea,Silt,115,35,29,NPK 13-0-45,13-0-45,High potassium demand with adequate phosphorus. NPK 13-0-45 provides premium K and supplementary N for quality crops.,Apply 100–120 kg/ha: 40% basal + 60% at flowering/fruiting via fertigation.
Tea,Black,143,7,49,SSP (Single Super Phosphate),0-16-0,Severe phosphorus deficiency. SSP provides P with calcium and sulphur — ideal for legumes and oilseeds.,Apply 200–250 kg/ha as basal dose incorporated into soil before sowing.
Tea,Black,31,34,45,Urea,46-0-0,Nitrogen is severely deficient. Urea (46% N) rapidly restores soil nitrogen for vegetative growth.,Apply 100–120 kg/ha split: 50% at sowing + 50% at 30 DAS. Incorporate into moist soil.
Tea,Black,108,32,21,MOP (Muriate of Potash),0-0-60,"Potassium is severely deficient. MOP (60% K) improves drought tolerance, disease resistance, and grain quality.",Apply 60–80 kg/ha: 50% basal at sowing + 50% at flowering. Avoid during dry spells.
Tea,Black,28,33,31,NPK 13-0-45,13-0-45,High potassium demand with adequate phosphorus. NPK 13-0-45 provides premium K and supplementary N for quality crops.,Apply 100–120 kg/ha: 40% basal + 60% at flowering/fruiting via fertigation.
Tea,Black,40,20,49,Urea,46-0-0,Nitrogen is severely deficient. Urea (46% N) rapidly restores soil nitrogen for vegetative growth.,Apply 100–120 kg/ha split: 50% at sowing + 50% at 30 DAS. Incorporate into moist soil.
Tea,Black,27,14,14,NPK 17-17-17,17-17-17,"All three nutrients (N, P, K) are below optimal. Balanced 17-17-17 corrects deficiencies uniformly.",Apply 150–200 kg/ha basal + 50–75 kg/ha top-dress at 30 & 60 DAS.
Tea,Black,76,34,73,Ammonium Sulphate,21-0-0,Nitrogen is moderately low. Ammonium Sulphate provides N + sulphur — ideal for alkaline/sulphur-deficient soils.,Apply 100–150 kg/ha in two splits: at planting and 30–40 DAS.
Tea,Black,104,11,69,SSP (Single Super Phosphate),0-16-0,Severe phosphorus deficiency. SSP provides P with calcium and sulphur — ideal for legumes and oilseeds.,Apply 200–250 kg/ha as basal dose incorporated into soil before sowing.
Tea,Black,89,10,70,SSP (Single Super Phosphate),0-16-0,Severe phosphorus deficiency. SSP provides P with calcium and sulphur — ideal for legumes and oilseeds.,Apply 200–250 kg/ha as basal dose incorporated into soil before sowing.
Tea,Black,119,29,56,NPK 17-17-17,17-17-17,"All three nutrients (N, P, K) are below optimal. Balanced 17-17-17 corrects deficiencies uniformly.",Apply 150–200 kg/ha basal + 50–75 kg/ha top-dress at 30 & 60 DAS.
Tea,Black,49,12,55,NPK 20-20-0,20-20-0,Nitrogen and phosphorus are deficient; potassium is adequate. NPK 20-20-0 targets N & P without excess K.,Apply 120–150 kg/ha at sowing. Supplement with 30 kg/ha urea at tillering stage.
Tea,Black,51,19,61,NPK 20-20-0,20-20-0,Nitrogen and phosphorus are deficient; potassium is adequate. NPK 20-20-0 targets N & P without excess K.,Apply 120–150 kg/ha at sowing. Supplement with 30 kg/ha urea at tillering stage.
Tea,Black,122,20,61,NPK 17-17-17,17-17-17,"All three nutrients (N, P, K) are below optimal. Balanced 17-17-17 corrects deficiencies uniformly.",Apply 150–200 kg/ha basal + 50–75 kg/ha top-dress at 30 & 60 DAS.
Tea,Black,129,26,26,MOP (Muriate of Potash),0-0-60,"Potassium is severely deficient. MOP (60% K) improves drought tolerance, disease resistance, and grain quality.",Apply 60–80 kg/ha: 50% basal at sowing + 50% at flowering. Avoid during dry spells.
Tea,Black,58,15,19,NPK 17-17-17,17-17-17,"All three nutrients (N, P, K) are below optimal. Balanced 17-17-17 corrects deficiencies uniformly.",Apply 150–200 kg/ha basal + 50–75 kg/ha top-dress at 30 & 60 DAS.
Tea,Black,58,12,40,NPK 20-20-0,20-20-0,Nitrogen and phosphorus are deficient; potassium is adequate. NPK 20-20-0 targets N & P without excess K.,Apply 120–150 kg/ha at sowing. Supplement with 30 kg/ha urea at tillering stage.
Tea,Black,138,9,57,SSP (Single Super Phosphate),0-16-0,Severe phosphorus deficiency. SSP provides P with calcium and sulphur — ideal for legumes and oilseeds.,Apply 200–250 kg/ha as basal dose incorporated into soil before sowing.
Tea,Black,110,9,70,SSP (Single Super Phosphate),0-16-0,Severe phosphorus deficiency. SSP provides P with calcium and sulphur — ideal for legumes and oilseeds.,Apply 200–250 kg/ha as basal dose incorporated into soil before sowing.
Tea,Black,95,17,59,DAP,18-46-0,Phosphorus is severely deficient. DAP delivers high P (46%) essential for root development and energy transfer.,"Apply 80–100 kg/ha as basal dose, 5–10 cm below seed level before planting."
Tea,Black,56,27,14,NPK 13-0-45,13-0-45,High potassium demand with adequate phosphorus. NPK 13-0-45 provides premium K and supplementary N for quality crops.,Apply 100–120 kg/ha: 40% basal + 60% at flowering/fruiting via fertigation.
Tea,Black,129,20,52,NPK 17-17-17,17-17-17,"All three nutrients (N, P, K) are below optimal. Balanced 17-17-17 corrects deficiencies uniformly.",Apply 150–200 kg/ha basal + 50–75 kg/ha top-dress at 30 & 60 DAS.
Tea,Black,51,27,60,Urea,46-0-0,Nitrogen is severely deficient. Urea (46% N) rapidly restores soil nitrogen for vegetative growth.,Apply 100–120 kg/ha split: 50% at sowing + 50% at 30 DAS. Incorporate into moist soil.
Tea,Black,83,25,40,NPK 13-0-45,13-0-45,High potassium demand with adequate phosphorus. NPK 13-0-45 provides premium K and supplementary N for quality crops.,Apply 100–120 kg/ha: 40% basal + 60% at flowering/fruiting via fertigation.
Tea,Black,136,21,65,NPK 17-17-17,17-17-17,"All three nutrients (N, P, K) are below optimal. Balanced 17-17-17 corrects deficiencies uniformly.",Apply 150–200 kg/ha basal + 50–75 kg/ha top-dress at 30 & 60 DAS.
Tea,Black,124,18,26,NPK 10-26-26,10-26-26,Phosphorus and potassium are deficient; nitrogen is adequate. NPK 10-26-26 corrects P & K without excess N.,Apply 120–150 kg/ha as basal dose before planting. Ideal for fruiting crops.
Tea,Red,75,32,26,NPK 13-0-45,13-0-45,High potassium demand with adequate phosphorus. NPK 13-0-45 provides premium K and supplementary N for quality crops.,Apply 100–120 kg/ha: 40% basal + 60% at flowering/fruiting via fertigation.
Tea,Red,90,31,34,NPK 13-0-45,13-0-45,High potassium demand with adequate phosphorus. NPK 13-0-45 provides premium K and supplementary N for quality crops.,Apply 100–120 kg/ha: 40% basal + 60% at flowering/fruiting via fertigation.
Tea,Red,104,13,18,NPK 10-26-26,10-26-26,Phosphorus and potassium are deficient; nitrogen is adequate. NPK 10-26-26 corrects P & K without excess N.,Apply 120–150 kg/ha as basal dose before planting. Ideal for fruiting crops.
Tea,Red,124,9,29,NPK 10-26-26,10-26-26,Phosphorus and potassium are deficient; nitrogen is adequate. NPK 10-26-26 corrects P & K without excess N.,Apply 120–150 kg/ha as basal dose before planting. Ideal for fruiting crops.
Tea,Red,131,16,73,DAP,18-46-0,Phosphorus is severely deficient. DAP delivers high P (46%) essential for root development and energy transfer.,"Apply 80–100 kg/ha as basal dose, 5–10 cm below seed level before planting."
Tea,Red,147,14,14,NPK 10-26-26,10-26-26,Phosphorus and potassium are deficient; nitrogen is adequate. NPK 10-26-26 corrects P & K without excess N.,Apply 120–150 kg/ha as basal dose before planting. Ideal for fruiting crops.
Tea,Red,112,20,18,MOP (Muriate of Potash),0-0-60,"Potassium is severely deficient. MOP (60% K) improves drought tolerance, disease resistance, and grain quality.",Apply 60–80 kg/ha: 50% basal at sowing + 50% at flowering. Avoid during dry spells.
Tea,Red,113,6,66,SSP (Single Super Phosphate),0-16-0,Severe phosphorus deficiency. SSP provides P with calcium and sulphur — ideal for legumes and oilseeds.,Apply 200–250 kg/ha as basal dose incorporated into soil before sowing.
Tea,Red,41,10,23,NPK 17-17-17,17-17-17,"All three nutrients (N, P, K) are below optimal. Balanced 17-17-17 corrects deficiencies uniformly.",Apply 150–200 kg/ha basal + 50–75 kg/ha top-dress at 30 & 60 DAS.
Tea,Red,144,27,62,NPK 17-17-17,17-17-17,"All three nutrients (N, P, K) are below optimal. Balanced 17-17-17 corrects deficiencies uniformly.",Apply 150–200 kg/ha basal + 50–75 kg/ha top-dress at 30 & 60 DAS.
Tea,Red,74,16,26,NPK 17-17-17,17-17-17,"All three nutrients (N, P, K) are below optimal. Balanced 17-17-17 corrects deficiencies uniformly.",Apply 150–200 kg/ha basal + 50–75 kg/ha top-dress at 30 & 60 DAS.
Tea,Red,84,23,51,NPK 17-17-17,17-17-17,"All three nutrients (N, P, K) are below optimal. Balanced 17-17-17 corrects deficiencies uniformly.",Apply 150–200 kg/ha basal + 50–75 kg/ha top-dress at 30 & 60 DAS.
Tea,Red,56,35,22,NPK 13-0-45,13-0-45,High potassium demand with adequate phosphorus. NPK 13-0-45 provides premium K and supplementary N for quality crops.,Apply 100–120 kg/ha: 40% basal + 60% at flowering/fruiting via fertigation.
Tea,Red,145,6,42,SSP (Single Super Phosphate),0-16-0,Severe phosphorus deficiency. SSP provides P with calcium and sulphur — ideal for legumes and oilseeds.,Apply 200–250 kg/ha as basal dose incorporated into soil before sowing.
Tea,Red,66,20,47,Ammonium Sulphate,21-0-0,Nitrogen is moderately low. Ammonium Sulphate provides N + sulphur — ideal for alkaline/sulphur-deficient soils.,Apply 100–150 kg/ha in two splits: at planting and 30–40 DAS.
Tea,Red,78,19,58,DAP,18-46-0,Phosphorus is severely deficient. DAP delivers high P (46%) essential for root development and energy transfer.,"Apply 80–100 kg/ha as basal dose, 5–10 cm below seed level before planting."
Tea,Red,110,32,27,NPK 13-0-45,13-0-45,High potassium demand with adequate phosphorus. NPK 13-0-45 provides premium K and supplementary N for quality crops.,Apply 100–120 kg/ha: 40% basal + 60% at flowering/fruiting via fertigation.
Tea,Red,100,24,35,NPK 13-0-45,13-0-45,High potassium demand with adequate phosphorus. NPK 13-0-45 provides premium K and supplementary N for quality crops.,Apply 100–120 kg/ha: 40% basal + 60% at flowering/fruiting via fertigation.
Tea,Red,85,15,20,NPK 10-26-26,10-26-26,Phosphorus and potassium are deficient; nitrogen is adequate. NPK 10-26-26 corrects P & K without excess N.,Apply 120–150 kg/ha as basal dose before planting. Ideal for fruiting crops.
Tea,Red,50,9,55,NPK 20-20-0,20-20-0,Nitrogen and phosphorus are deficient; potassium is adequate. NPK 20-20-0 targets N & P without excess K.,Apply 120–150 kg/ha at sowing. Supplement with 30 kg/ha urea at tillering stage.
Tea,Red,107,35,57,NPK 17-17-17,17-17-17,"All three nutrients (N, P, K) are below optimal. Balanced 17-17-17 corrects deficiencies uniformly.",Apply 150–200 kg/ha basal + 50–75 kg/ha top-dress at 30 & 60 DAS.
Tea,Red,30,33,66,Urea,46-0-0,Nitrogen is severely deficient. Urea (46% N) rapidly restores soil nitrogen for vegetative growth.,Apply 100–120 kg/ha split: 50% at sowing + 50% at 30 DAS. Incorporate into moist soil.
Tea,Red,79,24,73,Ammonium Sulphate,21-0-0,Nitrogen is moderately low. Ammonium Sulphate provides N + sulphur — ideal for alkaline/sulphur-deficient soils.,Apply 100–150 kg/ha in two splits: at planting and 30–40 DAS.
Tea,Red,91,34,17,MOP (Muriate of Potash),0-0-60,"Potassium is severely deficient. MOP (60% K) improves drought tolerance, disease resistance, and grain quality.",Apply 60–80 kg/ha: 50% basal at sowing + 50% at flowering. Avoid during dry spells.
Tea,Red,48,19,48,NPK 20-20-0,20-20-0,Nitrogen and phosphorus are deficient; potassium is adequate. NPK 20-20-0 targets N & P without excess K.,Apply 120–150 kg/ha at sowing. Supplement with 30 kg/ha urea at tillering stage.
Jute,Sandy,63,37,18,NPK 13-0-45,13-0-45,High potassium demand with adequate phosphorus. NPK 13-0-45 provides premium K and supplementary N for quality crops.,Apply 100–120 kg/ha: 40% basal + 60% at flowering/fruiting via fertigation.
Jute,Sandy,14,31,25,Urea,46-0-0,Nitrogen is severely deficient. Urea (46% N) rapidly restores soil nitrogen for vegetative growth.,Apply 100–120 kg/ha split: 50% at sowing + 50% at 30 DAS. Incorporate into moist soil.
Jute,Sandy,24,21,29,Urea,46-0-0,Nitrogen is severely deficient. Urea (46% N) rapidly restores soil nitrogen for vegetative growth.,Apply 100–120 kg/ha split: 50% at sowing + 50% at 30 DAS. Incorporate into moist soil.
Jute,Sandy,60,21,15,NPK 13-0-45,13-0-45,High potassium demand with adequate phosphorus. NPK 13-0-45 provides premium K and supplementary N for quality crops.,Apply 100–120 kg/ha: 40% basal + 60% at flowering/fruiting via fertigation.
Jute,Sandy,73,26,18,NPK 13-0-45,13-0-45,High potassium demand with adequate phosphorus. NPK 13-0-45 provides premium K and supplementary N for quality crops.,Apply 100–120 kg/ha: 40% basal + 60% at flowering/fruiting via fertigation.
Jute,Sandy,29,29,13,NPK 13-0-45,13-0-45,High potassium demand with adequate phosphorus. NPK 13-0-45 provides premium K and supplementary N for quality crops.,Apply 100–120 kg/ha: 40% basal + 60% at flowering/fruiting via fertigation.
Jute,Sandy,22,22,15,NPK 13-0-45,13-0-45,High potassium demand with adequate phosphorus. NPK 13-0-45 provides premium K and supplementary N for quality crops.,Apply 100–120 kg/ha: 40% basal + 60% at flowering/fruiting via fertigation.
Jute,Sandy,51,9,26,SSP (Single Super Phosphate),0-16-0,Severe phosphorus deficiency. SSP provides P with calcium and sulphur — ideal for legumes and oilseeds.,Apply 200–250 kg/ha as basal dose incorporated into soil before sowing.
Jute,Sandy,29,6,9,NPK 17-17-17,17-17-17,"All three nutrients (N, P, K) are below optimal. Balanced 17-17-17 corrects deficiencies uniformly.",Apply 150–200 kg/ha basal + 50–75 kg/ha top-dress at 30 & 60 DAS.
Jute,Sandy,70,33,13,MOP (Muriate of Potash),0-0-60,"Potassium is severely deficient. MOP (60% K) improves drought tolerance, disease resistance, and grain quality.",Apply 60–80 kg/ha: 50% basal at sowing + 50% at flowering. Avoid during dry spells.
Jute,Sandy,61,25,36,NPK 17-17-17,17-17-17,"All three nutrients (N, P, K) are below optimal. Balanced 17-17-17 corrects deficiencies uniformly.",Apply 150–200 kg/ha basal + 50–75 kg/ha top-dress at 30 & 60 DAS.
Jute,Sandy,35,27,8,NPK 13-0-45,13-0-45,High potassium demand with adequate phosphorus. NPK 13-0-45 provides premium K and supplementary N for quality crops.,Apply 100–120 kg/ha: 40% basal + 60% at flowering/fruiting via fertigation.
Jute,Sandy,36,36,22,Ammonium Sulphate,21-0-0,Nitrogen is moderately low. Ammonium Sulphate provides N + sulphur — ideal for alkaline/sulphur-deficient soils.,Apply 100–150 kg/ha in two splits: at planting and 30–40 DAS.
Jute,Sandy,30,9,28,NPK 20-20-0,20-20-0,Nitrogen and phosphorus are deficient; potassium is adequate. NPK 20-20-0 targets N & P without excess K.,Apply 120–150 kg/ha at sowing. Supplement with 30 kg/ha urea at tillering stage.
Jute,Sandy,52,17,35,DAP,18-46-0,Phosphorus is severely deficient. DAP delivers high P (46%) essential for root development and energy transfer.,"Apply 80–100 kg/ha as basal dose, 5–10 cm below seed level before planting."
Jute,Sandy,13,15,35,NPK 20-20-0,20-20-0,Nitrogen and phosphorus are deficient; potassium is adequate. NPK 20-20-0 targets N & P without excess K.,Apply 120–150 kg/ha at sowing. Supplement with 30 kg/ha urea at tillering stage.
Jute,Sandy,32,13,22,NPK 20-20-0,20-20-0,Nitrogen and phosphorus are deficient; potassium is adequate. NPK 20-20-0 targets N & P without excess K.,Apply 120–150 kg/ha at sowing. Supplement with 30 kg/ha urea at tillering stage.
Jute,Sandy,63,9,35,SSP (Single Super Phosphate),0-16-0,Severe phosphorus deficiency. SSP provides P with calcium and sulphur — ideal for legumes and oilseeds.,Apply 200–250 kg/ha as basal dose incorporated into soil before sowing.
Jute,Sandy,62,11,28,SSP (Single Super Phosphate),0-16-0,Severe phosphorus deficiency. SSP provides P with calcium and sulphur — ideal for legumes and oilseeds.,Apply 200–250 kg/ha as basal dose incorporated into soil before sowing.
Jute,Sandy,36,18,30,NPK 20-20-0,20-20-0,Nitrogen and phosphorus are deficient; potassium is adequate. NPK 20-20-0 targets N & P without excess K.,Apply 120–150 kg/ha at sowing. Supplement with 30 kg/ha urea at tillering stage.
Jute,Sandy,72,9,19,NPK 10-26-26,10-26-26,Phosphorus and potassium are deficient; nitrogen is adequate. NPK 10-26-26 corrects P & K without excess N.,Apply 120–150 kg/ha as basal dose before planting. Ideal for fruiting crops.
Jute,Sandy,42,17,17,NPK 10-26-26,10-26-26,Phosphorus and potassium are deficient; nitrogen is adequate. NPK 10-26-26 corrects P & K without excess N.,Apply 120–150 kg/ha as basal dose before planting. Ideal for fruiting crops.
Jute,Sandy,15,27,19,NPK 13-0-45,13-0-45,High potassium demand with adequate phosphorus. NPK 13-0-45 provides premium K and supplementary N for quality crops.,Apply 100–120 kg/ha: 40% basal + 60% at flowering/fruiting via fertigation.
Jute,Sandy,24,31,31,Urea,46-0-0,Nitrogen is severely deficient. Urea (46% N) rapidly restores soil nitrogen for vegetative growth.,Apply 100–120 kg/ha split: 50% at sowing + 50% at 30 DAS. Incorporate into moist soil.
Jute,Sandy,42,15,26,DAP,18-46-0,Phosphorus is severely deficient. DAP delivers high P (46%) essential for root development and energy transfer.,"Apply 80–100 kg/ha as basal dose, 5–10 cm below seed level before planting."
Jute,Loamy,30,13,29,NPK 20-20-0,20-20-0,Nitrogen and phosphorus are deficient; potassium is adequate. NPK 20-20-0 targets N & P without excess K.,Apply 120–150 kg/ha at sowing. Supplement with 30 kg/ha urea at tillering stage.
Jute,Loamy,14,8,6,NPK 17-17-17,17-17-17,"All three nutrients (N, P, K) are below optimal. Balanced 17-17-17 corrects deficiencies uniformly.",Apply 150–200 kg/ha basal + 50–75 kg/ha top-dress at 30 & 60 DAS.
Jute,Loamy,21,8,37,NPK 20-20-0,20-20-0,Nitrogen and phosphorus are deficient; potassium is adequate. NPK 20-20-0 targets N & P without excess K.,Apply 120–150 kg/ha at sowing. Supplement with 30 kg/ha urea at tillering stage.
Jute,Loamy,30,10,13,NPK 17-17-17,17-17-17,"All three nutrients (N, P, K) are below optimal. Balanced 17-17-17 corrects deficiencies uniformly.",Apply 150–200 kg/ha basal + 50–75 kg/ha top-dress at 30 & 60 DAS.
Jute,Loamy,70,22,17,NPK 13-0-45,13-0-45,High potassium demand with adequate phosphorus. NPK 13-0-45 provides premium K and supplementary N for quality crops.,Apply 100–120 kg/ha: 40% basal + 60% at flowering/fruiting via fertigation.
Jute,Loamy,67,18,16,NPK 10-26-26,10-26-26,Phosphorus and potassium are deficient; nitrogen is adequate. NPK 10-26-26 corrects P & K without excess N.,Apply 120–150 kg/ha as basal dose before planting. Ideal for fruiting crops.
Jute,Loamy,25,17,15,NPK 17-17-17,17-17-17,"All three nutrients (N, P, K) are below optimal. Balanced 17-17-17 corrects deficiencies uniformly.",Apply 150–200 kg/ha basal + 50–75 kg/ha top-dress at 30 & 60 DAS.
Jute,Loamy,54,15,24,DAP,18-46-0,Phosphorus is severely deficient. DAP delivers high P (46%) essential for root development and energy transfer.,"Apply 80–100 kg/ha as basal dose, 5–10 cm below seed level before planting."
Jute,Loamy,16,12,18,NPK 17-17-17,17-17-17,"All three nutrients (N, P, K) are below optimal. Balanced 17-17-17 corrects deficiencies uniformly.",Apply 150–200 kg/ha basal + 50–75 kg/ha top-dress at 30 & 60 DAS.
Jute,Loamy,71,17,26,DAP,18-46-0,Phosphorus is severely deficient. DAP delivers high P (46%) essential for root development and energy transfer.,"Apply 80–100 kg/ha as basal dose, 5–10 cm below seed level before planting."
Jute,Loamy,28,10,7,NPK 17-17-17,17-17-17,"All three nutrients (N, P, K) are below optimal. Balanced 17-17-17 corrects deficiencies uniformly.",Apply 150–200 kg/ha basal + 50–75 kg/ha top-dress at 30 & 60 DAS.
Jute,Loamy,31,10,11,NPK 17-17-17,17-17-17,"All three nutrients (N, P, K) are below optimal. Balanced 17-17-17 corrects deficiencies uniformly.",Apply 150–200 kg/ha basal + 50–75 kg/ha top-dress at 30 & 60 DAS.
Jute,Loamy,59,6,23,SSP (Single Super Phosphate),0-16-0,Severe phosphorus deficiency. SSP provides P with calcium and sulphur — ideal for legumes and oilseeds.,Apply 200–250 kg/ha as basal dose incorporated into soil before sowing.
Jute,Loamy,35,21,23,Ammonium Sulphate,21-0-0,Nitrogen is moderately low. Ammonium Sulphate provides N + sulphur — ideal for alkaline/sulphur-deficient soils.,Apply 100–150 kg/ha in two splits: at planting and 30–40 DAS.
Jute,Loamy,31,15,29,NPK 20-20-0,20-20-0,Nitrogen and phosphorus are deficient; potassium is adequate. NPK 20-20-0 targets N & P without excess K.,Apply 120–150 kg/ha at sowing. Supplement with 30 kg/ha urea at tillering stage.
Jute,Loamy,66,12,9,NPK 10-26-26,10-26-26,Phosphorus and potassium are deficient; nitrogen is adequate. NPK 10-26-26 corrects P & K without excess N.,Apply 120–150 kg/ha as basal dose before planting. Ideal for fruiting crops.
Jute,Loamy,68,17,23,DAP,18-46-0,Phosphorus is severely deficient. DAP delivers high P (46%) essential for root development and energy transfer.,"Apply 80–100 kg/ha as basal dose, 5–10 cm below seed level before planting."
Jute,Loamy,34,9,24,NPK 20-20-0,20-20-0,Nitrogen and phosphorus are deficient; potassium is adequate. NPK 20-20-0 targets N & P without excess K.,Apply 120–150 kg/ha at sowing. Supplement with 30 kg/ha urea at tillering stage.
Jute,Loamy,45,12,20,SSP (Single Super Phosphate),0-16-0,Severe phosphorus deficiency. SSP provides P with calcium and sulphur — ideal for legumes and oilseeds.,Apply 200–250 kg/ha as basal dose incorporated into soil before sowing.
Jute,Loamy,62,24,9,MOP (Muriate of Potash),0-0-60,"Potassium is severely deficient. MOP (60% K) improves drought tolerance, disease resistance, and grain quality.",Apply 60–80 kg/ha: 50% basal at sowing + 50% at flowering. Avoid during dry spells.
Jute,Loamy,46,28,30,Ammonium Sulphate,21-0-0,Nitrogen is moderately low. Ammonium Sulphate provides N + sulphur — ideal for alkaline/sulphur-deficient soils.,Apply 100–150 kg/ha in two splits: at planting and 30–40 DAS.
Jute,Loamy,51,10,28,SSP (Single Super Phosphate),0-16-0,Severe phosphorus deficiency. SSP provides P with calcium and sulphur — ideal for legumes and oilseeds.,Apply 200–250 kg/ha as basal dose incorporated into soil before sowing.
Jute,Loamy,54,6,18,NPK 10-26-26,10-26-26,Phosphorus and potassium are deficient; nitrogen is adequate. NPK 10-26-26 corrects P & K without excess N.,Apply 120–150 kg/ha as basal dose before planting. Ideal for fruiting crops.
Jute,Loamy,32,27,12,NPK 13-0-45,13-0-45,High potassium demand with adequate phosphorus. NPK 13-0-45 provides premium K and supplementary N for quality crops.,Apply 100–120 kg/ha: 40% basal + 60% at flowering/fruiting via fertigation.
Jute,Loamy,49,34,31,NPK 17-17-17,17-17-17,"All three nutrients (N, P, K) are below optimal. Balanced 17-17-17 corrects deficiencies uniformly.",Apply 150–200 kg/ha basal + 50–75 kg/ha top-dress at 30 & 60 DAS.
Jute,Clay,70,36,6,MOP (Muriate of Potash),0-0-60,"Potassium is severely deficient. MOP (60% K) improves drought tolerance, disease resistance, and grain quality.",Apply 60–80 kg/ha: 50% basal at sowing + 50% at flowering. Avoid during dry spells.
Jute,Clay,51,19,33,DAP,18-46-0,Phosphorus is severely deficient. DAP delivers high P (46%) essential for root development and energy transfer.,"Apply 80–100 kg/ha as basal dose, 5–10 cm below seed level before planting."
Jute,Clay,27,36,25,Urea,46-0-0,Nitrogen is severely deficient. Urea (46% N) rapidly restores soil nitrogen for vegetative growth.,Apply 100–120 kg/ha split: 50% at sowing + 50% at 30 DAS. Incorporate into moist soil.
Jute,Clay,61,8,11,NPK 10-26-26,10-26-26,Phosphorus and potassium are deficient; nitrogen is adequate. NPK 10-26-26 corrects P & K without excess N.,Apply 120–150 kg/ha as basal dose before planting. Ideal for fruiting crops.
Jute,Clay,59,6,31,SSP (Single Super Phosphate),0-16-0,Severe phosphorus deficiency. SSP provides P with calcium and sulphur — ideal for legumes and oilseeds.,Apply 200–250 kg/ha as basal dose incorporated into soil before sowing.
Jute,Clay,12,26,17,NPK 13-0-45,13-0-45,High potassium demand with adequate phosphorus. NPK 13-0-45 provides premium K and supplementary N for quality crops.,Apply 100–120 kg/ha: 40% basal + 60% at flowering/fruiting via fertigation.
Jute,Clay,50,27,16,NPK 13-0-45,13-0-45,High potassium demand with adequate phosphorus. NPK 13-0-45 provides premium K and supplementary N for quality crops.,Apply 100–120 kg/ha: 40% basal + 60% at flowering/fruiting via fertigation.
Jute,Clay,18,8,24,NPK 20-20-0,20-20-0,Nitrogen and phosphorus are deficient; potassium is adequate. NPK 20-20-0 targets N & P without excess K.,Apply 120–150 kg/ha at sowing. Supplement with 30 kg/ha urea at tillering stage.
Jute,Clay,44,29,22,NPK 13-0-45,13-0-45,High potassium demand with adequate phosphorus. NPK 13-0-45 provides premium K and supplementary N for quality crops.,Apply 100–120 kg/ha: 40% basal + 60% at flowering/fruiting via fertigation.
Jute,Clay,38,18,6,NPK 17-17-17,17-17-17,"All three nutrients (N, P, K) are below optimal. Balanced 17-17-17 corrects deficiencies uniformly.",Apply 150–200 kg/ha basal + 50–75 kg/ha top-dress at 30 & 60 DAS.
Jute,Clay,33,36,33,Ammonium Sulphate,21-0-0,Nitrogen is moderately low. Ammonium Sulphate provides N + sulphur — ideal for alkaline/sulphur-deficient soils.,Apply 100–150 kg/ha in two splits: at planting and 30–40 DAS.
Jute,Clay,32,24,32,Ammonium Sulphate,21-0-0,Nitrogen is moderately low. Ammonium Sulphate provides N + sulphur — ideal for alkaline/sulphur-deficient soils.,Apply 100–150 kg/ha in two splits: at planting and 30–40 DAS.
Jute,Clay,39,6,8,NPK 10-26-26,10-26-26,Phosphorus and potassium are deficient; nitrogen is adequate. NPK 10-26-26 corrects P & K without excess N.,Apply 120–150 kg/ha as basal dose before planting. Ideal for fruiting crops.
Jute,Clay,44,36,27,Ammonium Sulphate,21-0-0,Nitrogen is moderately low. Ammonium Sulphate provides N + sulphur — ideal for alkaline/sulphur-deficient soils.,Apply 100–150 kg/ha in two splits: at planting and 30–40 DAS.
Jute,Clay,16,11,30,NPK 20-20-0,20-20-0,Nitrogen and phosphorus are deficient; potassium is adequate. NPK 20-20-0 targets N & P without excess K.,Apply 120–150 kg/ha at sowing. Supplement with 30 kg/ha urea at tillering stage.
Jute,Clay,65,25,26,NPK 17-17-17,17-17-17,"All three nutrients (N, P, K) are below optimal. Balanced 17-17-17 corrects deficiencies uniformly.",Apply 150–200 kg/ha basal + 50–75 kg/ha top-dress at 30 & 60 DAS.
Jute,Clay,13,32,30,Urea,46-0-0,Nitrogen is severely deficient. Urea (46% N) rapidly restores soil nitrogen for vegetative growth.,Apply 100–120 kg/ha split: 50% at sowing + 50% at 30 DAS. Incorporate into moist soil.
Jute,Clay,28,28,12,NPK 13-0-45,13-0-45,High potassium demand with adequate phosphorus. NPK 13-0-45 provides premium K and supplementary N for quality crops.,Apply 100–120 kg/ha: 40% basal + 60% at flowering/fruiting via fertigation.
Jute,Clay,14,12,11,NPK 17-17-17,17-17-17,"All three nutrients (N, P, K) are below optimal. Balanced 17-17-17 corrects deficiencies uniformly.",Apply 150–200 kg/ha basal + 50–75 kg/ha top-dress at 30 & 60 DAS.
Jute,Clay,33,19,22,NPK 20-20-0,20-20-0,Nitrogen and phosphorus are deficient; potassium is adequate. NPK 20-20-0 targets N & P without excess K.,Apply 120–150 kg/ha at sowing. Supplement with 30 kg/ha urea at tillering stage.
Jute,Clay,42,14,6,NPK 10-26-26,10-26-26,Phosphorus and potassium are deficient; nitrogen is adequate. NPK 10-26-26 corrects P & K without excess N.,Apply 120–150 kg/ha as basal dose before planting. Ideal for fruiting crops.
Jute,Clay,50,18,15,NPK 10-26-26,10-26-26,Phosphorus and potassium are deficient; nitrogen is adequate. NPK 10-26-26 corrects P & K without excess N.,Apply 120–150 kg/ha as basal dose before planting. Ideal for fruiting crops.
Jute,Clay,66,29,33,NPK 17-17-17,17-17-17,"All three nutrients (N, P, K) are below optimal. Balanced 17-17-17 corrects deficiencies uniformly.",Apply 150–200 kg/ha basal + 50–75 kg/ha top-dress at 30 & 60 DAS.
Jute,Clay,43,10,27,SSP (Single Super Phosphate),0-16-0,Severe phosphorus deficiency. SSP provides P with calcium and sulphur — ideal for legumes and oilseeds.,Apply 200–250 kg/ha as basal dose incorporated into soil before sowing.
Jute,Clay,24,19,8,NPK 17-17-17,17-17-17,"All three nutrients (N, P, K) are below optimal. Balanced 17-17-17 corrects deficiencies uniformly.",Apply 150–200 kg/ha basal + 50–75 kg/ha top-dress at 30 & 60 DAS.
Jute,Silt,63,9,34,SSP (Single Super Phosphate),0-16-0,Severe phosphorus deficiency. SSP provides P with calcium and sulphur — ideal for legumes and oilseeds.,Apply 200–250 kg/ha as basal dose incorporated into soil before sowing.
Jute,Silt,66,20,29,NPK 17-17-17,17-17-17,"All three nutrients (N, P, K) are below optimal. Balanced 17-17-17 corrects deficiencies uniformly.",Apply 150–200 kg/ha basal + 50–75 kg/ha top-dress at 30 & 60 DAS.
Jute,Silt,51,31,19,NPK 13-0-45,13-0-45,High potassium demand with adequate phosphorus. NPK 13-0-45 provides premium K and supplementary N for quality crops.,Apply 100–120 kg/ha: 40% basal + 60% at flowering/fruiting via fertigation.
Jute,Silt,61,20,35,NPK 17-17-17,17-17-17,"All three nutrients (N, P, K) are below optimal. Balanced 17-17-17 corrects deficiencies uniformly.",Apply 150–200 kg/ha basal + 50–75 kg/ha top-dress at 30 & 60 DAS.
Jute,Silt,42,20,30,NPK 17-17-17,17-17-17,"All three nutrients (N, P, K) are below optimal. Balanced 17-17-17 corrects deficiencies uniformly.",Apply 150–200 kg/ha basal + 50–75 kg/ha top-dress at 30 & 60 DAS.
Jute,Silt,63,23,11,MOP (Muriate of Potash),0-0-60,"Potassium is severely deficient. MOP (60% K) improves drought tolerance, disease resistance, and grain quality.",Apply 60–80 kg/ha: 50% basal at sowing + 50% at flowering. Avoid during dry spells.
Jute,Silt,41,36,29,Ammonium Sulphate,21-0-0,Nitrogen is moderately low. Ammonium Sulphate provides N + sulphur — ideal for alkaline/sulphur-deficient soils.,Apply 100–150 kg/ha in two splits: at planting and 30–40 DAS.
Jute,Silt,63,7,20,SSP (Single Super Phosphate),0-16-0,Severe phosphorus deficiency. SSP provides P with calcium and sulphur — ideal for legumes and oilseeds.,Apply 200–250 kg/ha as basal dose incorporated into soil before sowing.
Jute,Silt,52,32,7,MOP (Muriate of Potash),0-0-60,"Potassium is severely deficient. MOP (60% K) improves drought tolerance, disease resistance, and grain quality.",Apply 60–80 kg/ha: 50% basal at sowing + 50% at flowering. Avoid during dry spells.
Jute,Silt,65,23,12,MOP (Muriate of Potash),0-0-60,"Potassium is severely deficient. MOP (60% K) improves drought tolerance, disease resistance, and grain quality.",Apply 60–80 kg/ha: 50% basal at sowing + 50% at flowering. Avoid during dry spells.
Jute,Silt,31,14,22,NPK 20-20-0,20-20-0,Nitrogen and phosphorus are deficient; potassium is adequate. NPK 20-20-0 targets N & P without excess K.,Apply 120–150 kg/ha at sowing. Supplement with 30 kg/ha urea at tillering stage.
Jute,Silt,15,10,31,NPK 20-20-0,20-20-0,Nitrogen and phosphorus are deficient; potassium is adequate. NPK 20-20-0 targets N & P without excess K.,Apply 120–150 kg/ha at sowing. Supplement with 30 kg/ha urea at tillering stage.
Jute,Silt,20,13,20,NPK 20-20-0,20-20-0,Nitrogen and phosphorus are deficient; potassium is adequate. NPK 20-20-0 targets N & P without excess K.,Apply 120–150 kg/ha at sowing. Supplement with 30 kg/ha urea at tillering stage.
Jute,Silt,44,30,20,NPK 13-0-45,13-0-45,High potassium demand with adequate phosphorus. NPK 13-0-45 provides premium K and supplementary N for quality crops.,Apply 100–120 kg/ha: 40% basal + 60% at flowering/fruiting via fertigation.
Jute,Silt,61,25,9,MOP (Muriate of Potash),0-0-60,"Potassium is severely deficient. MOP (60% K) improves drought tolerance, disease resistance, and grain quality.",Apply 60–80 kg/ha: 50% basal at sowing + 50% at flowering. Avoid during dry spells.
Jute,Silt,21,19,18,NPK 17-17-17,17-17-17,"All three nutrients (N, P, K) are below optimal. Balanced 17-17-17 corrects deficiencies uniformly.",Apply 150–200 kg/ha basal + 50–75 kg/ha top-dress at 30 & 60 DAS.
Jute,Silt,58,24,18,NPK 13-0-45,13-0-45,High potassium demand with adequate phosphorus. NPK 13-0-45 provides premium K and supplementary N for quality crops.,Apply 100–120 kg/ha: 40% basal + 60% at flowering/fruiting via fertigation.
Jute,Silt,22,13,24,NPK 20-20-0,20-20-0,Nitrogen and phosphorus are deficient; potassium is adequate. NPK 20-20-0 targets N & P without excess K.,Apply 120–150 kg/ha at sowing. Supplement with 30 kg/ha urea at tillering stage.
Jute,Silt,38,22,11,NPK 13-0-45,13-0-45,High potassium demand with adequate phosphorus. NPK 13-0-45 provides premium K and supplementary N for quality crops.,Apply 100–120 kg/ha: 40% basal + 60% at flowering/fruiting via fertigation.
Jute,Silt,53,32,14,NPK 13-0-45,13-0-45,High potassium demand with adequate phosphorus. NPK 13-0-45 provides premium K and supplementary N for quality crops.,Apply 100–120 kg/ha: 40% basal + 60% at flowering/fruiting via fertigation.
Jute,Silt,42,36,16,NPK 13-0-45,13-0-45,High potassium demand with adequate phosphorus. NPK 13-0-45 provides premium K and supplementary N for quality crops.,Apply 100–120 kg/ha: 40% basal + 60% at flowering/fruiting via fertigation.
Jute,Silt,49,8,25,SSP (Single Super Phosphate),0-16-0,Severe phosphorus deficiency. SSP provides P with calcium and sulphur — ideal for legumes and oilseeds.,Apply 200–250 kg/ha as basal dose incorporated into soil before sowing.
Jute,Silt,17,36,28,Urea,46-0-0,Nitrogen is severely deficient. Urea (46% N) rapidly restores soil nitrogen for vegetative growth.,Apply 100–120 kg/ha split: 50% at sowing + 50% at 30 DAS. Incorporate into moist soil.
Jute,Silt,61,28,24,NPK 17-17-17,17-17-17,"All three nutrients (N, P, K) are below optimal. Balanced 17-17-17 corrects deficiencies uniformly.",Apply 150–200 kg/ha basal + 50–75 kg/ha top-dress at 30 & 60 DAS.
Jute,Silt,40,33,36,Ammonium Sulphate,21-0-0,Nitrogen is moderately low. Ammonium Sulphate provides N + sulphur — ideal for alkaline/sulphur-deficient soils.,Apply 100–150 kg/ha in two splits: at planting and 30–40 DAS.
Jute,Black,43,35,24,Ammonium Sulphate,21-0-0,Nitrogen is moderately low. Ammonium Sulphate provides N + sulphur — ideal for alkaline/sulphur-deficient soils.,Apply 100–150 kg/ha in two splits: at planting and 30–40 DAS.
Jute,Black,45,20,12,MOP (Muriate of Potash),0-0-60,"Potassium is severely deficient. MOP (60% K) improves drought tolerance, disease resistance, and grain quality.",Apply 60–80 kg/ha: 50% basal at sowing + 50% at flowering. Avoid during dry spells.
Jute,Black,12,13,22,NPK 20-20-0,20-20-0,Nitrogen and phosphorus are deficient; potassium is adequate. NPK 20-20-0 targets N & P without excess K.,Apply 120–150 kg/ha at sowing. Supplement with 30 kg/ha urea at tillering stage.
Jute,Black,35,20,36,Ammonium Sulphate,21-0-0,Nitrogen is moderately low. Ammonium Sulphate provides N + sulphur — ideal for alkaline/sulphur-deficient soils.,Apply 100–150 kg/ha in two splits: at planting and 30–40 DAS.
Jute,Black,34,20,10,NPK 13-0-45,13-0-45,High potassium demand with adequate phosphorus. NPK 13-0-45 provides premium K and supplementary N for quality crops.,Apply 100–120 kg/ha: 40% basal + 60% at flowering/fruiting via fertigation.
Jute,Black,15,30,23,Urea,46-0-0,Nitrogen is severely deficient. Urea (46% N) rapidly restores soil nitrogen for vegetative growth.,Apply 100–120 kg/ha split: 50% at sowing + 50% at 30 DAS. Incorporate into moist soil.
Jute,Black,59,10,24,SSP (Single Super Phosphate),0-16-0,Severe phosphorus deficiency. SSP provides P with calcium and sulphur — ideal for legumes and oilseeds.,Apply 200–250 kg/ha as basal dose incorporated into soil before sowing.
Jute,Black,27,13,6,NPK 17-17-17,17-17-17,"All three nutrients (N, P, K) are below optimal. Balanced 17-17-17 corrects deficiencies uniformly.",Apply 150–200 kg/ha basal + 50–75 kg/ha top-dress at 30 & 60 DAS.
Jute,Black,20,15,9,NPK 17-17-17,17-17-17,"All three nutrients (N, P, K) are below optimal. Balanced 17-17-17 corrects deficiencies uniformly.",Apply 150–200 kg/ha basal + 50–75 kg/ha top-dress at 30 & 60 DAS.
Jute,Black,74,15,10,NPK 10-26-26,10-26-26,Phosphorus and potassium are deficient; nitrogen is adequate. NPK 10-26-26 corrects P & K without excess N.,Apply 120–150 kg/ha as basal dose before planting. Ideal for fruiting crops.
Jute,Black,24,24,8,NPK 13-0-45,13-0-45,High potassium demand with adequate phosphorus. NPK 13-0-45 provides premium K and supplementary N for quality crops.,Apply 100–120 kg/ha: 40% basal + 60% at flowering/fruiting via fertigation.
Jute,Black,66,36,13,MOP (Muriate of Potash),0-0-60,"Potassium is severely deficient. MOP (60% K) improves drought tolerance, disease resistance, and grain quality.",Apply 60–80 kg/ha: 50% basal at sowing + 50% at flowering. Avoid during dry spells.
Jute,Black,40,6,26,SSP (Single Super Phosphate),0-16-0,Severe phosphorus deficiency. SSP provides P with calcium and sulphur — ideal for legumes and oilseeds.,Apply 200–250 kg/ha as basal dose incorporated into soil before sowing.
Jute,Black,38,14,12,NPK 17-17-17,17-17-17,"All three nutrients (N, P, K) are below optimal. Balanced 17-17-17 corrects deficiencies uniformly.",Apply 150–200 kg/ha basal + 50–75 kg/ha top-dress at 30 & 60 DAS.
Jute,Black,53,19,11,NPK 10-26-26,10-26-26,Phosphorus and potassium are deficient; nitrogen is adequate. NPK 10-26-26 corrects P & K without excess N.,Apply 120–150 kg/ha as basal dose before planting. Ideal for fruiting crops.
Jute,Black,55,23,33,NPK 17-17-17,17-17-17,"All three nutrients (N, P, K) are below optimal. Balanced 17-17-17 corrects deficiencies uniformly.",Apply 150–200 kg/ha basal + 50–75 kg/ha top-dress at 30 & 60 DAS.
Jute,Black,19,30,27,Urea,46-0-0,Nitrogen is severely deficient. Urea (46% N) rapidly restores soil nitrogen for vegetative growth.,Apply 100–120 kg/ha split: 50% at sowing + 50% at 30 DAS. Incorporate into moist soil.
Jute,Black,19,27,19,NPK 13-0-45,13-0-45,High potassium demand with adequate phosphorus. NPK 13-0-45 provides premium K and supplementary N for quality crops.,Apply 100–120 kg/ha: 40% basal + 60% at flowering/fruiting via fertigation.
Jute,Black,71,10,26,SSP (Single Super Phosphate),0-16-0,Severe phosphorus deficiency. SSP provides P with calcium and sulphur — ideal for legumes and oilseeds.,Apply 200–250 kg/ha as basal dose incorporated into soil before sowing.
Jute,Black,36,36,16,NPK 13-0-45,13-0-45,High potassium demand with adequate phosphorus. NPK 13-0-45 provides premium K and supplementary N for quality crops.,Apply 100–120 kg/ha: 40% basal + 60% at flowering/fruiting via fertigation.
Jute,Black,72,34,14,NPK 13-0-45,13-0-45,High potassium demand with adequate phosphorus. NPK 13-0-45 provides premium K and supplementary N for quality crops.,Apply 100–120 kg/ha: 40% basal + 60% at flowering/fruiting via fertigation.
Jute,Black,62,37,13,MOP (Muriate of Potash),0-0-60,"Potassium is severely deficient. MOP (60% K) improves drought tolerance, disease resistance, and grain quality.",Apply 60–80 kg/ha: 50% basal at sowing + 50% at flowering. Avoid during dry spells.
Jute,Black,39,22,15,NPK 13-0-45,13-0-45,High potassium demand with adequate phosphorus. NPK 13-0-45 provides premium K and supplementary N for quality crops.,Apply 100–120 kg/ha: 40% basal + 60% at flowering/fruiting via fertigation.
Jute,Black,12,12,14,NPK 17-17-17,17-17-17,"All three nutrients (N, P, K) are below optimal. Balanced 17-17-17 corrects deficiencies uniformly.",Apply 150–200 kg/ha basal + 50–75 kg/ha top-dress at 30 & 60 DAS.
Jute,Black,39,11,33,SSP (Single Super Phosphate),0-16-0,Severe phosphorus deficiency. SSP provides P with calcium and sulphur — ideal for legumes and oilseeds.,Apply 200–250 kg/ha as basal dose incorporated into soil before sowing.
Jute,Red,56,8,26,SSP (Single Super Phosphate),0-16-0,Severe phosphorus deficiency. SSP provides P with calcium and sulphur — ideal for legumes and oilseeds.,Apply 200–250 kg/ha as basal dose incorporated into soil before sowing.
Jute,Red,53,36,6,MOP (Muriate of Potash),0-0-60,"Potassium is severely deficient. MOP (60% K) improves drought tolerance, disease resistance, and grain quality.",Apply 60–80 kg/ha: 50% basal at sowing + 50% at flowering. Avoid during dry spells.
Jute,Red,27,35,35,Urea,46-0-0,Nitrogen is severely deficient. Urea (46% N) rapidly restores soil nitrogen for vegetative growth.,Apply 100–120 kg/ha split: 50% at sowing + 50% at 30 DAS. Incorporate into moist soil.
Jute,Red,57,30,8,MOP (Muriate of Potash),0-0-60,"Potassium is severely deficient. MOP (60% K) improves drought tolerance, disease resistance, and grain quality.",Apply 60–80 kg/ha: 50% basal at sowing + 50% at flowering. Avoid during dry spells.
Jute,Red,44,13,11,NPK 10-26-26,10-26-26,Phosphorus and potassium are deficient; nitrogen is adequate. NPK 10-26-26 corrects P & K without excess N.,Apply 120–150 kg/ha as basal dose before planting. Ideal for fruiting crops.
Jute,Red,63,10,20,SSP (Single Super Phosphate),0-16-0,Severe phosphorus deficiency. SSP provides P with calcium and sulphur — ideal for legumes and oilseeds.,Apply 200–250 kg/ha as basal dose incorporated into soil before sowing.
Jute,Red,71,11,36,SSP (Single Super Phosphate),0-16-0,Severe phosphorus deficiency. SSP provides P with calcium and sulphur — ideal for legumes and oilseeds.,Apply 200–250 kg/ha as basal dose incorporated into soil before sowing.
Jute,Red,74,23,11,MOP (Muriate of Potash),0-0-60,"Potassium is severely deficient. MOP (60% K) improves drought tolerance, disease resistance, and grain quality.",Apply 60–80 kg/ha: 50% basal at sowing + 50% at flowering. Avoid during dry spells.
Jute,Red,31,19,15,NPK 17-17-17,17-17-17,"All three nutrients (N, P, K) are below optimal. Balanced 17-17-17 corrects deficiencies uniformly.",Apply 150–200 kg/ha basal + 50–75 kg/ha top-dress at 30 & 60 DAS.
Jute,Red,29,36,10,NPK 13-0-45,13-0-45,High potassium demand with adequate phosphorus. NPK 13-0-45 provides premium K and supplementary N for quality crops.,Apply 100–120 kg/ha: 40% basal + 60% at flowering/fruiting via fertigation.
Jute,Red,58,6,24,SSP (Single Super Phosphate),0-16-0,Severe phosphorus deficiency. SSP provides P with calcium and sulphur — ideal for legumes and oilseeds.,Apply 200–250 kg/ha as basal dose incorporated into soil before sowing.
Jute,Red,69,15,11,NPK 10-26-26,10-26-26,Phosphorus and potassium are deficient; nitrogen is adequate. NPK 10-26-26 corrects P & K without excess N.,Apply 120–150 kg/ha as basal dose before planting. Ideal for fruiting crops.
Jute,Red,53,28,27,NPK 17-17-17,17-17-17,"All three nutrients (N, P, K) are below optimal. Balanced 17-17-17 corrects deficiencies uniformly.",Apply 150–200 kg/ha basal + 50–75 kg/ha top-dress at 30 & 60 DAS.
Jute,Red,32,13,36,NPK 20-20-0,20-20-0,Nitrogen and phosphorus are deficient; potassium is adequate. NPK 20-20-0 targets N & P without excess K.,Apply 120–150 kg/ha at sowing. Supplement with 30 kg/ha urea at tillering stage.
Jute,Red,70,20,32,NPK 17-17-17,17-17-17,"All three nutrients (N, P, K) are below optimal. Balanced 17-17-17 corrects deficiencies uniformly.",Apply 150–200 kg/ha basal + 50–75 kg/ha top-dress at 30 & 60 DAS.
Jute,Red,40,19,10,NPK 10-26-26,10-26-26,Phosphorus and potassium are deficient; nitrogen is adequate. NPK 10-26-26 corrects P & K without excess N.,Apply 120–150 kg/ha as basal dose before planting. Ideal for fruiting crops.
Jute,Red,38,22,6,NPK 13-0-45,13-0-45,High potassium demand with adequate phosphorus. NPK 13-0-45 provides premium K and supplementary N for quality crops.,Apply 100–120 kg/ha: 40% basal + 60% at flowering/fruiting via fertigation.
Jute,Red,39,30,27,Ammonium Sulphate,21-0-0,Nitrogen is moderately low. Ammonium Sulphate provides N + sulphur — ideal for alkaline/sulphur-deficient soils.,Apply 100–150 kg/ha in two splits: at planting and 30–40 DAS.
Jute,Red,52,34,6,MOP (Muriate of Potash),0-0-60,"Potassium is severely deficient. MOP (60% K) improves drought tolerance, disease resistance, and grain quality.",Apply 60–80 kg/ha: 50% basal at sowing + 50% at flowering. Avoid during dry spells.
Jute,Red,47,30,23,NPK 13-0-45,13-0-45,High potassium demand with adequate phosphorus. NPK 13-0-45 provides premium K and supplementary N for quality crops.,Apply 100–120 kg/ha: 40% basal + 60% at flowering/fruiting via fertigation.
Jute,Red,32,10,33,NPK 20-20-0,20-20-0,Nitrogen and phosphorus are deficient; potassium is adequate. NPK 20-20-0 targets N & P without excess K.,Apply 120–150 kg/ha at sowing. Supplement with 30 kg/ha urea at tillering stage.
Jute,Red,41,33,24,Ammonium Sulphate,21-0-0,Nitrogen is moderately low. Ammonium Sulphate provides N + sulphur — ideal for alkaline/sulphur-deficient soils.,Apply 100–150 kg/ha in two splits: at planting and 30–40 DAS.
Jute,Red,54,31,26,NPK 17-17-17,17-17-17,"All three nutrients (N, P, K) are below optimal. Balanced 17-17-17 corrects deficiencies uniformly.",Apply 150–200 kg/ha basal + 50–75 kg/ha top-dress at 30 & 60 DAS.
Jute,Red,37,22,31,Ammonium Sulphate,21-0-0,Nitrogen is moderately low. Ammonium Sulphate provides N + sulphur — ideal for alkaline/sulphur-deficient soils.,Apply 100–150 kg/ha in two splits: at planting and 30–40 DAS.
Jute,Red,35,18,9,NPK 17-17-17,17-17-17,"All three nutrients (N, P, K) are below optimal. Balanced 17-17-17 corrects deficiencies uniformly.",Apply 150–200 kg/ha basal + 50–75 kg/ha top-dress at 30 & 60 DAS.
Tobacco,Sandy,104,17,105,SSP (Single Super Phosphate),0-16-0,Severe phosphorus deficiency. SSP provides P with calcium and sulphur — ideal for legumes and oilseeds.,Apply 200–250 kg/ha as basal dose incorporated into soil before sowing.
Tobacco,Sandy,57,37,109,NPK 20-20-0,20-20-0,Nitrogen and phosphorus are deficient; potassium is adequate. NPK 20-20-0 targets N & P without excess K.,Apply 120–150 kg/ha at sowing. Supplement with 30 kg/ha urea at tillering stage.
Tobacco,Sandy,24,49,121,Urea,46-0-0,Nitrogen is severely deficient. Urea (46% N) rapidly restores soil nitrogen for vegetative growth.,Apply 100–120 kg/ha split: 50% at sowing + 50% at 30 DAS. Incorporate into moist soil.
Tobacco,Sandy,96,22,137,SSP (Single Super Phosphate),0-16-0,Severe phosphorus deficiency. SSP provides P with calcium and sulphur — ideal for legumes and oilseeds.,Apply 200–250 kg/ha as basal dose incorporated into soil before sowing.
Tobacco,Sandy,80,67,85,NPK 17-17-17,17-17-17,"All three nutrients (N, P, K) are below optimal. Balanced 17-17-17 corrects deficiencies uniformly.",Apply 150–200 kg/ha basal + 50–75 kg/ha top-dress at 30 & 60 DAS.
Tobacco,Sandy,69,69,137,Ammonium Sulphate,21-0-0,Nitrogen is moderately low. Ammonium Sulphate provides N + sulphur — ideal for alkaline/sulphur-deficient soils.,Apply 100–150 kg/ha in two splits: at planting and 30–40 DAS.
Tobacco,Sandy,60,29,73,NPK 10-26-26,10-26-26,Phosphorus and potassium are deficient; nitrogen is adequate. NPK 10-26-26 corrects P & K without excess N.,Apply 120–150 kg/ha as basal dose before planting. Ideal for fruiting crops.
Tobacco,Sandy,54,30,57,NPK 17-17-17,17-17-17,"All three nutrients (N, P, K) are below optimal. Balanced 17-17-17 corrects deficiencies uniformly.",Apply 150–200 kg/ha basal + 50–75 kg/ha top-dress at 30 & 60 DAS.
Tobacco,Sandy,99,16,109,SSP (Single Super Phosphate),0-16-0,Severe phosphorus deficiency. SSP provides P with calcium and sulphur — ideal for legumes and oilseeds.,Apply 200–250 kg/ha as basal dose incorporated into soil before sowing.
Tobacco,Sandy,34,33,31,NPK 17-17-17,17-17-17,"All three nutrients (N, P, K) are below optimal. Balanced 17-17-17 corrects deficiencies uniformly.",Apply 150–200 kg/ha basal + 50–75 kg/ha top-dress at 30 & 60 DAS.
Tobacco,Sandy,43,60,135,Urea,46-0-0,Nitrogen is severely deficient. Urea (46% N) rapidly restores soil nitrogen for vegetative growth.,Apply 100–120 kg/ha split: 50% at sowing + 50% at 30 DAS. Incorporate into moist soil.
Tobacco,Sandy,38,41,83,Urea,46-0-0,Nitrogen is severely deficient. Urea (46% N) rapidly restores soil nitrogen for vegetative growth.,Apply 100–120 kg/ha split: 50% at sowing + 50% at 30 DAS. Incorporate into moist soil.
Tobacco,Sandy,100,60,88,NPK 17-17-17,17-17-17,"All three nutrients (N, P, K) are below optimal. Balanced 17-17-17 corrects deficiencies uniformly.",Apply 150–200 kg/ha basal + 50–75 kg/ha top-dress at 30 & 60 DAS.
Tobacco,Sandy,81,65,25,MOP (Muriate of Potash),0-0-60,"Potassium is severely deficient. MOP (60% K) improves drought tolerance, disease resistance, and grain quality.",Apply 60–80 kg/ha: 50% basal at sowing + 50% at flowering. Avoid during dry spells.
Tobacco,Sandy,56,69,117,Ammonium Sulphate,21-0-0,Nitrogen is moderately low. Ammonium Sulphate provides N + sulphur — ideal for alkaline/sulphur-deficient soils.,Apply 100–150 kg/ha in two splits: at planting and 30–40 DAS.
Tobacco,Sandy,69,45,67,NPK 13-0-45,13-0-45,High potassium demand with adequate phosphorus. NPK 13-0-45 provides premium K and supplementary N for quality crops.,Apply 100–120 kg/ha: 40% basal + 60% at flowering/fruiting via fertigation.
Tobacco,Sandy,67,53,76,NPK 13-0-45,13-0-45,High potassium demand with adequate phosphorus. NPK 13-0-45 provides premium K and supplementary N for quality crops.,Apply 100–120 kg/ha: 40% basal + 60% at flowering/fruiting via fertigation.
Tobacco,Sandy,85,66,43,MOP (Muriate of Potash),0-0-60,"Potassium is severely deficient. MOP (60% K) improves drought tolerance, disease resistance, and grain quality.",Apply 60–80 kg/ha: 50% basal at sowing + 50% at flowering. Avoid during dry spells.
Tobacco,Sandy,60,37,110,DAP,18-46-0,Phosphorus is severely deficient. DAP delivers high P (46%) essential for root development and energy transfer.,"Apply 80–100 kg/ha as basal dose, 5–10 cm below seed level before planting."
Tobacco,Sandy,41,52,134,Urea,46-0-0,Nitrogen is severely deficient. Urea (46% N) rapidly restores soil nitrogen for vegetative growth.,Apply 100–120 kg/ha split: 50% at sowing + 50% at 30 DAS. Incorporate into moist soil.
Tobacco,Sandy,57,69,149,Ammonium Sulphate,21-0-0,Nitrogen is moderately low. Ammonium Sulphate provides N + sulphur — ideal for alkaline/sulphur-deficient soils.,Apply 100–150 kg/ha in two splits: at planting and 30–40 DAS.
Tobacco,Sandy,28,26,143,NPK 20-20-0,20-20-0,Nitrogen and phosphorus are deficient; potassium is adequate. NPK 20-20-0 targets N & P without excess K.,Apply 120–150 kg/ha at sowing. Supplement with 30 kg/ha urea at tillering stage.
Tobacco,Sandy,108,18,25,NPK 10-26-26,10-26-26,Phosphorus and potassium are deficient; nitrogen is adequate. NPK 10-26-26 corrects P & K without excess N.,Apply 120–150 kg/ha as basal dose before planting. Ideal for fruiting crops.
Tobacco,Sandy,33,74,46,NPK 13-0-45,13-0-45,High potassium demand with adequate phosphorus. NPK 13-0-45 provides premium K and supplementary N for quality crops.,Apply 100–120 kg/ha: 40% basal + 60% at flowering/fruiting via fertigation.
Tobacco,Sandy,65,65,26,MOP (Muriate of Potash),0-0-60,"Potassium is severely deficient. MOP (60% K) improves drought tolerance, disease resistance, and grain quality.",Apply 60–80 kg/ha: 50% basal at sowing + 50% at flowering. Avoid during dry spells.
Tobacco,Loamy,75,29,132,DAP,18-46-0,Phosphorus is severely deficient. DAP delivers high P (46%) essential for root development and energy transfer.,"Apply 80–100 kg/ha as basal dose, 5–10 cm below seed level before planting."
Tobacco,Loamy,44,55,108,Urea,46-0-0,Nitrogen is severely deficient. Urea (46% N) rapidly restores soil nitrogen for vegetative growth.,Apply 100–120 kg/ha split: 50% at sowing + 50% at 30 DAS. Incorporate into moist soil.
Tobacco,Loamy,38,14,75,NPK 17-17-17,17-17-17,"All three nutrients (N, P, K) are below optimal. Balanced 17-17-17 corrects deficiencies uniformly.",Apply 150–200 kg/ha basal + 50–75 kg/ha top-dress at 30 & 60 DAS.
Tobacco,Loamy,45,62,124,Ammonium Sulphate,21-0-0,Nitrogen is moderately low. Ammonium Sulphate provides N + sulphur — ideal for alkaline/sulphur-deficient soils.,Apply 100–150 kg/ha in two splits: at planting and 30–40 DAS.
Tobacco,Loamy,61,50,100,Ammonium Sulphate,21-0-0,Nitrogen is moderately low. Ammonium Sulphate provides N + sulphur — ideal for alkaline/sulphur-deficient soils.,Apply 100–150 kg/ha in two splits: at planting and 30–40 DAS.
Tobacco,Loamy,96,38,58,NPK 10-26-26,10-26-26,Phosphorus and potassium are deficient; nitrogen is adequate. NPK 10-26-26 corrects P & K without excess N.,Apply 120–150 kg/ha as basal dose before planting. Ideal for fruiting crops.
Tobacco,Loamy,43,45,80,Urea,46-0-0,Nitrogen is severely deficient. Urea (46% N) rapidly restores soil nitrogen for vegetative growth.,Apply 100–120 kg/ha split: 50% at sowing + 50% at 30 DAS. Incorporate into moist soil.
Tobacco,Loamy,59,17,114,SSP (Single Super Phosphate),0-16-0,Severe phosphorus deficiency. SSP provides P with calcium and sulphur — ideal for legumes and oilseeds.,Apply 200–250 kg/ha as basal dose incorporated into soil before sowing.
Tobacco,Loamy,38,24,76,NPK 17-17-17,17-17-17,"All three nutrients (N, P, K) are below optimal. Balanced 17-17-17 corrects deficiencies uniformly.",Apply 150–200 kg/ha basal + 50–75 kg/ha top-dress at 30 & 60 DAS.
Tobacco,Loamy,39,48,70,NPK 13-0-45,13-0-45,High potassium demand with adequate phosphorus. NPK 13-0-45 provides premium K and supplementary N for quality crops.,Apply 100–120 kg/ha: 40% basal + 60% at flowering/fruiting via fertigation.
Tobacco,Loamy,60,45,49,MOP (Muriate of Potash),0-0-60,"Potassium is severely deficient. MOP (60% K) improves drought tolerance, disease resistance, and grain quality.",Apply 60–80 kg/ha: 50% basal at sowing + 50% at flowering. Avoid during dry spells.
Tobacco,Loamy,32,67,78,Urea,46-0-0,Nitrogen is severely deficient. Urea (46% N) rapidly restores soil nitrogen for vegetative growth.,Apply 100–120 kg/ha split: 50% at sowing + 50% at 30 DAS. Incorporate into moist soil.
Tobacco,Loamy,56,14,86,NPK 20-20-0,20-20-0,Nitrogen and phosphorus are deficient; potassium is adequate. NPK 20-20-0 targets N & P without excess K.,Apply 120–150 kg/ha at sowing. Supplement with 30 kg/ha urea at tillering stage.
Tobacco,Loamy,70,47,113,NPK 17-17-17,17-17-17,"All three nutrients (N, P, K) are below optimal. Balanced 17-17-17 corrects deficiencies uniformly.",Apply 150–200 kg/ha basal + 50–75 kg/ha top-dress at 30 & 60 DAS.
Tobacco,Loamy,34,27,126,NPK 20-20-0,20-20-0,Nitrogen and phosphorus are deficient; potassium is adequate. NPK 20-20-0 targets N & P without excess K.,Apply 120–150 kg/ha at sowing. Supplement with 30 kg/ha urea at tillering stage.
Tobacco,Loamy,107,20,86,SSP (Single Super Phosphate),0-16-0,Severe phosphorus deficiency. SSP provides P with calcium and sulphur — ideal for legumes and oilseeds.,Apply 200–250 kg/ha as basal dose incorporated into soil before sowing.
Tobacco,Loamy,38,15,65,NPK 17-17-17,17-17-17,"All three nutrients (N, P, K) are below optimal. Balanced 17-17-17 corrects deficiencies uniformly.",Apply 150–200 kg/ha basal + 50–75 kg/ha top-dress at 30 & 60 DAS.
Tobacco,Loamy,31,56,91,Urea,46-0-0,Nitrogen is severely deficient. Urea (46% N) rapidly restores soil nitrogen for vegetative growth.,Apply 100–120 kg/ha split: 50% at sowing + 50% at 30 DAS. Incorporate into moist soil.
Tobacco,Loamy,31,12,125,NPK 20-20-0,20-20-0,Nitrogen and phosphorus are deficient; potassium is adequate. NPK 20-20-0 targets N & P without excess K.,Apply 120–150 kg/ha at sowing. Supplement with 30 kg/ha urea at tillering stage.
Tobacco,Loamy,34,50,66,NPK 13-0-45,13-0-45,High potassium demand with adequate phosphorus. NPK 13-0-45 provides premium K and supplementary N for quality crops.,Apply 100–120 kg/ha: 40% basal + 60% at flowering/fruiting via fertigation.
Tobacco,Loamy,73,31,34,NPK 10-26-26,10-26-26,Phosphorus and potassium are deficient; nitrogen is adequate. NPK 10-26-26 corrects P & K without excess N.,Apply 120–150 kg/ha as basal dose before planting. Ideal for fruiting crops.
Tobacco,Loamy,39,23,77,NPK 17-17-17,17-17-17,"All three nutrients (N, P, K) are below optimal. Balanced 17-17-17 corrects deficiencies uniformly.",Apply 150–200 kg/ha basal + 50–75 kg/ha top-dress at 30 & 60 DAS.
Tobacco,Loamy,80,28,25,NPK 10-26-26,10-26-26,Phosphorus and potassium are deficient; nitrogen is adequate. NPK 10-26-26 corrects P & K without excess N.,Apply 120–150 kg/ha as basal dose before planting. Ideal for fruiting crops.
Tobacco,Loamy,67,50,145,Ammonium Sulphate,21-0-0,Nitrogen is moderately low. Ammonium Sulphate provides N + sulphur — ideal for alkaline/sulphur-deficient soils.,Apply 100–150 kg/ha in two splits: at planting and 30–40 DAS.
Tobacco,Loamy,73,41,96,NPK 17-17-17,17-17-17,"All three nutrients (N, P, K) are below optimal. Balanced 17-17-17 corrects deficiencies uniformly.",Apply 150–200 kg/ha basal + 50–75 kg/ha top-dress at 30 & 60 DAS.
Tobacco,Clay,105,64,64,NPK 13-0-45,13-0-45,High potassium demand with adequate phosphorus. NPK 13-0-45 provides premium K and supplementary N for quality crops.,Apply 100–120 kg/ha: 40% basal + 60% at flowering/fruiting via fertigation.
Tobacco,Clay,40,28,87,NPK 20-20-0,20-20-0,Nitrogen and phosphorus are deficient; potassium is adequate. NPK 20-20-0 targets N & P without excess K.,Apply 120–150 kg/ha at sowing. Supplement with 30 kg/ha urea at tillering stage.
Tobacco,Clay,88,43,32,MOP (Muriate of Potash),0-0-60,"Potassium is severely deficient. MOP (60% K) improves drought tolerance, disease resistance, and grain quality.",Apply 60–80 kg/ha: 50% basal at sowing + 50% at flowering. Avoid during dry spells.
Tobacco,Clay,86,62,60,NPK 13-0-45,13-0-45,High potassium demand with adequate phosphorus. NPK 13-0-45 provides premium K and supplementary N for quality crops.,Apply 100–120 kg/ha: 40% basal + 60% at flowering/fruiting via fertigation.
Tobacco,Clay,80,38,136,DAP,18-46-0,Phosphorus is severely deficient. DAP delivers high P (46%) essential for root development and energy transfer.,"Apply 80–100 kg/ha as basal dose, 5–10 cm below seed level before planting."
Tobacco,Clay,97,45,111,NPK 17-17-17,17-17-17,"All three nutrients (N, P, K) are below optimal. Balanced 17-17-17 corrects deficiencies uniformly.",Apply 150–200 kg/ha basal + 50–75 kg/ha top-dress at 30 & 60 DAS.
Tobacco,Clay,101,43,63,NPK 13-0-45,13-0-45,High potassium demand with adequate phosphorus. NPK 13-0-45 provides premium K and supplementary N for quality crops.,Apply 100–120 kg/ha: 40% basal + 60% at flowering/fruiting via fertigation.
Tobacco,Clay,89,25,72,NPK 10-26-26,10-26-26,Phosphorus and potassium are deficient; nitrogen is adequate. NPK 10-26-26 corrects P & K without excess N.,Apply 120–150 kg/ha as basal dose before planting. Ideal for fruiting crops.
Tobacco,Clay,99,57,74,NPK 13-0-45,13-0-45,High potassium demand with adequate phosphorus. NPK 13-0-45 provides premium K and supplementary N for quality crops.,Apply 100–120 kg/ha: 40% basal + 60% at flowering/fruiting via fertigation.
Tobacco,Clay,38,34,59,NPK 17-17-17,17-17-17,"All three nutrients (N, P, K) are below optimal. Balanced 17-17-17 corrects deficiencies uniformly.",Apply 150–200 kg/ha basal + 50–75 kg/ha top-dress at 30 & 60 DAS.
Tobacco,Clay,34,58,55,NPK 13-0-45,13-0-45,High potassium demand with adequate phosphorus. NPK 13-0-45 provides premium K and supplementary N for quality crops.,Apply 100–120 kg/ha: 40% basal + 60% at flowering/fruiting via fertigation.
Tobacco,Clay,60,36,147,DAP,18-46-0,Phosphorus is severely deficient. DAP delivers high P (46%) essential for root development and energy transfer.,"Apply 80–100 kg/ha as basal dose, 5–10 cm below seed level before planting."
Tobacco,Clay,54,17,35,NPK 17-17-17,17-17-17,"All three nutrients (N, P, K) are below optimal. Balanced 17-17-17 corrects deficiencies uniformly.",Apply 150–200 kg/ha basal + 50–75 kg/ha top-dress at 30 & 60 DAS.
Tobacco,Clay,73,49,76,NPK 13-0-45,13-0-45,High potassium demand with adequate phosphorus. NPK 13-0-45 provides premium K and supplementary N for quality crops.,Apply 100–120 kg/ha: 40% basal + 60% at flowering/fruiting via fertigation.
Tobacco,Clay,58,15,89,NPK 20-20-0,20-20-0,Nitrogen and phosphorus are deficient; potassium is adequate. NPK 20-20-0 targets N & P without excess K.,Apply 120–150 kg/ha at sowing. Supplement with 30 kg/ha urea at tillering stage.
Tobacco,Clay,65,21,37,NPK 10-26-26,10-26-26,Phosphorus and potassium are deficient; nitrogen is adequate. NPK 10-26-26 corrects P & K without excess N.,Apply 120–150 kg/ha as basal dose before planting. Ideal for fruiting crops.
Tobacco,Clay,29,18,100,NPK 20-20-0,20-20-0,Nitrogen and phosphorus are deficient; potassium is adequate. NPK 20-20-0 targets N & P without excess K.,Apply 120–150 kg/ha at sowing. Supplement with 30 kg/ha urea at tillering stage.
Tobacco,Clay,36,27,45,NPK 17-17-17,17-17-17,"All three nutrients (N, P, K) are below optimal. Balanced 17-17-17 corrects deficiencies uniformly.",Apply 150–200 kg/ha basal + 50–75 kg/ha top-dress at 30 & 60 DAS.
Tobacco,Clay,108,65,53,MOP (Muriate of Potash),0-0-60,"Potassium is severely deficient. MOP (60% K) improves drought tolerance, disease resistance, and grain quality.",Apply 60–80 kg/ha: 50% basal at sowing + 50% at flowering. Avoid during dry spells.
Tobacco,Clay,48,25,85,NPK 20-20-0,20-20-0,Nitrogen and phosphorus are deficient; potassium is adequate. NPK 20-20-0 targets N & P without excess K.,Apply 120–150 kg/ha at sowing. Supplement with 30 kg/ha urea at tillering stage.
Tobacco,Clay,19,54,89,Urea,46-0-0,Nitrogen is severely deficient. Urea (46% N) rapidly restores soil nitrogen for vegetative growth.,Apply 100–120 kg/ha split: 50% at sowing + 50% at 30 DAS. Incorporate into moist soil.
Tobacco,Clay,102,22,125,SSP (Single Super Phosphate),0-16-0,Severe phosphorus deficiency. SSP provides P with calcium and sulphur — ideal for legumes and oilseeds.,Apply 200–250 kg/ha as basal dose incorporated into soil before sowing.
Tobacco,Clay,92,20,74,NPK 10-26-26,10-26-26,Phosphorus and potassium are deficient; nitrogen is adequate. NPK 10-26-26 corrects P & K without excess N.,Apply 120–150 kg/ha as basal dose before planting. Ideal for fruiting crops.
Tobacco,Clay,34,28,57,NPK 17-17-17,17-17-17,"All three nutrients (N, P, K) are below optimal. Balanced 17-17-17 corrects deficiencies uniformly.",Apply 150–200 kg/ha basal + 50–75 kg/ha top-dress at 30 & 60 DAS.
Tobacco,Clay,70,37,143,DAP,18-46-0,Phosphorus is severely deficient. DAP delivers high P (46%) essential for root development and energy transfer.,"Apply 80–100 kg/ha as basal dose, 5–10 cm below seed level before planting."
Tobacco,Silt,29,73,53,NPK 13-0-45,13-0-45,High potassium demand with adequate phosphorus. NPK 13-0-45 provides premium K and supplementary N for quality crops.,Apply 100–120 kg/ha: 40% basal + 60% at flowering/fruiting via fertigation.
Tobacco,Silt,91,33,42,NPK 10-26-26,10-26-26,Phosphorus and potassium are deficient; nitrogen is adequate. NPK 10-26-26 corrects P & K without excess N.,Apply 120–150 kg/ha as basal dose before planting. Ideal for fruiting crops.
Tobacco,Silt,99,31,107,DAP,18-46-0,Phosphorus is severely deficient. DAP delivers high P (46%) essential for root development and energy transfer.,"Apply 80–100 kg/ha as basal dose, 5–10 cm below seed level before planting."
Tobacco,Silt,71,41,86,NPK 13-0-45,13-0-45,High potassium demand with adequate phosphorus. NPK 13-0-45 provides premium K and supplementary N for quality crops.,Apply 100–120 kg/ha: 40% basal + 60% at flowering/fruiting via fertigation.
Tobacco,Silt,87,17,108,SSP (Single Super Phosphate),0-16-0,Severe phosphorus deficiency. SSP provides P with calcium and sulphur — ideal for legumes and oilseeds.,Apply 200–250 kg/ha as basal dose incorporated into soil before sowing.
Tobacco,Silt,102,15,41,NPK 10-26-26,10-26-26,Phosphorus and potassium are deficient; nitrogen is adequate. NPK 10-26-26 corrects P & K without excess N.,Apply 120–150 kg/ha as basal dose before planting. Ideal for fruiting crops.
Tobacco,Silt,85,39,74,NPK 13-0-45,13-0-45,High potassium demand with adequate phosphorus. NPK 13-0-45 provides premium K and supplementary N for quality crops.,Apply 100–120 kg/ha: 40% basal + 60% at flowering/fruiting via fertigation.
Tobacco,Silt,30,43,39,NPK 13-0-45,13-0-45,High potassium demand with adequate phosphorus. NPK 13-0-45 provides premium K and supplementary N for quality crops.,Apply 100–120 kg/ha: 40% basal + 60% at flowering/fruiting via fertigation.
Tobacco,Silt,63,60,56,NPK 13-0-45,13-0-45,High potassium demand with adequate phosphorus. NPK 13-0-45 provides premium K and supplementary N for quality crops.,Apply 100–120 kg/ha: 40% basal + 60% at flowering/fruiting via fertigation.
Tobacco,Silt,63,74,110,Ammonium Sulphate,21-0-0,Nitrogen is moderately low. Ammonium Sulphate provides N + sulphur — ideal for alkaline/sulphur-deficient soils.,Apply 100–150 kg/ha in two splits: at planting and 30–40 DAS.
Tobacco,Silt,97,38,120,DAP,18-46-0,Phosphorus is severely deficient. DAP delivers high P (46%) essential for root development and energy transfer.,"Apply 80–100 kg/ha as basal dose, 5–10 cm below seed level before planting."
Tobacco,Silt,21,19,49,NPK 17-17-17,17-17-17,"All three nutrients (N, P, K) are below optimal. Balanced 17-17-17 corrects deficiencies uniformly.",Apply 150–200 kg/ha basal + 50–75 kg/ha top-dress at 30 & 60 DAS.
Tobacco,Silt,55,65,67,NPK 13-0-45,13-0-45,High potassium demand with adequate phosphorus. NPK 13-0-45 provides premium K and supplementary N for quality crops.,Apply 100–120 kg/ha: 40% basal + 60% at flowering/fruiting via fertigation.
Tobacco,Silt,79,56,97,NPK 17-17-17,17-17-17,"All three nutrients (N, P, K) are below optimal. Balanced 17-17-17 corrects deficiencies uniformly.",Apply 150–200 kg/ha basal + 50–75 kg/ha top-dress at 30 & 60 DAS.
Tobacco,Silt,51,48,67,NPK 13-0-45,13-0-45,High potassium demand with adequate phosphorus. NPK 13-0-45 provides premium K and supplementary N for quality crops.,Apply 100–120 kg/ha: 40% basal + 60% at flowering/fruiting via fertigation.
Tobacco,Silt,25,74,40,NPK 13-0-45,13-0-45,High potassium demand with adequate phosphorus. NPK 13-0-45 provides premium K and supplementary N for quality crops.,Apply 100–120 kg/ha: 40% basal + 60% at flowering/fruiting via fertigation.
Tobacco,Silt,24,67,62,NPK 13-0-45,13-0-45,High potassium demand with adequate phosphorus. NPK 13-0-45 provides premium K and supplementary N for quality crops.,Apply 100–120 kg/ha: 40% basal + 60% at flowering/fruiting via fertigation.
Tobacco,Silt,79,32,73,NPK 10-26-26,10-26-26,Phosphorus and potassium are deficient; nitrogen is adequate. NPK 10-26-26 corrects P & K without excess N.,Apply 120–150 kg/ha as basal dose before planting. Ideal for fruiting crops.
Tobacco,Silt,42,33,75,NPK 17-17-17,17-17-17,"All three nutrients (N, P, K) are below optimal. Balanced 17-17-17 corrects deficiencies uniformly.",Apply 150–200 kg/ha basal + 50–75 kg/ha top-dress at 30 & 60 DAS.
Tobacco,Silt,86,44,142,NPK 17-17-17,17-17-17,"All three nutrients (N, P, K) are below optimal. Balanced 17-17-17 corrects deficiencies uniformly.",Apply 150–200 kg/ha basal + 50–75 kg/ha top-dress at 30 & 60 DAS.
Tobacco,Silt,21,43,97,Urea,46-0-0,Nitrogen is severely deficient. Urea (46% N) rapidly restores soil nitrogen for vegetative growth.,Apply 100–120 kg/ha split: 50% at sowing + 50% at 30 DAS. Incorporate into moist soil.
Tobacco,Silt,104,15,96,SSP (Single Super Phosphate),0-16-0,Severe phosphorus deficiency. SSP provides P with calcium and sulphur — ideal for legumes and oilseeds.,Apply 200–250 kg/ha as basal dose incorporated into soil before sowing.
Tobacco,Silt,98,27,134,DAP,18-46-0,Phosphorus is severely deficient. DAP delivers high P (46%) essential for root development and energy transfer.,"Apply 80–100 kg/ha as basal dose, 5–10 cm below seed level before planting."
Tobacco,Silt,19,58,141,Urea,46-0-0,Nitrogen is severely deficient. Urea (46% N) rapidly restores soil nitrogen for vegetative growth.,Apply 100–120 kg/ha split: 50% at sowing + 50% at 30 DAS. Incorporate into moist soil.
Tobacco,Silt,80,39,29,MOP (Muriate of Potash),0-0-60,"Potassium is severely deficient. MOP (60% K) improves drought tolerance, disease resistance, and grain quality.",Apply 60–80 kg/ha: 50% basal at sowing + 50% at flowering. Avoid during dry spells.
Tobacco,Black,104,41,27,MOP (Muriate of Potash),0-0-60,"Potassium is severely deficient. MOP (60% K) improves drought tolerance, disease resistance, and grain quality.",Apply 60–80 kg/ha: 50% basal at sowing + 50% at flowering. Avoid during dry spells.
Tobacco,Black,83,42,39,MOP (Muriate of Potash),0-0-60,"Potassium is severely deficient. MOP (60% K) improves drought tolerance, disease resistance, and grain quality.",Apply 60–80 kg/ha: 50% basal at sowing + 50% at flowering. Avoid during dry spells.
Tobacco,Black,38,16,96,NPK 20-20-0,20-20-0,Nitrogen and phosphorus are deficient; potassium is adequate. NPK 20-20-0 targets N & P without excess K.,Apply 120–150 kg/ha at sowing. Supplement with 30 kg/ha urea at tillering stage.
Tobacco,Black,76,43,126,NPK 17-17-17,17-17-17,"All three nutrients (N, P, K) are below optimal. Balanced 17-17-17 corrects deficiencies uniformly.",Apply 150–200 kg/ha basal + 50–75 kg/ha top-dress at 30 & 60 DAS.
Tobacco,Black,99,50,25,MOP (Muriate of Potash),0-0-60,"Potassium is severely deficient. MOP (60% K) improves drought tolerance, disease resistance, and grain quality.",Apply 60–80 kg/ha: 50% basal at sowing + 50% at flowering. Avoid during dry spells.
Tobacco,Black,83,38,95,DAP,18-46-0,Phosphorus is severely deficient. DAP delivers high P (46%) essential for root development and energy transfer.,"Apply 80–100 kg/ha as basal dose, 5–10 cm below seed level before planting."
Tobacco,Black,79,34,139,DAP,18-46-0,Phosphorus is severely deficient. DAP delivers high P (46%) essential for root development and energy transfer.,"Apply 80–100 kg/ha as basal dose, 5–10 cm below seed level before planting."
Tobacco,Black,30,54,24,NPK 13-0-45,13-0-45,High potassium demand with adequate phosphorus. NPK 13-0-45 provides premium K and supplementary N for quality crops.,Apply 100–120 kg/ha: 40% basal + 60% at flowering/fruiting via fertigation.
Tobacco,Black,105,19,35,NPK 10-26-26,10-26-26,Phosphorus and potassium are deficient; nitrogen is adequate. NPK 10-26-26 corrects P & K without excess N.,Apply 120–150 kg/ha as basal dose before planting. Ideal for fruiting crops.
Tobacco,Black,49,35,51,NPK 17-17-17,17-17-17,"All three nutrients (N, P, K) are below optimal. Balanced 17-17-17 corrects deficiencies uniformly.",Apply 150–200 kg/ha basal + 50–75 kg/ha top-dress at 30 & 60 DAS.
Tobacco,Black,73,39,28,MOP (Muriate of Potash),0-0-60,"Potassium is severely deficient. MOP (60% K) improves drought tolerance, disease resistance, and grain quality.",Apply 60–80 kg/ha: 50% basal at sowing + 50% at flowering. Avoid during dry spells.
Tobacco,Black,48,63,110,Ammonium Sulphate,21-0-0,Nitrogen is moderately low. Ammonium Sulphate provides N + sulphur — ideal for alkaline/sulphur-deficient soils.,Apply 100–150 kg/ha in two splits: at planting and 30–40 DAS.
Tobacco,Black,86,55,63,NPK 13-0-45,13-0-45,High potassium demand with adequate phosphorus. NPK 13-0-45 provides premium K and supplementary N for quality crops.,Apply 100–120 kg/ha: 40% basal + 60% at flowering/fruiting via fertigation.
Tobacco,Black,27,29,128,NPK 20-20-0,20-20-0,Nitrogen and phosphorus are deficient; potassium is adequate. NPK 20-20-0 targets N & P without excess K.,Apply 120–150 kg/ha at sowing. Supplement with 30 kg/ha urea at tillering stage.
Tobacco,Black,110,43,25,MOP (Muriate of Potash),0-0-60,"Potassium is severely deficient. MOP (60% K) improves drought tolerance, disease resistance, and grain quality.",Apply 60–80 kg/ha: 50% basal at sowing + 50% at flowering. Avoid during dry spells.
Tobacco,Black,31,32,96,NPK 20-20-0,20-20-0,Nitrogen and phosphorus are deficient; potassium is adequate. NPK 20-20-0 targets N & P without excess K.,Apply 120–150 kg/ha at sowing. Supplement with 30 kg/ha urea at tillering stage.
Tobacco,Black,25,71,70,NPK 13-0-45,13-0-45,High potassium demand with adequate phosphorus. NPK 13-0-45 provides premium K and supplementary N for quality crops.,Apply 100–120 kg/ha: 40% basal + 60% at flowering/fruiting via fertigation.
Tobacco,Black,104,61,119,NPK 17-17-17,17-17-17,"All three nutrients (N, P, K) are below optimal. Balanced 17-17-17 corrects deficiencies uniformly.",Apply 150–200 kg/ha basal + 50–75 kg/ha top-dress at 30 & 60 DAS.
Tobacco,Black,75,51,104,NPK 17-17-17,17-17-17,"All three nutrients (N, P, K) are below optimal. Balanced 17-17-17 corrects deficiencies uniformly.",Apply 150–200 kg/ha basal + 50–75 kg/ha top-dress at 30 & 60 DAS.
Tobacco,Black,77,46,148,NPK 17-17-17,17-17-17,"All three nutrients (N, P, K) are below optimal. Balanced 17-17-17 corrects deficiencies uniformly.",Apply 150–200 kg/ha basal + 50–75 kg/ha top-dress at 30 & 60 DAS.
Tobacco,Black,87,60,133,NPK 17-17-17,17-17-17,"All three nutrients (N, P, K) are below optimal. Balanced 17-17-17 corrects deficiencies uniformly.",Apply 150–200 kg/ha basal + 50–75 kg/ha top-dress at 30 & 60 DAS.
Tobacco,Black,38,17,84,NPK 20-20-0,20-20-0,Nitrogen and phosphorus are deficient; potassium is adequate. NPK 20-20-0 targets N & P without excess K.,Apply 120–150 kg/ha at sowing. Supplement with 30 kg/ha urea at tillering stage.
Tobacco,Black,66,64,79,NPK 13-0-45,13-0-45,High potassium demand with adequate phosphorus. NPK 13-0-45 provides premium K and supplementary N for quality crops.,Apply 100–120 kg/ha: 40% basal + 60% at flowering/fruiting via fertigation.
Tobacco,Black,71,45,28,MOP (Muriate of Potash),0-0-60,"Potassium is severely deficient. MOP (60% K) improves drought tolerance, disease resistance, and grain quality.",Apply 60–80 kg/ha: 50% basal at sowing + 50% at flowering. Avoid during dry spells.
Tobacco,Black,76,64,43,MOP (Muriate of Potash),0-0-60,"Potassium is severely deficient. MOP (60% K) improves drought tolerance, disease resistance, and grain quality.",Apply 60–80 kg/ha: 50% basal at sowing + 50% at flowering. Avoid during dry spells.
Tobacco,Red,74,49,44,MOP (Muriate of Potash),0-0-60,"Potassium is severely deficient. MOP (60% K) improves drought tolerance, disease resistance, and grain quality.",Apply 60–80 kg/ha: 50% basal at sowing + 50% at flowering. Avoid during dry spells.
Tobacco,Red,29,73,73,NPK 13-0-45,13-0-45,High potassium demand with adequate phosphorus. NPK 13-0-45 provides premium K and supplementary N for quality crops.,Apply 100–120 kg/ha: 40% basal + 60% at flowering/fruiting via fertigation.
Tobacco,Red,39,22,108,NPK 20-20-0,20-20-0,Nitrogen and phosphorus are deficient; potassium is adequate. NPK 20-20-0 targets N & P without excess K.,Apply 120–150 kg/ha at sowing. Supplement with 30 kg/ha urea at tillering stage.
Tobacco,Red,75,52,35,MOP (Muriate of Potash),0-0-60,"Potassium is severely deficient. MOP (60% K) improves drought tolerance, disease resistance, and grain quality.",Apply 60–80 kg/ha: 50% basal at sowing + 50% at flowering. Avoid during dry spells.
Tobacco,Red,102,36,63,NPK 10-26-26,10-26-26,Phosphorus and potassium are deficient; nitrogen is adequate. NPK 10-26-26 corrects P & K without excess N.,Apply 120–150 kg/ha as basal dose before planting. Ideal for fruiting crops.
Tobacco,Red,61,36,132,DAP,18-46-0,Phosphorus is severely deficient. DAP delivers high P (46%) essential for root development and energy transfer.,"Apply 80–100 kg/ha as basal dose, 5–10 cm below seed level before planting."
Tobacco,Red,105,31,132,DAP,18-46-0,Phosphorus is severely deficient. DAP delivers high P (46%) essential for root development and energy transfer.,"Apply 80–100 kg/ha as basal dose, 5–10 cm below seed level before planting."
Tobacco,Red,91,70,54,NPK 13-0-45,13-0-45,High potassium demand with adequate phosphorus. NPK 13-0-45 provides premium K and supplementary N for quality crops.,Apply 100–120 kg/ha: 40% basal + 60% at flowering/fruiting via fertigation.
Tobacco,Red,72,29,127,DAP,18-46-0,Phosphorus is severely deficient. DAP delivers high P (46%) essential for root development and energy transfer.,"Apply 80–100 kg/ha as basal dose, 5–10 cm below seed level before planting."
Tobacco,Red,18,47,66,NPK 13-0-45,13-0-45,High potassium demand with adequate phosphorus. NPK 13-0-45 provides premium K and supplementary N for quality crops.,Apply 100–120 kg/ha: 40% basal + 60% at flowering/fruiting via fertigation.
Tobacco,Red,48,52,131,Ammonium Sulphate,21-0-0,Nitrogen is moderately low. Ammonium Sulphate provides N + sulphur — ideal for alkaline/sulphur-deficient soils.,Apply 100–150 kg/ha in two splits: at planting and 30–40 DAS.
Tobacco,Red,75,65,57,NPK 13-0-45,13-0-45,High potassium demand with adequate phosphorus. NPK 13-0-45 provides premium K and supplementary N for quality crops.,Apply 100–120 kg/ha: 40% basal + 60% at flowering/fruiting via fertigation.
Tobacco,Red,67,40,25,MOP (Muriate of Potash),0-0-60,"Potassium is severely deficient. MOP (60% K) improves drought tolerance, disease resistance, and grain quality.",Apply 60–80 kg/ha: 50% basal at sowing + 50% at flowering. Avoid during dry spells.
Tobacco,Red,70,53,98,Ammonium Sulphate,21-0-0,Nitrogen is moderately low. Ammonium Sulphate provides N + sulphur — ideal for alkaline/sulphur-deficient soils.,Apply 100–150 kg/ha in two splits: at planting and 30–40 DAS.
Tobacco,Red,87,47,32,MOP (Muriate of Potash),0-0-60,"Potassium is severely deficient. MOP (60% K) improves drought tolerance, disease resistance, and grain quality.",Apply 60–80 kg/ha: 50% basal at sowing + 50% at flowering. Avoid during dry spells.
Tobacco,Red,29,49,58,NPK 13-0-45,13-0-45,High potassium demand with adequate phosphorus. NPK 13-0-45 provides premium K and supplementary N for quality crops.,Apply 100–120 kg/ha: 40% basal + 60% at flowering/fruiting via fertigation.
Tobacco,Red,25,39,93,Urea,46-0-0,Nitrogen is severely deficient. Urea (46% N) rapidly restores soil nitrogen for vegetative growth.,Apply 100–120 kg/ha split: 50% at sowing + 50% at 30 DAS. Incorporate into moist soil.
Tobacco,Red,49,57,105,Ammonium Sulphate,21-0-0,Nitrogen is moderately low. Ammonium Sulphate provides N + sulphur — ideal for alkaline/sulphur-deficient soils.,Apply 100–150 kg/ha in two splits: at planting and 30–40 DAS.
Tobacco,Red,49,59,105,Ammonium Sulphate,21-0-0,Nitrogen is moderately low. Ammonium Sulphate provides N + sulphur — ideal for alkaline/sulphur-deficient soils.,Apply 100–150 kg/ha in two splits: at planting and 30–40 DAS.
Tobacco,Red,78,46,25,MOP (Muriate of Potash),0-0-60,"Potassium is severely deficient. MOP (60% K) improves drought tolerance, disease resistance, and grain quality.",Apply 60–80 kg/ha: 50% basal at sowing + 50% at flowering. Avoid during dry spells.
Tobacco,Red,83,35,142,DAP,18-46-0,Phosphorus is severely deficient. DAP delivers high P (46%) essential for root development and energy transfer.,"Apply 80–100 kg/ha as basal dose, 5–10 cm below seed level before planting."
Tobacco,Red,95,49,55,NPK 13-0-45,13-0-45,High potassium demand with adequate phosphorus. NPK 13-0-45 provides premium K and supplementary N for quality crops.,Apply 100–120 kg/ha: 40% basal + 60% at flowering/fruiting via fertigation.
Tobacco,Red,37,33,84,NPK 20-20-0,20-20-0,Nitrogen and phosphorus are deficient; potassium is adequate. NPK 20-20-0 targets N & P without excess K.,Apply 120–150 kg/ha at sowing. Supplement with 30 kg/ha urea at tillering stage.
Tobacco,Red,45,44,44,NPK 13-0-45,13-0-45,High potassium demand with adequate phosphorus. NPK 13-0-45 provides premium K and supplementary N for quality crops.,Apply 100–120 kg/ha: 40% basal + 60% at flowering/fruiting via fertigation.
Tobacco,Red,110,18,141,SSP (Single Super Phosphate),0-16-0,Severe phosphorus deficiency. SSP provides P with calcium and sulphur — ideal for legumes and oilseeds.,Apply 200–250 kg/ha as basal dose incorporated into soil before sowing.
